hour_index,time,requested_fraction_of_recent_resources,k,older_candidates,recent_resources,recent_labels,R6_0,Q6_recent_degree,Q6_older_degree,Q6_uniform_median,Q6_uniform_p05,Q6_uniform_p95,Q6_older_ties_p05,Q6_older_ties_median,Q6_older_ties_p95,Q6_recent_ties_p05,Q6_recent_ties_p95,recent_resources_selected_by_older_degree,recent_resource_coverage_older_degree,recent_resource_coverage_recent_degree,recent_resource_coverage_uniform_median,recent_resource_coverage_older_ties_p05,recent_resource_coverage_older_ties_p95,fraction_older_degree_actions_outside_recent
8,2026-06-16 08:00:00+00:00,0.1,1,5,5,7,0.7142857142857143,0.8,0.8,0.8,0.6,1.0,0.6,0.8,1.0,0.6,1.0,1,0.2,0.2,0.2,0.2,0.2,0.0
8,2026-06-16 08:00:00+00:00,0.25,2,5,5,7,0.7142857142857143,0.6,0.6,0.6,0.4,0.8,0.4,0.6,0.8,0.4,0.8,2,0.4,0.4,0.4,0.4,0.4,0.0
8,2026-06-16 08:00:00+00:00,0.5,3,5,5,7,0.7142857142857143,0.6,0.6,0.4,0.4,0.6,0.4,0.4,0.6,0.4,0.6,3,0.6,0.6,0.6,0.6,0.6,0.0
8,2026-06-16 08:00:00+00:00,1.0,5,5,5,7,0.7142857142857143,0.2,0.2,0.2,0.2,0.2,0.2,0.2,0.2,0.2,0.2,5,1.0,1.0,1.0,1.0,1.0,0.0
9,2026-06-16 09:00:00+00:00,0.1,1,10,10,18,0.5555555555555556,1.0,1.0,1.0,0.5,1.0,0.5,0.5,1.0,0.5,1.0,1,0.1,0.1,0.1,0.1,0.1,0.0
9,2026-06-16 09:00:00+00:00,0.25,3,10,10,18,0.5555555555555556,0.5,0.5,0.8,0.4,1.0,0.4,0.5,0.5,0.4,0.5,3,0.3,0.3,0.3,0.3,0.3,0.0
9,2026-06-16 09:00:00+00:00,0.5,5,10,10,18,0.5555555555555556,0.5,0.5,0.5,0.3,0.9,0.3,0.3,0.5,0.3,0.5,5,0.5,0.5,0.5,0.5,0.5,0.0
9,2026-06-16 09:00:00+00:00,1.0,10,10,10,18,0.5555555555555556,0.1,0.1,0.1,0.1,0.1,0.1,0.1,0.1,0.1,0.1,10,1.0,1.0,1.0,1.0,1.0,0.0
10,2026-06-16 10:00:00+00:00,0.1,3,29,29,45,0.6888888888888889,0.6451612903225806,0.6451612903225806,1.0,0.7096774193548387,1.0,0.6451612903225806,0.7741935483870968,0.7741935483870968,0.6451612903225806,0.7741935483870968,3,0.10344827586206896,0.10344827586206896,0.10344827586206896,0.10344827586206896,0.10344827586206896,0.0
10,2026-06-16 10:00:00+00:00,0.25,8,29,29,45,0.6888888888888889,0.3225806451612903,0.3225806451612903,0.7096774193548387,0.45161290322580644,1.0,0.3225806451612903,0.3225806451612903,0.3225806451612903,0.3225806451612903,0.3225806451612903,8,0.27586206896551724,0.27586206896551724,0.27586206896551724,0.27586206896551724,0.27586206896551724,0.0
10,2026-06-16 10:00:00+00:00,0.5,15,29,29,45,0.6888888888888889,0.16129032258064516,0.16129032258064516,0.45161290322580644,0.25806451612903225,0.7435483870967727,0.12903225806451613,0.16129032258064516,0.1935483870967742,0.12903225806451613,0.1935483870967742,15,0.5172413793103449,0.5172413793103449,0.5172413793103449,0.5172413793103449,0.5172413793103449,0.0
10,2026-06-16 10:00:00+00:00,1.0,29,29,29,45,0.6888888888888889,0.03225806451612903,0.03225806451612903,0.03225806451612903,0.03225806451612903,0.03225806451612903,0.03225806451612903,0.03225806451612903,0.03225806451612903,0.03225806451612903,0.03225806451612903,29,1.0,1.0,1.0,1.0,1.0,0.0
11,2026-06-16 11:00:00+00:00,0.1,4,40,40,58,0.6896551724137931,0.725,0.725,0.975,0.75,1.0,0.725,0.725,0.725,0.725,0.725,4,0.1,0.1,0.1,0.1,0.1,0.0
11,2026-06-16 11:00:00+00:00,0.25,10,40,40,58,0.6896551724137931,0.575,0.575,0.95,0.675,1.0,0.575,0.575,0.575,0.575,0.575,10,0.25,0.25,0.25,0.25,0.25,0.0
11,2026-06-16 11:00:00+00:00,0.5,20,40,40,58,0.6896551724137931,0.15,0.15,0.675,0.425,0.925,0.15,0.15,0.15,0.15,0.15,20,0.5,0.5,0.5,0.5,0.5,0.0
11,2026-06-16 11:00:00+00:00,1.0,40,40,40,58,0.6896551724137931,0.025,0.025,0.025,0.025,0.025,0.025,0.025,0.025,0.025,0.025,40,1.0,1.0,1.0,1.0,1.0,0.0
12,2026-06-16 12:00:00+00:00,0.1,5,43,43,61,0.6557377049180327,0.725,0.725,0.975,0.725,1.0,0.725,0.725,0.725,0.725,0.725,5,0.11627906976744186,0.11627906976744186,0.11627906976744186,0.11627906976744186,0.11627906976744186,0.0
12,2026-06-16 12:00:00+00:00,0.25,11,43,43,61,0.6557377049180327,0.55,0.55,0.925,0.675,1.0,0.55,0.625,0.7,0.55,0.7,11,0.2558139534883721,0.2558139534883721,0.2558139534883721,0.2558139534883721,0.2558139534883721,0.0
12,2026-06-16 12:00:00+00:00,0.5,22,43,43,61,0.6557377049180327,0.15,0.15,0.675,0.45,0.925,0.15,0.15,0.15,0.15,0.15,22,0.5116279069767442,0.5116279069767442,0.5116279069767442,0.5116279069767442,0.5116279069767442,0.0
12,2026-06-16 12:00:00+00:00,1.0,43,43,43,61,0.6557377049180327,0.025,0.025,0.025,0.025,0.025,0.025,0.025,0.025,0.025,0.025,43,1.0,1.0,1.0,1.0,1.0,0.0
13,2026-06-16 13:00:00+00:00,0.1,5,49,49,67,0.6417910447761194,0.7209302325581395,0.7209302325581395,0.9767441860465116,0.7674418604651163,1.0,0.7209302325581395,0.7209302325581395,0.7209302325581395,0.7209302325581395,0.7209302325581395,5,0.10204081632653061,0.10204081632653061,0.10204081632653061,0.10204081632653061,0.10204081632653061,0.0
13,2026-06-16 13:00:00+00:00,0.25,13,49,49,67,0.6417910447761194,0.4883720930232558,0.4883720930232558,0.9302325581395349,0.6744186046511628,1.0,0.37209302325581395,0.4418604651162791,0.5581395348837209,0.37209302325581395,0.5581395348837209,13,0.2653061224489796,0.2653061224489796,0.2653061224489796,0.2653061224489796,0.2653061224489796,0.0
13,2026-06-16 13:00:00+00:00,0.5,25,49,49,67,0.6417910447761194,0.16279069767441862,0.16279069767441862,0.6744186046511628,0.3953488372093023,0.9069767441860465,0.13953488372093023,0.18604651162790697,0.18604651162790697,0.13953488372093023,0.18604651162790697,25,0.5102040816326531,0.5102040816326531,0.5102040816326531,0.5102040816326531,0.5102040816326531,0.0
13,2026-06-16 13:00:00+00:00,1.0,49,49,49,67,0.6417910447761194,0.023255813953488372,0.023255813953488372,0.023255813953488372,0.023255813953488372,0.023255813953488372,0.023255813953488372,0.023255813953488372,0.023255813953488372,0.023255813953488372,0.023255813953488372,49,1.0,1.0,1.0,1.0,1.0,0.0
14,2026-06-16 14:00:00+00:00,0.1,5,49,41,58,0.8448275862068966,0.7551020408163265,0.7551020408163265,0.9795918367346939,0.7346938775510204,1.0,0.4897959183673469,0.5102040816326531,0.7551020408163265,0.7551020408163265,0.7551020408163265,5,0.12195121951219512,0.12195121951219512,0.0975609756097561,0.12195121951219512,0.12195121951219512,0.0
14,2026-06-16 14:00:00+00:00,0.25,11,49,41,58,0.8448275862068966,0.20408163265306123,0.20408163265306123,0.8163265306122449,0.5510204081632653,1.0,0.20408163265306123,0.24489795918367346,0.3673469387755102,0.20408163265306123,0.2653061224489796,11,0.2682926829268293,0.2682926829268293,0.21951219512195122,0.2682926829268293,0.2682926829268293,0.0
14,2026-06-16 14:00:00+00:00,0.5,21,49,41,58,0.8448275862068966,0.16326530612244897,0.16326530612244897,0.6122448979591837,0.3469387755102041,0.9183673469387755,0.16326530612244897,0.16326530612244897,0.16326530612244897,0.16326530612244897,0.16326530612244897,20,0.4878048780487805,0.5121951219512195,0.4146341463414634,0.4878048780487805,0.5121951219512195,0.04761904761904767
14,2026-06-16 14:00:00+00:00,1.0,41,49,41,58,0.8448275862068966,0.02040816326530612,0.08163265306122448,0.20408163265306123,0.08163265306122448,0.40918367346938683,0.04081632653061224,0.061224489795918366,0.10204081632653061,0.02040816326530612,0.02040816326530612,33,0.8048780487804879,1.0,0.8292682926829268,0.8292682926829268,0.9024390243902439,0.19512195121951215
15,2026-06-16 15:00:00+00:00,0.1,4,50,34,49,0.9387755102040817,0.7608695652173914,0.717391304347826,0.9782608695652174,0.7391304347826086,1.0,0.45652173913043476,0.6956521739130435,0.717391304347826,0.7608695652173914,0.7608695652173914,4,0.11764705882352941,0.11764705882352941,0.08823529411764706,0.11764705882352941,0.11764705882352941,0.0
15,2026-06-16 15:00:00+00:00,0.25,9,50,34,49,0.9387755102040817,0.2608695652173913,0.2608695652173913,0.8913043478260869,0.6086956521739131,1.0,0.2608695652173913,0.2608695652173913,0.2608695652173913,0.2608695652173913,0.2608695652173913,9,0.2647058823529412,0.2647058823529412,0.17647058823529413,0.2647058823529412,0.2647058823529412,0.0
15,2026-06-16 15:00:00+00:00,0.5,17,50,34,49,0.9387755102040817,0.17391304347826086,0.17391304347826086,0.6956521739130435,0.4119565217391305,0.9347826086956522,0.17391304347826086,0.21739130434782608,0.21739130434782608,0.17391304347826086,0.17391304347826086,16,0.47058823529411764,0.5,0.35294117647058826,0.47058823529411764,0.47058823529411764,0.05882352941176472
15,2026-06-16 15:00:00+00:00,1.0,34,50,34,49,0.9387755102040817,0.021739130434782608,0.15217391304347827,0.32608695652173914,0.17391304347826086,0.5652173913043478,0.06521739130434782,0.08695652173913043,0.15217391304347827,0.021739130434782608,0.021739130434782608,23,0.6764705882352942,1.0,0.6764705882352942,0.7058823529411765,0.8235294117647058,0.32352941176470584
16,2026-06-16 16:00:00+00:00,0.1,3,50,24,34,0.38235294117647056,1.0,0.8461538461538461,1.0,1.0,1.0,0.8461538461538461,0.8461538461538461,0.8461538461538461,1.0,1.0,3,0.125,0.125,0.041666666666666664,0.125,0.125,0.0
16,2026-06-16 16:00:00+00:00,0.25,6,50,24,34,0.38235294117647056,0.9230769230769231,0.6923076923076923,1.0,0.9230769230769231,1.0,0.6923076923076923,0.6923076923076923,0.6923076923076923,0.9230769230769231,1.0,6,0.25,0.25,0.125,0.25,0.25,0.0
16,2026-06-16 16:00:00+00:00,0.5,12,50,24,34,0.38235294117647056,0.8461538461538461,0.6153846153846154,1.0,0.6923076923076923,1.0,0.6153846153846154,0.6153846153846154,0.6923076923076923,0.6153846153846154,0.9230769230769231,11,0.4583333333333333,0.5,0.25,0.4166666666666667,0.5,0.08333333333333337
16,2026-06-16 16:00:00+00:00,1.0,24,50,24,34,0.38235294117647056,0.07692307692307693,0.5384615384615384,0.8461538461538461,0.5384615384615384,1.0,0.5384615384615384,0.5384615384615384,0.5384615384615384,0.07692307692307693,0.07692307692307693,17,0.7083333333333334,1.0,0.5,0.7083333333333334,0.7083333333333334,0.29166666666666663
17,2026-06-16 17:00:00+00:00,0.1,2,50,15,23,0.5652173913043478,1.0,1.0,1.0,0.8461538461538461,1.0,0.8461538461538461,1.0,1.0,1.0,1.0,0,0.0,0.13333333333333333,0.0,0.0,0.06666666666666667,1.0
17,2026-06-16 17:00:00+00:00,0.25,4,50,15,23,0.5652173913043478,0.8461538461538461,0.8461538461538461,1.0,0.6923076923076923,1.0,0.6923076923076923,0.8461538461538461,0.8461538461538461,0.8461538461538461,0.9230769230769231,2,0.13333333333333333,0.26666666666666666,0.06666666666666667,0.06666666666666667,0.13333333333333333,0.5
17,2026-06-16 17:00:00+00:00,0.5,8,50,15,23,0.5652173913043478,0.38461538461538464,0.6923076923076923,0.9230769230769231,0.6923076923076923,1.0,0.6923076923076923,0.6923076923076923,0.6923076923076923,0.3076923076923077,0.5384615384615384,4,0.26666666666666666,0.5333333333333333,0.13333333333333333,0.26666666666666666,0.3333333333333333,0.5
17,2026-06-16 17:00:00+00:00,1.0,15,50,15,23,0.5652173913043478,0.07692307692307693,0.5384615384615384,0.8461538461538461,0.46153846153846156,1.0,0.5384615384615384,0.6153846153846154,0.6153846153846154,0.07692307692307693,0.07692307692307693,7,0.4666666666666667,1.0,0.3333333333333333,0.4,0.4666666666666667,0.5333333333333333
18,2026-06-16 18:00:00+00:00,0.1,1,51,10,12,0.6666666666666666,1.0,1.0,1.0,0.875,1.0,1.0,1.0,1.0,1.0,1.0,0,0.0,0.1,0.0,0.0,0.0,1.0
18,2026-06-16 18:00:00+00:00,0.25,3,51,10,12,0.6666666666666666,0.5,0.75,1.0,0.5,1.0,0.75,0.75,0.75,0.5,0.5,1,0.1,0.3,0.0,0.1,0.1,0.6666666666666667
18,2026-06-16 18:00:00+00:00,0.5,5,51,10,12,0.6666666666666666,0.5,0.75,1.0,0.5,1.0,0.5,0.5,0.75,0.25,0.5,2,0.2,0.5,0.1,0.2,0.3,0.6
18,2026-06-16 18:00:00+00:00,1.0,10,51,10,12,0.6666666666666666,0.125,0.5,0.875,0.5,1.0,0.5,0.5,0.5,0.125,0.125,4,0.4,1.0,0.2,0.4,0.4,0.6
19,2026-06-16 19:00:00+00:00,0.1,3,71,25,75,0.28,0.6666666666666666,0.6666666666666666,1.0,0.6666666666666666,1.0,0.42857142857142855,0.42857142857142855,0.6666666666666666,0.6666666666666666,0.6666666666666666,3,0.12,0.12,0.04,0.12,0.12,0.0
19,2026-06-16 19:00:00+00:00,0.25,7,71,25,75,0.28,0.42857142857142855,0.3333333333333333,0.9523809523809523,0.47619047619047616,1.0,0.3333333333333333,0.3333333333333333,0.3333333333333333,0.42857142857142855,0.42857142857142855,6,0.24,0.28,0.08,0.24,0.24,0.1428571428571429
19,2026-06-16 19:00:00+00:00,0.5,13,71,25,75,0.28,0.23809523809523808,0.23809523809523808,0.7619047619047619,0.38095238095238093,1.0,0.23809523809523808,0.23809523809523808,0.23809523809523808,0.14285714285714285,0.23809523809523808,8,0.32,0.52,0.2,0.32,0.32,0.3846153846153846
19,2026-06-16 19:00:00+00:00,1.0,25,71,25,75,0.28,0.047619047619047616,0.14285714285714285,0.5238095238095238,0.38095238095238093,0.9523809523809523,0.14285714285714285,0.14285714285714285,0.14285714285714285,0.047619047619047616,0.047619047619047616,11,0.44,1.0,0.36,0.44,0.44,0.56
20,2026-06-16 20:00:00+00:00,0.1,9,122,86,323,0.9318885448916409,0.6411960132890365,0.6179401993355482,0.9601328903654485,0.8903654485049833,0.9933554817275747,0.6179401993355482,0.6179401993355482,0.6179401993355482,0.6411960132890365,0.6411960132890365,9,0.10465116279069768,0.10465116279069768,0.06976744186046512,0.10465116279069768,0.10465116279069768,0.0
20,2026-06-16 20:00:00+00:00,0.25,22,122,86,323,0.9318885448916409,0.26245847176079734,0.32558139534883723,0.8770764119601329,0.7840531561461794,0.946843853820598,0.32558139534883723,0.32558139534883723,0.32558139534883723,0.26245847176079734,0.26245847176079734,21,0.2441860465116279,0.2558139534883721,0.18604651162790697,0.2441860465116279,0.2441860465116279,0.045454545454545414
20,2026-06-16 20:00:00+00:00,0.5,43,122,86,323,0.9318885448916409,0.03986710963455149,0.04983388704318937,0.7408637873754153,0.6079734219269103,0.8473421926910297,0.04983388704318937,0.05647840531561462,0.05647840531561462,0.03986710963455149,0.04983388704318937,38,0.4418604651162791,0.5,0.3488372093023256,0.4186046511627907,0.4418604651162791,0.11627906976744184
20,2026-06-16 20:00:00+00:00,1.0,86,122,86,323,0.9318885448916409,0.0033222591362126247,0.009966777408637873,0.3488372093023256,0.15946843853820597,0.5250830564784051,0.009966777408637873,0.016611295681063124,0.026578073089700997,0.0033222591362126247,0.0033222591362126247,66,0.7674418604651163,1.0,0.7093023255813954,0.7325581395348837,0.7906976744186046,0.2325581395348837
21,2026-06-16 21:00:00+00:00,0.1,13,160,126,428,0.9462616822429907,0.6296296296296297,0.6469135802469136,0.9481481481481482,0.8938271604938272,0.9779012345679011,0.6345679012345679,0.6395061728395062,0.6469135802469136,0.6296296296296297,0.6296296296296297,13,0.10317460317460317,0.10317460317460317,0.07936507936507936,0.10317460317460317,0.10317460317460317,0.0
21,2026-06-16 21:00:00+00:00,0.25,32,160,126,428,0.9462616822429907,0.2271604938271605,0.2641975308641975,0.8641975308641975,0.7875308641975308,0.9260493827160493,0.2419753086419753,0.2641975308641975,0.2716049382716049,0.21728395061728395,0.23703703703703705,32,0.25396825396825395,0.25396825396825395,0.1984126984126984,0.25396825396825395,0.25396825396825395,0.0
21,2026-06-16 21:00:00+00:00,0.5,63,160,126,428,0.9462616822429907,0.04197530864197531,0.04691358024691358,0.7123456790123457,0.6024691358024692,0.8050617283950616,0.03209876543209877,0.056790123456790124,0.0791358024691357,0.03209876543209877,0.06172839506172839,58,0.4603174603174603,0.5,0.3968253968253968,0.4444444444444444,0.46825396825396826,0.07936507936507942
21,2026-06-16 21:00:00+00:00,1.0,126,160,126,428,0.9462616822429907,0.0024691358024691358,0.012345679012345678,0.26296296296296295,0.08888888888888889,0.4024691358024691,0.007407407407407408,0.007407407407407408,0.012345679012345678,0.0024691358024691358,0.0024691358024691358,103,0.8174603174603174,1.0,0.7857142857142857,0.7936507936507936,0.8412698412698413,0.18253968253968256
22,2026-06-16 22:00:00+00:00,0.1,18,213,180,508,0.9704724409448819,0.6592292089249493,0.6632860040567952,0.949290060851927,0.9087221095334685,0.9797160243407708,0.6511156186612576,0.6511156186612576,0.6632860040567952,0.6490872210953347,0.6592292089249493,18,0.1,0.1,0.08333333333333333,0.1,0.1,0.0
22,2026-06-16 22:00:00+00:00,0.25,45,213,180,508,0.9704724409448819,0.2799188640973631,0.3103448275862069,0.8661257606490872,0.795131845841785,0.9148073022312373,0.30425963488843816,0.3184584178498986,0.32454361054766734,0.2535496957403651,0.3022312373225152,45,0.25,0.25,0.2111111111111111,0.24444444444444444,0.25,0.0
22,2026-06-16 22:00:00+00:00,0.5,90,213,180,508,0.9704724409448819,0.06693711967545639,0.04462474645030426,0.7058823529411765,0.6124746450304259,0.7790060851926977,0.030425963488843813,0.04462474645030426,0.04462474645030426,0.02636916835699797,0.07910750507099391,83,0.46111111111111114,0.5,0.4222222222222222,0.45555555555555555,0.46111111111111114,0.07777777777777772
22,2026-06-16 22:00:00+00:00,1.0,180,213,180,508,0.9704724409448819,0.002028397565922921,0.012170385395537525,0.20689655172413793,0.06490872210953347,0.3429006085192697,0.006085192697768763,0.008113590263691683,0.010141987829614604,0.002028397565922921,0.002028397565922921,156,0.8666666666666667,1.0,0.8444444444444444,0.8444444444444444,0.8777777777777778,0.1333333333333333
23,2026-06-16 23:00:00+00:00,0.1,21,237,205,538,0.9721189591078067,0.6787762906309751,0.6596558317399618,0.9541108986615678,0.9158699808795411,0.9808795411089866,0.6596558317399618,0.6596558317399618,0.6596558317399618,0.6768642447418738,0.6787762906309751,21,0.1024390243902439,0.1024390243902439,0.08780487804878048,0.1024390243902439,0.1024390243902439,0.0
23,2026-06-16 23:00:00+00:00,0.25,52,237,205,538,0.9721189591078067,0.34608030592734224,0.372848948374761,0.872848948374761,0.8125239005736138,0.9196940726577438,0.3632887189292543,0.367112810707457,0.37667304015296366,0.32887189292543023,0.35181644359464626,51,0.24878048780487805,0.25365853658536586,0.21951219512195122,0.24878048780487805,0.25365853658536586,0.019230769230769273
23,2026-06-16 23:00:00+00:00,0.5,103,237,205,538,0.9721189591078067,0.0497131931166348,0.03824091778202677,0.7103250478011472,0.6327915869980879,0.7897705544933078,0.0248565965583174,0.03824091778202677,0.03824091778202677,0.030497131931166353,0.08221797323135756,96,0.4682926829268293,0.5024390243902439,0.43414634146341463,0.4634146341463415,0.4682926829268293,0.06796116504854366
23,2026-06-16 23:00:00+00:00,1.0,205,237,205,538,0.9721189591078067,0.0019120458891013384,0.011472275334608031,0.18738049713193117,0.05927342256214149,0.3231357552581262,0.0057361376673040155,0.0057361376673040155,0.009560229445506692,0.0019120458891013384,0.0019120458891013384,179,0.8731707317073171,1.0,0.8634146341463415,0.8634146341463415,0.8926829268292683,0.12682926829268293
24,2026-06-17 00:00:00+00:00,0.1,22,248,216,548,0.9726277372262774,0.6848030018761726,0.6697936210131332,0.9530956848030019,0.9193245778611632,0.9774859287054409,0.649155722326454,0.6679174484052532,0.6697936210131332,0.6829268292682927,0.6848030018761726,22,0.10185185185185185,0.10185185185185185,0.08796296296296297,0.10185185185185185,0.10185185185185185,0.0
24,2026-06-17 00:00:00+00:00,0.25,54,248,216,548,0.9726277372262774,0.38649155722326456,0.41838649155722324,0.874296435272045,0.8160412757973733,0.9230769230769231,0.3977485928705441,0.41275797373358347,0.425891181988743,0.3433395872420263,0.39587242026266417,53,0.24537037037037038,0.25,0.2175925925925926,0.24537037037037038,0.25,0.01851851851851849
24,2026-06-17 00:00:00+00:00,0.5,108,248,216,548,0.9726277372262774,0.06378986866791744,0.0450281425891182,0.7166979362101313,0.6378048780487805,0.7936210131332082,0.0450281425891182,0.0450281425891182,0.0450281425891182,0.04690431519699812,0.08630393996247655,101,0.4675925925925926,0.5,0.4351851851851852,0.4675925925925926,0.4675925925925926,0.06481481481481477
24,2026-06-17 00:00:00+00:00,1.0,216,248,216,548,0.9726277372262774,0.001876172607879925,0.0075046904315197,0.1894934333958724,0.06181988742964353,0.32467166979362094,0.005628517823639775,0.005628517823639775,0.009380863039399626,0.001876172607879925,0.001876172607879925,190,0.8796296296296297,1.0,0.8703703703703703,0.8703703703703703,0.8981481481481481,0.12037037037037035
25,2026-06-17 01:00:00+00:00,0.1,22,266,214,516,0.9651162790697675,0.7228915662650602,0.6947791164658634,0.9618473895582329,0.9257028112449799,0.9819277108433735,0.6827309236947792,0.6927710843373494,0.6947791164658634,0.7128514056224899,0.7309236947791165,22,0.102803738317757,0.102803738317757,0.08411214953271028,0.102803738317757,0.102803738317757,0.0
25,2026-06-17 01:00:00+00:00,0.25,54,266,214,516,0.9651162790697675,0.4357429718875502,0.463855421686747,0.891566265060241,0.8372489959839358,0.9337349397590361,0.4497991967871486,0.46184738955823296,0.4718875502008032,0.42971887550200805,0.43775100401606426,54,0.2523364485981308,0.2523364485981308,0.20093457943925233,0.24766355140186916,0.2523364485981308,0.0
25,2026-06-17 01:00:00+00:00,0.5,107,266,214,516,0.9651162790697675,0.04618473895582329,0.11244979919678715,0.7550200803212851,0.6746987951807228,0.8232931726907631,0.04417670682730924,0.0853413654618474,0.13463855421686738,0.02610441767068273,0.0642570281124498,96,0.4485981308411215,0.5,0.40186915887850466,0.4485981308411215,0.46261682242990654,0.10280373831775702
25,2026-06-17 01:00:00+00:00,1.0,214,266,214,516,0.9651162790697675,0.002008032128514056,0.012048192771084338,0.3152610441767068,0.1686746987951807,0.4279116465863452,0.006024096385542169,0.008032128514056224,0.012048192771084338,0.002008032128514056,0.002008032128514056,173,0.8084112149532711,1.0,0.8037383177570093,0.8130841121495327,0.8504672897196262,0.19158878504672894
26,2026-06-17 02:00:00+00:00,0.1,18,285,180,383,0.97911227154047,0.7093333333333334,0.8,0.968,0.92,0.9866666666666667,0.7946666666666666,0.7973333333333333,0.8,0.7093333333333334,0.72,11,0.06111111111111111,0.1,0.06666666666666667,0.06111111111111111,0.06666666666666667,0.38888888888888884
26,2026-06-17 02:00:00+00:00,0.25,45,285,180,383,0.97911227154047,0.45866666666666667,0.5706666666666667,0.904,0.84,0.9493333333333334,0.5706666666666667,0.5866666666666667,0.5946666666666667,0.38666666666666666,0.4693333333333333,36,0.2,0.25,0.16111111111111112,0.2,0.2,0.19999999999999996
26,2026-06-17 02:00:00+00:00,0.5,90,285,180,383,0.97911227154047,0.058666666666666666,0.28,0.7946666666666666,0.7145333333333334,0.8613333333333333,0.19733333333333333,0.24266666666666667,0.29333333333333333,0.021333333333333333,0.058666666666666666,65,0.3611111111111111,0.5,0.31666666666666665,0.3611111111111111,0.37777777777777777,0.2777777777777778
26,2026-06-17 02:00:00+00:00,1.0,180,285,180,383,0.97911227154047,0.0026666666666666666,0.021333333333333333,0.5146666666666667,0.39973333333333333,0.6213333333333333,0.013333333333333334,0.018666666666666668,0.021333333333333333,0.0026666666666666666,0.0026666666666666666,116,0.6444444444444445,1.0,0.6277777777777778,0.6555555555555556,0.6888888888888889,0.3555555555555555
27,2026-06-17 03:00:00+00:00,0.1,17,313,161,334,0.9580838323353293,0.675,0.79375,0.975,0.9154687499999999,0.990625,0.79375,0.79375,0.79375,0.675,0.675,9,0.055900621118012424,0.10559006211180125,0.055900621118012424,0.055900621118012424,0.055900621118012424,0.47058823529411764
27,2026-06-17 03:00:00+00:00,0.25,41,313,161,334,0.9580838323353293,0.44375,0.6375,0.925,0.853125,0.9595312499999998,0.63125,0.6375,0.64375,0.45625,0.48125,25,0.15527950310559005,0.2546583850931677,0.13043478260869565,0.15527950310559005,0.16149068322981366,0.3902439024390244
27,2026-06-17 03:00:00+00:00,0.5,81,313,161,334,0.9580838323353293,0.0625,0.434375,0.8375,0.74671875,0.90625,0.35625,0.409375,0.434375,0.03125,0.078125,50,0.3105590062111801,0.5031055900621118,0.2546583850931677,0.30434782608695654,0.32298136645962733,0.3827160493827161
27,2026-06-17 03:00:00+00:00,1.0,161,313,161,334,0.9580838323353293,0.003125,0.028125,0.63125,0.51234375,0.7407812499999998,0.021875,0.028125,0.046875,0.003125,0.003125,87,0.5403726708074534,1.0,0.515527950310559,0.5403726708074534,0.577639751552795,0.45962732919254656
28,2026-06-17 04:00:00+00:00,0.1,13,330,123,276,0.9637681159420289,0.6578947368421053,0.8308270676691729,0.981203007518797,0.9360902255639098,0.9962406015037594,0.8308270676691729,0.8308270676691729,0.8308270676691729,0.6578947368421053,0.6578947368421053,6,0.04878048780487805,0.10569105691056911,0.04065040650406504,0.04878048780487805,0.04878048780487805,0.5384615384615384
28,2026-06-17 04:00:00+00:00,0.25,31,330,123,276,0.9637681159420289,0.3609022556390977,0.6691729323308271,0.943609022556391,0.8607142857142857,0.9774436090225563,0.6691729323308271,0.6691729323308271,0.6691729323308271,0.33458646616541354,0.36466165413533835,13,0.10569105691056911,0.25203252032520324,0.09349593495934959,0.10569105691056911,0.10569105691056911,0.5806451612903225
28,2026-06-17 04:00:00+00:00,0.5,62,330,123,276,0.9637681159420289,0.03759398496240601,0.5488721804511278,0.8759398496240601,0.7742481203007519,0.9360902255639098,0.5075187969924813,0.5300751879699248,0.5488721804511278,0.03007518796992481,0.06390977443609022,22,0.17886178861788618,0.5040650406504065,0.18699186991869918,0.18699186991869918,0.2032520325203252,0.6451612903225806
28,2026-06-17 04:00:00+00:00,1.0,123,330,123,276,0.9637681159420289,0.0037593984962406013,0.14661654135338345,0.7255639097744361,0.5864661654135338,0.8195488721804511,0.11654135338345864,0.14661654135338345,0.21823308270676675,0.0037593984962406013,0.0037593984962406013,49,0.3983739837398374,1.0,0.37398373983739835,0.3902439024390244,0.42276422764227645,0.6016260162601625
29,2026-06-17 05:00:00+00:00,0.1,11,338,104,230,0.9130434782608695,0.6333333333333333,0.8380952380952381,0.9857142857142858,0.9380952380952381,1.0,0.8380952380952381,0.8380952380952381,0.8380952380952381,0.6333333333333333,0.6333333333333333,3,0.028846153846153848,0.10576923076923077,0.028846153846153848,0.028846153846153848,0.028846153846153848,0.7272727272727273
29,2026-06-17 05:00:00+00:00,0.25,26,338,104,230,0.9130434782608695,0.37142857142857144,0.7095238095238096,0.9571428571428572,0.8664285714285713,0.9857142857142858,0.7095238095238096,0.7095238095238096,0.7142857142857143,0.36666666666666664,0.38571428571428573,7,0.0673076923076923,0.25,0.07692307692307693,0.057692307692307696,0.0673076923076923,0.7307692307692308
29,2026-06-17 05:00:00+00:00,0.5,52,338,104,230,0.9130434782608695,0.0380952380952381,0.6190476190476191,0.9095238095238095,0.780952380952381,0.9571428571428572,0.6095238095238096,0.6190476190476191,0.6190476190476191,0.02857142857142857,0.05238095238095238,13,0.125,0.5,0.15384615384615385,0.125,0.1346153846153846,0.75
29,2026-06-17 05:00:00+00:00,1.0,104,338,104,230,0.9130434782608695,0.004761904761904762,0.3619047619047619,0.7904761904761904,0.6569047619047619,0.8761904761904762,0.3619047619047619,0.3619047619047619,0.3619047619047619,0.004761904761904762,0.004761904761904762,31,0.2980769230769231,1.0,0.3076923076923077,0.2980769230769231,0.2980769230769231,0.7019230769230769
30,2026-06-17 06:00:00+00:00,0.1,10,343,98,217,0.9262672811059908,0.6417910447761194,0.8855721393034826,0.9850746268656716,0.9402985074626866,1.0,0.8855721393034826,0.8855721393034826,0.8855721393034826,0.6218905472636815,0.6417910447761194,2,0.02040816326530612,0.10204081632653061,0.030612244897959183,0.02040816326530612,0.02040816326530612,0.8
30,2026-06-17 06:00:00+00:00,0.25,25,343,98,217,0.9262672811059908,0.3880597014925373,0.7263681592039801,0.9552238805970149,0.8706467661691543,0.9850746268656716,0.7263681592039801,0.7263681592039801,0.7263681592039801,0.35323383084577115,0.4079601990049751,6,0.061224489795918366,0.25510204081632654,0.07142857142857142,0.061224489795918366,0.061224489795918366,0.76
30,2026-06-17 06:00:00+00:00,0.5,49,343,98,217,0.9262672811059908,0.03980099502487562,0.6268656716417911,0.9104477611940298,0.7907960199004974,0.9601990049751243,0.6268656716417911,0.6268656716417911,0.6268656716417911,0.029850746268656716,0.06467661691542288,12,0.12244897959183673,0.5,0.14285714285714285,0.12244897959183673,0.12244897959183673,0.7551020408163265
30,2026-06-17 06:00:00+00:00,1.0,98,343,98,217,0.9262672811059908,0.004975124378109453,0.4129353233830846,0.7960199004975125,0.6216417910447761,0.8855721393034826,0.38308457711442784,0.4129353233830846,0.4577114427860697,0.004975124378109453,0.004975124378109453,26,0.2653061224489796,1.0,0.2857142857142857,0.24489795918367346,0.2857142857142857,0.7346938775510203
31,2026-06-17 07:00:00+00:00,0.1,10,350,92,209,0.9186602870813397,0.6302083333333334,0.8854166666666666,0.9895833333333334,0.9375,1.0,0.8854166666666666,0.8854166666666666,0.8854166666666666,0.6302083333333334,0.6302083333333334,2,0.021739130434782608,0.10869565217391304,0.03260869565217391,0.021739130434782608,0.021739130434782608,0.8
31,2026-06-17 07:00:00+00:00,0.25,23,350,92,209,0.9186602870813397,0.4114583333333333,0.71875,0.96875,0.875,0.9895833333333334,0.71875,0.71875,0.71875,0.4010416666666667,0.4270833333333333,6,0.06521739130434782,0.25,0.06521739130434782,0.06521739130434782,0.06521739130434782,0.7391304347826086
31,2026-06-17 07:00:00+00:00,0.5,46,350,92,209,0.9186602870813397,0.08333333333333333,0.671875,0.921875,0.8072916666666666,0.96875,0.671875,0.671875,0.671875,0.046875,0.11458333333333333,10,0.10869565217391304,0.5,0.13043478260869565,0.10869565217391304,0.10869565217391304,0.782608695652174
31,2026-06-17 07:00:00+00:00,1.0,92,350,92,209,0.9186602870813397,0.005208333333333333,0.5208333333333334,0.8229166666666666,0.6822916666666666,0.90625,0.44244791666666666,0.4895833333333333,0.5208333333333334,0.005208333333333333,0.005208333333333333,20,0.21739130434782608,1.0,0.2608695652173913,0.21739130434782608,0.25,0.782608695652174
32,2026-06-17 08:00:00+00:00,0.1,9,358,81,167,0.9101796407185628,0.75,0.9407894736842105,0.9868421052631579,0.9539473684210527,1.0,0.9407894736842105,0.9407894736842105,0.9407894736842105,0.7039473684210527,0.7631578947368421,2,0.024691358024691357,0.1111111111111111,0.024691358024691357,0.024691358024691357,0.024691358024691357,0.7777777777777778
32,2026-06-17 08:00:00+00:00,0.25,21,358,81,167,0.9101796407185628,0.48026315789473684,0.875,0.9671052631578947,0.9078947368421053,0.993421052631579,0.875,0.875,0.875,0.42105263157894735,0.5131578947368421,5,0.06172839506172839,0.25925925925925924,0.06172839506172839,0.06172839506172839,0.06172839506172839,0.7619047619047619
32,2026-06-17 08:00:00+00:00,0.5,41,358,81,167,0.9101796407185628,0.05263157894736842,0.8618421052631579,0.9276315789473685,0.8552631578947368,0.9736842105263158,0.8552631578947368,0.8618421052631579,0.8618421052631579,0.05263157894736842,0.06578947368421052,6,0.07407407407407407,0.5061728395061729,0.1111111111111111,0.07407407407407407,0.08641975308641975,0.8536585365853658
32,2026-06-17 08:00:00+00:00,1.0,81,358,81,167,0.9101796407185628,0.006578947368421052,0.5986842105263158,0.8486842105263158,0.749671052631579,0.9144736842105263,0.5986842105263158,0.631578947368421,0.6973684210526315,0.006578947368421052,0.006578947368421052,15,0.18518518518518517,1.0,0.2222222222222222,0.16049382716049382,0.19753086419753085,0.8148148148148149
33,2026-06-17 09:00:00+00:00,0.1,7,359,62,127,0.905511811023622,0.6608695652173913,0.9739130434782609,0.991304347826087,0.9473913043478261,1.0,0.9739130434782609,0.9739130434782609,0.9739130434782609,0.6608695652173913,0.6608695652173913,2,0.03225806451612903,0.11290322580645161,0.016129032258064516,0.03225806451612903,0.03225806451612903,0.7142857142857143
33,2026-06-17 09:00:00+00:00,0.25,16,359,62,127,0.905511811023622,0.391304347826087,0.9652173913043478,0.9739130434782609,0.8865217391304349,1.0,0.9652173913043478,0.9652173913043478,0.9652173913043478,0.3739130434782609,0.4,4,0.06451612903225806,0.25806451612903225,0.04838709677419355,0.06451612903225806,0.06451612903225806,0.75
33,2026-06-17 09:00:00+00:00,0.5,31,359,62,127,0.905511811023622,0.05217391304347826,0.8521739130434782,0.9478260869565217,0.8434782608695652,0.9826086956521739,0.8521739130434782,0.8521739130434782,0.8521739130434782,0.043478260869565216,0.05217391304347826,6,0.0967741935483871,0.5,0.08064516129032258,0.0967741935483871,0.0967741935483871,0.8064516129032258
33,2026-06-17 09:00:00+00:00,1.0,62,359,62,127,0.905511811023622,0.008695652173913044,0.7391304347826086,0.8695652173913043,0.7217391304347827,0.9478260869565217,0.6869565217391305,0.7391304347826086,0.7391304347826086,0.008695652173913044,0.008695652173913044,9,0.14516129032258066,1.0,0.1774193548387097,0.14516129032258066,0.16129032258064516,0.8548387096774194
34,2026-06-17 10:00:00+00:00,0.1,5,357,49,105,0.8,0.5714285714285714,0.9047619047619048,1.0,0.9166666666666666,1.0,0.9047619047619048,0.9047619047619048,0.9047619047619048,0.5714285714285714,0.5714285714285714,2,0.04081632653061224,0.10204081632653061,0.02040816326530612,0.04081632653061224,0.04081632653061224,0.6
34,2026-06-17 10:00:00+00:00,0.25,13,357,49,105,0.8,0.08333333333333333,0.9047619047619048,0.9880952380952381,0.8690476190476191,1.0,0.6904761904761905,0.6904761904761905,0.9047619047619048,0.07142857142857142,0.13095238095238096,2,0.04081632653061224,0.2653061224489796,0.04081632653061224,0.04081632653061224,0.061224489795918366,0.8461538461538461
34,2026-06-17 10:00:00+00:00,0.5,25,357,49,105,0.8,0.03571428571428571,0.6785714285714286,0.9642857142857143,0.7619047619047619,1.0,0.6785714285714286,0.6785714285714286,0.6785714285714286,0.03571428571428571,0.047619047619047616,5,0.10204081632653061,0.5102040816326531,0.061224489795918366,0.10204081632653061,0.10204081632653061,0.8
34,2026-06-17 10:00:00+00:00,1.0,49,357,49,105,0.8,0.011904761904761904,0.6071428571428571,0.9047619047619048,0.6666666666666666,0.9880952380952381,0.6071428571428571,0.6071428571428571,0.6071428571428571,0.011904761904761904,0.011904761904761904,7,0.14285714285714285,1.0,0.14285714285714285,0.14285714285714285,0.14285714285714285,0.8571428571428572
35,2026-06-17 11:00:00+00:00,0.1,5,354,45,95,0.7789473684210526,0.36486486486486486,0.9054054054054054,1.0,0.9324324324324325,1.0,0.9054054054054054,0.9054054054054054,0.9054054054054054,0.21621621621621623,0.5,2,0.044444444444444446,0.1111111111111111,0.022222222222222223,0.044444444444444446,0.044444444444444446,0.6
35,2026-06-17 11:00:00+00:00,0.25,12,354,45,95,0.7789473684210526,0.08108108108108109,0.9054054054054054,0.9864864864864865,0.8918918918918919,1.0,0.5675675675675675,0.9054054054054054,0.9054054054054054,0.08108108108108109,0.12162162162162163,2,0.044444444444444446,0.26666666666666666,0.022222222222222223,0.044444444444444446,0.06666666666666667,0.8333333333333334
35,2026-06-17 11:00:00+00:00,0.5,23,354,45,95,0.7789473684210526,0.04054054054054054,0.5540540540540541,0.9594594594594594,0.7027027027027027,1.0,0.5540540540540541,0.5540540540540541,0.5540540540540541,0.04054054054054054,0.05405405405405406,5,0.1111111111111111,0.5111111111111111,0.06666666666666667,0.1111111111111111,0.1111111111111111,0.782608695652174
35,2026-06-17 11:00:00+00:00,1.0,45,354,45,95,0.7789473684210526,0.013513513513513514,0.5405405405405406,0.9054054054054054,0.5804054054054054,0.9864864864864865,0.5405405405405406,0.5405405405405406,0.5405405405405406,0.013513513513513514,0.013513513513513514,7,0.15555555555555556,1.0,0.13333333333333333,0.15555555555555556,0.15555555555555556,0.8444444444444444
36,2026-06-17 12:00:00+00:00,0.1,5,350,41,86,0.813953488372093,0.35714285714285715,0.9285714285714286,1.0,0.9428571428571428,1.0,0.9285714285714286,0.9285714285714286,0.9285714285714286,0.24285714285714285,0.35714285714285715,1,0.024390243902439025,0.12195121951219512,0.0,0.024390243902439025,0.024390243902439025,0.8
36,2026-06-17 12:00:00+00:00,0.25,11,350,41,86,0.813953488372093,0.11428571428571428,0.9285714285714286,0.9857142857142858,0.8857142857142857,1.0,0.9285714285714286,0.9285714285714286,0.9285714285714286,0.11428571428571428,0.15714285714285714,1,0.024390243902439025,0.2682926829268293,0.024390243902439025,0.024390243902439025,0.024390243902439025,0.9090909090909091
36,2026-06-17 12:00:00+00:00,0.5,21,350,41,86,0.813953488372093,0.07142857142857142,0.34285714285714286,0.9714285714285714,0.7528571428571431,1.0,0.34285714285714286,0.34285714285714286,0.34285714285714286,0.04285714285714286,0.08571428571428572,4,0.0975609756097561,0.5121951219512195,0.04878048780487805,0.0975609756097561,0.0975609756097561,0.8095238095238095
36,2026-06-17 12:00:00+00:00,1.0,41,350,41,86,0.813953488372093,0.014285714285714285,0.34285714285714286,0.9142857142857143,0.5421428571428571,0.9857142857142858,0.34285714285714286,0.34285714285714286,0.34285714285714286,0.014285714285714285,0.014285714285714285,4,0.0975609756097561,1.0,0.12195121951219512,0.0975609756097561,0.0975609756097561,0.9024390243902439
37,2026-06-17 13:00:00+00:00,0.1,4,346,31,77,0.7532467532467533,0.1206896551724138,1.0,1.0,0.8793103448275862,1.0,1.0,1.0,1.0,0.1206896551724138,0.1206896551724138,0,0.0,0.12903225806451613,0.0,0.0,0.0,1.0
37,2026-06-17 13:00:00+00:00,0.25,8,346,31,77,0.7532467532467533,0.08620689655172414,0.8448275862068966,1.0,0.8448275862068966,1.0,0.8448275862068966,0.8448275862068966,0.8448275862068966,0.08620689655172414,0.08620689655172414,1,0.03225806451612903,0.25806451612903225,0.03225806451612903,0.03225806451612903,0.03225806451612903,0.875
37,2026-06-17 13:00:00+00:00,0.5,16,346,31,77,0.7532467532467533,0.05172413793103448,0.25862068965517243,0.9827586206896551,0.5,1.0,0.25862068965517243,0.25862068965517243,0.25862068965517243,0.05172413793103448,0.05172413793103448,3,0.0967741935483871,0.5161290322580645,0.03225806451612903,0.0967741935483871,0.0967741935483871,0.8125
37,2026-06-17 13:00:00+00:00,1.0,31,346,31,77,0.7532467532467533,0.017241379310344827,0.2413793103448276,0.9568965517241379,0.4827586206896552,1.0,0.2413793103448276,0.25862068965517243,0.25862068965517243,0.017241379310344827,0.017241379310344827,5,0.16129032258064516,1.0,0.0967741935483871,0.12903225806451613,0.16129032258064516,0.8387096774193549
38,2026-06-17 14:00:00+00:00,0.1,2,346,17,50,0.76,0.34210526315789475,1.0,1.0,0.9736842105263158,1.0,1.0,1.0,1.0,0.34210526315789475,0.34210526315789475,0,0.0,0.11764705882352941,0.0,0.0,0.0,1.0
38,2026-06-17 14:00:00+00:00,0.25,5,346,17,50,0.76,0.10526315789473684,0.8157894736842105,1.0,0.9210526315789473,1.0,0.8157894736842105,0.8157894736842105,0.8157894736842105,0.10526315789473684,0.15789473684210525,1,0.058823529411764705,0.29411764705882354,0.0,0.058823529411764705,0.058823529411764705,0.8
38,2026-06-17 14:00:00+00:00,0.5,9,346,17,50,0.76,0.07894736842105263,0.8157894736842105,1.0,0.8144736842105263,1.0,0.8157894736842105,0.8157894736842105,0.8157894736842105,0.07894736842105263,0.07894736842105263,1,0.058823529411764705,0.5294117647058824,0.0,0.058823529411764705,0.058823529411764705,0.8888888888888888
38,2026-06-17 14:00:00+00:00,1.0,17,346,17,50,0.76,0.02631578947368421,0.34210526315789475,1.0,0.5,1.0,0.34210526315789475,0.34210526315789475,0.34210526315789475,0.02631578947368421,0.02631578947368421,2,0.11764705882352941,1.0,0.058823529411764705,0.11764705882352941,0.17647058823529413,0.8823529411764706
39,2026-06-17 15:00:00+00:00,0.1,1,346,10,31,0.45161290322580644,0.7142857142857143,1.0,1.0,1.0,1.0,1.0,1.0,1.0,0.7142857142857143,0.7142857142857143,0,0.0,0.1,0.0,0.0,0.0,1.0
39,2026-06-17 15:00:00+00:00,0.25,3,346,10,31,0.45161290322580644,0.7142857142857143,1.0,1.0,1.0,1.0,1.0,1.0,1.0,0.7142857142857143,0.7142857142857143,0,0.0,0.3,0.0,0.0,0.0,1.0
39,2026-06-17 15:00:00+00:00,0.5,5,346,10,31,0.45161290322580644,0.6428571428571429,0.7142857142857143,1.0,0.9285714285714286,1.0,0.7142857142857143,0.7142857142857143,0.7142857142857143,0.35714285714285715,0.6428571428571429,1,0.1,0.5,0.0,0.1,0.1,0.8
39,2026-06-17 15:00:00+00:00,1.0,10,346,10,31,0.45161290322580644,0.07142857142857142,0.7142857142857143,1.0,0.7142857142857143,1.0,0.7142857142857143,0.7142857142857143,0.7142857142857143,0.07142857142857142,0.07142857142857142,1,0.1,1.0,0.0,0.1,0.1,0.9
40,2026-06-17 16:00:00+00:00,0.1,1,347,7,22,0.45454545454545453,0.7,1.0,1.0,1.0,1.0,1.0,1.0,1.0,0.7,0.7,0,0.0,0.14285714285714285,0.0,0.0,0.0,1.0
40,2026-06-17 16:00:00+00:00,0.25,2,347,7,22,0.45454545454545453,0.7,1.0,1.0,1.0,1.0,1.0,1.0,1.0,0.7,0.7,0,0.0,0.2857142857142857,0.0,0.0,0.0,1.0
40,2026-06-17 16:00:00+00:00,0.5,4,347,7,22,0.45454545454545453,0.3,1.0,1.0,1.0,1.0,1.0,1.0,1.0,0.3,0.5,0,0.0,0.5714285714285714,0.0,0.0,0.0,1.0
40,2026-06-17 16:00:00+00:00,1.0,7,347,7,22,0.45454545454545453,0.1,1.0,1.0,1.0,1.0,1.0,1.0,1.0,0.1,0.1,0,0.0,1.0,0.0,0.0,0.0,1.0
41,2026-06-17 17:00:00+00:00,0.1,2,358,20,50,0.26,0.8461538461538461,1.0,1.0,1.0,1.0,1.0,1.0,1.0,0.8461538461538461,0.8461538461538461,0,0.0,0.1,0.0,0.0,0.0,1.0
41,2026-06-17 17:00:00+00:00,0.25,5,358,20,50,0.26,0.38461538461538464,1.0,1.0,1.0,1.0,1.0,1.0,1.0,0.38461538461538464,0.38461538461538464,0,0.0,0.25,0.0,0.0,0.0,1.0
41,2026-06-17 17:00:00+00:00,0.5,10,358,20,50,0.26,0.23076923076923078,1.0,1.0,0.8461538461538461,1.0,1.0,1.0,1.0,0.23076923076923078,0.23076923076923078,0,0.0,0.5,0.0,0.0,0.0,1.0
41,2026-06-17 17:00:00+00:00,1.0,20,358,20,50,0.26,0.07692307692307693,1.0,1.0,0.8461538461538461,1.0,1.0,1.0,1.0,0.07692307692307693,0.07692307692307693,0,0.0,1.0,0.05,0.0,0.0,1.0
42,2026-06-17 18:00:00+00:00,0.1,3,363,24,68,0.23529411764705882,0.4375,1.0,1.0,1.0,1.0,1.0,1.0,1.0,0.4375,0.4375,0,0.0,0.125,0.0,0.0,0.0,1.0
42,2026-06-17 18:00:00+00:00,0.25,6,363,24,68,0.23529411764705882,0.25,1.0,1.0,1.0,1.0,1.0,1.0,1.0,0.25,0.3125,0,0.0,0.25,0.0,0.0,0.0,1.0
42,2026-06-17 18:00:00+00:00,0.5,12,363,24,68,0.23529411764705882,0.25,1.0,1.0,1.0,1.0,1.0,1.0,1.0,0.1875,0.25,0,0.0,0.5,0.041666666666666664,0.0,0.0,1.0
42,2026-06-17 18:00:00+00:00,1.0,24,363,24,68,0.23529411764705882,0.0625,0.875,1.0,0.875,1.0,0.875,0.875,0.875,0.0625,0.0625,1,0.041666666666666664,1.0,0.041666666666666664,0.041666666666666664,0.041666666666666664,0.9583333333333334
43,2026-06-17 19:00:00+00:00,0.1,3,346,26,75,0.25333333333333335,0.5263157894736842,1.0,1.0,1.0,1.0,1.0,1.0,1.0,0.5263157894736842,0.5263157894736842,0,0.0,0.11538461538461539,0.0,0.0,0.0,1.0
43,2026-06-17 19:00:00+00:00,0.25,7,346,26,75,0.25333333333333335,0.2631578947368421,1.0,1.0,1.0,1.0,1.0,1.0,1.0,0.21052631578947367,0.2631578947368421,0,0.0,0.2692307692307692,0.0,0.0,0.0,1.0
43,2026-06-17 19:00:00+00:00,0.5,13,346,26,75,0.25333333333333335,0.21052631578947367,1.0,1.0,0.9473684210526315,1.0,0.7894736842105263,1.0,1.0,0.15789473684210525,0.21052631578947367,0,0.0,0.5,0.038461538461538464,0.0,0.038461538461538464,1.0
43,2026-06-17 19:00:00+00:00,1.0,26,346,26,75,0.25333333333333335,0.05263157894736842,0.7894736842105263,1.0,0.7894736842105263,1.0,0.7894736842105263,0.7894736842105263,0.7894736842105263,0.05263157894736842,0.05263157894736842,2,0.07692307692307693,1.0,0.07692307692307693,0.07692307692307693,0.07692307692307693,0.9230769230769231
44,2026-06-17 20:00:00+00:00,0.1,4,300,31,80,0.25,0.95,1.0,1.0,1.0,1.0,1.0,1.0,1.0,0.5,0.95,0,0.0,0.12903225806451613,0.0,0.0,0.0,1.0
44,2026-06-17 20:00:00+00:00,0.25,8,300,31,80,0.25,0.25,0.95,1.0,0.95,1.0,0.95,0.95,0.95,0.2,0.25,1,0.03225806451612903,0.25806451612903225,0.03225806451612903,0.03225806451612903,0.03225806451612903,0.875
44,2026-06-17 20:00:00+00:00,0.5,16,300,31,80,0.25,0.15,0.95,1.0,0.95,1.0,0.95,0.95,0.95,0.15,0.2,1,0.03225806451612903,0.5161290322580645,0.03225806451612903,0.03225806451612903,0.03225806451612903,0.9375
44,2026-06-17 20:00:00+00:00,1.0,31,300,31,80,0.25,0.05,0.95,1.0,0.9,1.0,0.95,0.95,0.95,0.05,0.05,3,0.0967741935483871,1.0,0.0967741935483871,0.0967741935483871,0.0967741935483871,0.9032258064516129
45,2026-06-17 21:00:00+00:00,0.1,4,255,33,84,0.2857142857142857,0.4583333333333333,1.0,1.0,0.8729166666666668,1.0,1.0,1.0,1.0,0.4583333333333333,0.4583333333333333,0,0.0,0.12121212121212122,0.0,0.0,0.0,1.0
45,2026-06-17 21:00:00+00:00,0.25,9,255,33,84,0.2857142857142857,0.2916666666666667,1.0,1.0,0.8333333333333334,1.0,1.0,1.0,1.0,0.2916666666666667,0.2916666666666667,1,0.030303030303030304,0.2727272727272727,0.030303030303030304,0.030303030303030304,0.030303030303030304,0.8888888888888888
45,2026-06-17 21:00:00+00:00,0.5,17,255,33,84,0.2857142857142857,0.125,1.0,0.9583333333333334,0.8333333333333334,1.0,1.0,1.0,1.0,0.125,0.16666666666666666,1,0.030303030303030304,0.5151515151515151,0.06060606060606061,0.030303030303030304,0.030303030303030304,0.9411764705882353
45,2026-06-17 21:00:00+00:00,1.0,33,255,33,84,0.2857142857142857,0.041666666666666664,0.875,0.875,0.7479166666666668,1.0,0.875,1.0,1.0,0.041666666666666664,0.041666666666666664,5,0.15151515151515152,1.0,0.12121212121212122,0.09090909090909091,0.15151515151515152,0.8484848484848485
46,2026-06-17 22:00:00+00:00,0.1,4,204,32,85,0.24705882352941178,0.5238095238095238,1.0,1.0,1.0,1.0,1.0,1.0,1.0,0.5238095238095238,0.5238095238095238,1,0.03125,0.125,0.0,0.03125,0.03125,0.75
46,2026-06-17 22:00:00+00:00,0.25,8,204,32,85,0.24705882352941178,0.2857142857142857,1.0,1.0,1.0,1.0,1.0,1.0,1.0,0.2857142857142857,0.2857142857142857,1,0.03125,0.25,0.03125,0.03125,0.03125,0.875
46,2026-06-17 22:00:00+00:00,0.5,16,204,32,85,0.24705882352941178,0.14285714285714285,1.0,1.0,0.9523809523809523,1.0,1.0,1.0,1.0,0.14285714285714285,0.14285714285714285,1,0.03125,0.5,0.0625,0.03125,0.03125,0.9375
46,2026-06-17 22:00:00+00:00,1.0,32,204,32,85,0.24705882352941178,0.047619047619047616,0.5238095238095238,1.0,0.7142857142857143,1.0,0.5238095238095238,0.5238095238095238,0.5238095238095238,0.047619047619047616,0.047619047619047616,6,0.1875,1.0,0.15625,0.1875,0.21875,0.8125
47,2026-06-17 23:00:00+00:00,0.1,3,176,21,52,0.5384615384615384,0.6071428571428571,1.0,1.0,0.8928571428571429,1.0,1.0,1.0,1.0,0.6071428571428571,0.6071428571428571,0,0.0,0.14285714285714285,0.0,0.0,0.0,1.0
47,2026-06-17 23:00:00+00:00,0.25,6,176,21,52,0.5384615384615384,0.17857142857142858,1.0,1.0,0.8214285714285714,1.0,1.0,1.0,1.0,0.17857142857142858,0.17857142857142858,1,0.047619047619047616,0.2857142857142857,0.047619047619047616,0.047619047619047616,0.047619047619047616,0.8333333333333334
47,2026-06-17 23:00:00+00:00,0.5,11,176,21,52,0.5384615384615384,0.07142857142857142,1.0,1.0,0.7142857142857143,1.0,1.0,1.0,1.0,0.07142857142857142,0.07142857142857142,1,0.047619047619047616,0.5238095238095238,0.047619047619047616,0.047619047619047616,0.047619047619047616,0.9090909090909091
47,2026-06-17 23:00:00+00:00,1.0,21,176,21,52,0.5384615384615384,0.03571428571428571,0.6071428571428571,0.9285714285714286,0.6053571428571429,1.0,0.6071428571428571,0.6071428571428571,0.6071428571428571,0.03571428571428571,0.03571428571428571,5,0.23809523809523808,1.0,0.09523809523809523,0.19047619047619047,0.23809523809523808,0.7619047619047619
48,2026-06-18 00:00:00+00:00,0.1,2,166,16,39,0.9487179487179487,0.5675675675675675,1.0,1.0,0.7837837837837838,1.0,1.0,1.0,1.0,0.5135135135135135,0.5675675675675675,0,0.0,0.125,0.0,0.0,0.0,1.0
48,2026-06-18 00:00:00+00:00,0.25,4,166,16,39,0.9487179487179487,0.21621621621621623,0.7297297297297297,1.0,0.6486486486486487,1.0,0.7297297297297297,0.7297297297297297,0.7297297297297297,0.21621621621621623,0.21621621621621623,1,0.0625,0.25,0.0,0.0625,0.0625,0.75
48,2026-06-18 00:00:00+00:00,0.5,8,166,16,39,0.9487179487179487,0.10810810810810811,0.7297297297297297,1.0,0.5675675675675675,1.0,0.7297297297297297,0.7297297297297297,0.7297297297297297,0.10810810810810811,0.10810810810810811,1,0.0625,0.5,0.0625,0.0625,0.0625,0.875
48,2026-06-18 00:00:00+00:00,1.0,16,166,16,39,0.9487179487179487,0.02702702702702703,0.35135135135135137,0.9459459459459459,0.5675675675675675,1.0,0.35135135135135137,0.35135135135135137,0.35135135135135137,0.02702702702702703,0.02702702702702703,5,0.3125,1.0,0.0625,0.3125,0.3125,0.6875
49,2026-06-18 01:00:00+00:00,0.1,2,154,13,32,0.90625,0.4482758620689655,1.0,1.0,0.9310344827586207,1.0,1.0,1.0,1.0,0.4482758620689655,0.4482758620689655,0,0.0,0.15384615384615385,0.0,0.0,0.0,1.0
49,2026-06-18 01:00:00+00:00,0.25,4,154,13,32,0.90625,0.2413793103448276,0.9310344827586207,1.0,0.8275862068965517,1.0,0.9310344827586207,0.9310344827586207,0.9310344827586207,0.20689655172413793,0.2413793103448276,1,0.07692307692307693,0.3076923076923077,0.0,0.07692307692307693,0.07692307692307693,0.75
49,2026-06-18 01:00:00+00:00,0.5,7,154,13,32,0.90625,0.13793103448275862,0.9310344827586207,1.0,0.6551724137931034,1.0,0.9310344827586207,0.9310344827586207,0.9310344827586207,0.10344827586206896,0.13793103448275862,1,0.07692307692307693,0.5384615384615384,0.0,0.07692307692307693,0.07692307692307693,0.8571428571428572
49,2026-06-18 01:00:00+00:00,1.0,13,154,13,32,0.90625,0.034482758620689655,0.6206896551724138,1.0,0.6551724137931034,1.0,0.6206896551724138,0.6206896551724138,0.6206896551724138,0.034482758620689655,0.034482758620689655,3,0.23076923076923078,1.0,0.07692307692307693,0.23076923076923078,0.23076923076923078,0.7692307692307692
50,2026-06-18 02:00:00+00:00,0.1,2,132,11,27,1.0,0.25925925925925924,1.0,1.0,0.8888888888888888,1.0,1.0,1.0,1.0,0.25925925925925924,0.25925925925925924,0,0.0,0.18181818181818182,0.0,0.0,0.0,1.0
50,2026-06-18 02:00:00+00:00,0.25,3,132,11,27,1.0,0.25925925925925924,1.0,1.0,0.8888888888888888,1.0,1.0,1.0,1.0,0.25925925925925924,0.25925925925925924,0,0.0,0.2727272727272727,0.0,0.0,0.0,1.0
50,2026-06-18 02:00:00+00:00,0.5,6,132,11,27,1.0,0.14814814814814814,1.0,1.0,0.7777777777777778,1.0,1.0,1.0,1.0,0.14814814814814814,0.14814814814814814,0,0.0,0.5454545454545454,0.0,0.0,0.0,1.0
50,2026-06-18 02:00:00+00:00,1.0,11,132,11,27,1.0,0.037037037037037035,0.48148148148148145,0.9629629629629629,0.7037037037037037,1.0,0.4074074074074074,0.48148148148148145,0.48148148148148145,0.037037037037037035,0.037037037037037035,2,0.18181818181818182,1.0,0.09090909090909091,0.18181818181818182,0.2727272727272727,0.8181818181818181
51,2026-06-18 03:00:00+00:00,0.1,1,108,10,24,0.9166666666666666,0.5909090909090909,1.0,1.0,0.9545454545454546,1.0,1.0,1.0,1.0,0.5909090909090909,0.5909090909090909,0,0.0,0.1,0.0,0.0,0.0,1.0
51,2026-06-18 03:00:00+00:00,0.25,3,108,10,24,0.9166666666666666,0.2727272727272727,1.0,1.0,0.7727272727272727,1.0,1.0,1.0,1.0,0.2727272727272727,0.2727272727272727,0,0.0,0.3,0.0,0.0,0.0,1.0
51,2026-06-18 03:00:00+00:00,0.5,5,108,10,24,0.9166666666666666,0.2727272727272727,0.5909090909090909,1.0,0.7727272727272727,1.0,0.5909090909090909,0.5909090909090909,0.5909090909090909,0.18181818181818182,0.2727272727272727,1,0.1,0.5,0.0,0.1,0.1,0.8
51,2026-06-18 03:00:00+00:00,1.0,10,108,10,24,0.9166666666666666,0.045454545454545456,0.36363636363636365,1.0,0.5909090909090909,1.0,0.2727272727272727,0.36363636363636365,0.36363636363636365,0.045454545454545456,0.045454545454545456,3,0.3,1.0,0.1,0.3,0.4,0.7
52,2026-06-18 04:00:00+00:00,0.1,1,88,6,17,1.0,0.5882352941176471,1.0,1.0,0.9411764705882353,1.0,1.0,1.0,1.0,0.5882352941176471,0.5882352941176471,0,0.0,0.16666666666666666,0.0,0.0,0.0,1.0
52,2026-06-18 04:00:00+00:00,0.25,2,88,6,17,1.0,0.5882352941176471,1.0,1.0,0.8235294117647058,1.0,1.0,1.0,1.0,0.35294117647058826,0.5882352941176471,0,0.0,0.3333333333333333,0.0,0.0,0.0,1.0
52,2026-06-18 04:00:00+00:00,0.5,3,88,6,17,1.0,0.4117647058823529,1.0,1.0,0.7058823529411765,1.0,1.0,1.0,1.0,0.23529411764705882,0.4117647058823529,0,0.0,0.5,0.0,0.0,0.0,1.0
52,2026-06-18 04:00:00+00:00,1.0,6,88,6,17,1.0,0.058823529411764705,0.29411764705882354,1.0,0.5882352941176471,1.0,0.29411764705882354,0.29411764705882354,0.29411764705882354,0.058823529411764705,0.058823529411764705,2,0.3333333333333333,1.0,0.0,0.3333333333333333,0.3333333333333333,0.6666666666666667
53,2026-06-18 05:00:00+00:00,0.1,1,84,5,16,0.75,0.6666666666666666,1.0,1.0,1.0,1.0,1.0,1.0,1.0,0.6666666666666666,0.6666666666666666,0,0.0,0.2,0.0,0.0,0.0,1.0
53,2026-06-18 05:00:00+00:00,0.25,2,84,5,16,0.75,0.6666666666666666,1.0,1.0,0.75,1.0,1.0,1.0,1.0,0.4166666666666667,0.6666666666666666,0,0.0,0.4,0.0,0.0,0.0,1.0
53,2026-06-18 05:00:00+00:00,0.5,3,84,5,16,0.75,0.4166666666666667,1.0,1.0,0.75,1.0,1.0,1.0,1.0,0.3333333333333333,0.5,0,0.0,0.6,0.0,0.0,0.0,1.0
53,2026-06-18 05:00:00+00:00,1.0,5,84,5,16,0.75,0.08333333333333333,0.5833333333333334,1.0,0.6666666666666666,1.0,0.5833333333333334,0.5833333333333334,0.5833333333333334,0.08333333333333333,0.08333333333333333,2,0.4,1.0,0.0,0.4,0.4,0.6
54,2026-06-18 06:00:00+00:00,0.1,1,80,5,14,0.8571428571428571,0.6666666666666666,1.0,1.0,1.0,1.0,1.0,1.0,1.0,0.6666666666666666,0.6666666666666666,0,0.0,0.2,0.0,0.0,0.0,1.0
54,2026-06-18 06:00:00+00:00,0.25,2,80,5,14,0.8571428571428571,0.4166666666666667,1.0,1.0,0.9166666666666666,1.0,1.0,1.0,1.0,0.4166666666666667,0.5,0,0.0,0.4,0.0,0.0,0.0,1.0
54,2026-06-18 06:00:00+00:00,0.5,3,80,5,14,0.8571428571428571,0.25,1.0,1.0,0.75,1.0,1.0,1.0,1.0,0.25,0.25,0,0.0,0.6,0.0,0.0,0.0,1.0
54,2026-06-18 06:00:00+00:00,1.0,5,80,5,14,0.8571428571428571,0.08333333333333333,0.5833333333333334,1.0,0.7458333333333336,1.0,0.5833333333333334,0.5833333333333334,0.5833333333333334,0.08333333333333333,0.08333333333333333,2,0.4,1.0,0.0,0.4,0.4,0.6
55,2026-06-18 07:00:00+00:00,0.1,1,70,6,12,1.0,0.6666666666666666,1.0,1.0,0.9166666666666666,1.0,1.0,1.0,1.0,0.6666666666666666,0.75,0,0.0,0.16666666666666666,0.0,0.0,0.0,1.0
55,2026-06-18 07:00:00+00:00,0.25,2,70,6,12,1.0,0.4166666666666667,1.0,1.0,0.7458333333333336,1.0,1.0,1.0,1.0,0.4166666666666667,0.4166666666666667,0,0.0,0.3333333333333333,0.0,0.0,0.0,1.0
55,2026-06-18 07:00:00+00:00,0.5,3,70,6,12,1.0,0.25,1.0,1.0,0.6666666666666666,1.0,0.6666666666666666,0.6666666666666666,1.0,0.25,0.25,0,0.0,0.5,0.0,0.0,0.16666666666666666,1.0
55,2026-06-18 07:00:00+00:00,1.0,6,70,6,12,1.0,0.08333333333333333,0.5833333333333334,1.0,0.5,1.0,0.4166666666666667,0.4166666666666667,0.5833333333333334,0.08333333333333333,0.08333333333333333,2,0.3333333333333333,1.0,0.0,0.3333333333333333,0.5,0.6666666666666667
56,2026-06-18 08:00:00+00:00,0.1,1,56,5,10,1.0,0.5,1.0,1.0,0.9,1.0,1.0,1.0,1.0,0.5,0.5,0,0.0,0.2,0.0,0.0,0.0,1.0
56,2026-06-18 08:00:00+00:00,0.25,2,56,5,10,1.0,0.3,1.0,1.0,0.6,1.0,1.0,1.0,1.0,0.3,0.3,0,0.0,0.4,0.0,0.0,0.0,1.0
56,2026-06-18 08:00:00+00:00,0.5,3,56,5,10,1.0,0.3,0.5,1.0,0.5,1.0,0.5,0.5,0.5,0.2,0.3,1,0.2,0.6,0.0,0.2,0.2,0.6666666666666667
56,2026-06-18 08:00:00+00:00,1.0,5,56,5,10,1.0,0.1,0.4,1.0,0.5,1.0,0.4,0.4,0.4,0.1,0.1,2,0.4,1.0,0.0,0.4,0.4,0.6
57,2026-06-18 09:00:00+00:00,0.1,1,49,5,10,0.8,0.375,1.0,1.0,0.875,1.0,1.0,1.0,1.0,0.375,0.375,0,0.0,0.2,0.0,0.0,0.0,1.0
57,2026-06-18 09:00:00+00:00,0.25,2,49,5,10,0.8,0.375,0.375,1.0,0.75,1.0,0.375,0.375,0.375,0.25,0.375,1,0.2,0.4,0.0,0.2,0.2,0.5
57,2026-06-18 09:00:00+00:00,0.5,3,49,5,10,0.8,0.375,0.375,1.0,0.375,1.0,0.375,0.375,0.375,0.25,0.375,1,0.2,0.6,0.0,0.2,0.2,0.6666666666666667
57,2026-06-18 09:00:00+00:00,1.0,5,49,5,10,0.8,0.125,0.375,1.0,0.375,1.0,0.25,0.375,0.375,0.125,0.125,1,0.2,1.0,0.0,0.2,0.4,0.8
58,2026-06-18 10:00:00+00:00,0.1,1,48,6,11,0.8181818181818182,0.3333333333333333,1.0,1.0,0.7777777777777778,1.0,1.0,1.0,1.0,0.3333333333333333,0.3333333333333333,0,0.0,0.16666666666666666,0.0,0.0,0.0,1.0
58,2026-06-18 10:00:00+00:00,0.25,2,48,6,11,0.8181818181818182,0.3333333333333333,0.3333333333333333,1.0,0.6500000000000009,1.0,0.3333333333333333,0.3333333333333333,0.3333333333333333,0.3333333333333333,0.3333333333333333,1,0.16666666666666666,0.3333333333333333,0.0,0.16666666666666666,0.16666666666666666,0.5
58,2026-06-18 10:00:00+00:00,0.5,3,48,6,11,0.8181818181818182,0.3333333333333333,0.3333333333333333,1.0,0.3333333333333333,1.0,0.3333333333333333,0.3333333333333333,0.3333333333333333,0.2222222222222222,0.3333333333333333,1,0.16666666666666666,0.5,0.0,0.16666666666666666,0.16666666666666666,0.6666666666666667
58,2026-06-18 10:00:00+00:00,1.0,6,48,6,11,0.8181818181818182,0.1111111111111111,0.3333333333333333,0.8888888888888888,0.3333333333333333,1.0,0.3333333333333333,0.3333333333333333,0.3333333333333333,0.1111111111111111,0.1111111111111111,2,0.3333333333333333,1.0,0.16666666666666666,0.3333333333333333,0.3333333333333333,0.6666666666666667
59,2026-06-18 11:00:00+00:00,0.1,1,47,4,12,0.3333333333333333,1.0,1.0,1.0,1.0,1.0,1.0,1.0,1.0,1.0,1.0,0,0.0,0.25,0.0,0.0,0.0,1.0
59,2026-06-18 11:00:00+00:00,0.25,1,47,4,12,0.3333333333333333,1.0,1.0,1.0,1.0,1.0,1.0,1.0,1.0,1.0,1.0,0,0.0,0.25,0.0,0.0,0.0,1.0
59,2026-06-18 11:00:00+00:00,0.5,2,47,4,12,0.3333333333333333,0.5,1.0,1.0,1.0,1.0,1.0,1.0,1.0,0.5,0.5,1,0.25,0.5,0.0,0.25,0.25,0.5
59,2026-06-18 11:00:00+00:00,1.0,4,47,4,12,0.3333333333333333,0.25,1.0,1.0,1.0,1.0,1.0,1.0,1.0,0.25,0.25,1,0.25,1.0,0.0,0.25,0.25,0.75
60,2026-06-18 12:00:00+00:00,0.1,1,46,4,13,0.38461538461538464,0.8,1.0,1.0,1.0,1.0,1.0,1.0,1.0,0.8,0.8,0,0.0,0.25,0.0,0.0,0.0,1.0
60,2026-06-18 12:00:00+00:00,0.25,1,46,4,13,0.38461538461538464,0.8,1.0,1.0,1.0,1.0,1.0,1.0,1.0,0.8,0.8,0,0.0,0.25,0.0,0.0,0.0,1.0
60,2026-06-18 12:00:00+00:00,0.5,2,46,4,13,0.38461538461538464,0.4,1.0,1.0,1.0,1.0,1.0,1.0,1.0,0.4,0.4,1,0.25,0.5,0.0,0.25,0.25,0.5
60,2026-06-18 12:00:00+00:00,1.0,4,46,4,13,0.38461538461538464,0.2,1.0,1.0,0.8,1.0,1.0,1.0,1.0,0.2,0.2,1,0.25,1.0,0.0,0.25,0.25,0.75
61,2026-06-18 13:00:00+00:00,0.1,1,46,3,9,0.5555555555555556,0.4,1.0,1.0,1.0,1.0,1.0,1.0,1.0,0.4,0.4,0,0.0,0.3333333333333333,0.0,0.0,0.0,1.0
61,2026-06-18 13:00:00+00:00,0.25,1,46,3,9,0.5555555555555556,0.4,1.0,1.0,1.0,1.0,1.0,1.0,1.0,0.4,0.4,0,0.0,0.3333333333333333,0.0,0.0,0.0,1.0
61,2026-06-18 13:00:00+00:00,0.5,2,46,3,9,0.5555555555555556,0.4,1.0,1.0,1.0,1.0,1.0,1.0,1.0,0.4,0.4,1,0.3333333333333333,0.6666666666666666,0.0,0.3333333333333333,0.3333333333333333,0.5
61,2026-06-18 13:00:00+00:00,1.0,3,46,3,9,0.5555555555555556,0.2,1.0,1.0,0.4,1.0,1.0,1.0,1.0,0.2,0.2,1,0.3333333333333333,1.0,0.0,0.3333333333333333,0.3333333333333333,0.6666666666666667
62,2026-06-18 14:00:00+00:00,0.1,1,46,1,5,1.0,0.2,1.0,1.0,1.0,1.0,1.0,1.0,1.0,0.2,0.2,0,0.0,1.0,0.0,0.0,0.0,1.0
62,2026-06-18 14:00:00+00:00,0.25,1,46,1,5,1.0,0.2,1.0,1.0,1.0,1.0,1.0,1.0,1.0,0.2,0.2,0,0.0,1.0,0.0,0.0,0.0,1.0
62,2026-06-18 14:00:00+00:00,0.5,1,46,1,5,1.0,0.2,1.0,1.0,1.0,1.0,1.0,1.0,1.0,0.2,0.2,0,0.0,1.0,0.0,0.0,0.0,1.0
62,2026-06-18 14:00:00+00:00,1.0,1,46,1,5,1.0,0.2,1.0,1.0,1.0,1.0,1.0,1.0,1.0,0.2,0.2,0,0.0,1.0,0.0,0.0,0.0,1.0
63,2026-06-18 15:00:00+00:00,0.1,1,47,2,8,0.75,0.3333333333333333,1.0,1.0,1.0,1.0,1.0,1.0,1.0,0.3333333333333333,0.3333333333333333,0,0.0,0.5,0.0,0.0,0.0,1.0
63,2026-06-18 15:00:00+00:00,0.25,1,47,2,8,0.75,0.3333333333333333,1.0,1.0,1.0,1.0,1.0,1.0,1.0,0.3333333333333333,0.3333333333333333,0,0.0,0.5,0.0,0.0,0.0,1.0
63,2026-06-18 15:00:00+00:00,0.5,1,47,2,8,0.75,0.3333333333333333,1.0,1.0,1.0,1.0,1.0,1.0,1.0,0.3333333333333333,0.3333333333333333,0,0.0,0.5,0.0,0.0,0.0,1.0
63,2026-06-18 15:00:00+00:00,1.0,2,47,2,8,0.75,0.16666666666666666,1.0,1.0,1.0,1.0,1.0,1.0,1.0,0.16666666666666666,0.16666666666666666,0,0.0,1.0,0.0,0.0,0.0,1.0
64,2026-06-18 16:00:00+00:00,0.1,2,54,14,38,0.631578947368421,0.4583333333333333,1.0,1.0,0.5812500000000002,1.0,1.0,1.0,1.0,0.4583333333333333,0.6666666666666666,0,0.0,0.14285714285714285,0.0,0.0,0.0,1.0
64,2026-06-18 16:00:00+00:00,0.25,4,54,14,38,0.631578947368421,0.25,0.6666666666666666,0.9583333333333334,0.4583333333333333,1.0,0.6666666666666666,0.6666666666666666,1.0,0.25,0.3333333333333333,1,0.07142857142857142,0.2857142857142857,0.07142857142857142,0.0,0.07142857142857142,0.75
64,2026-06-18 16:00:00+00:00,0.5,7,54,14,38,0.631578947368421,0.125,0.4583333333333333,0.9166666666666666,0.4166666666666667,1.0,0.4583333333333333,0.6666666666666666,0.6666666666666666,0.08333333333333333,0.125,3,0.21428571428571427,0.5,0.14285714285714285,0.14285714285714285,0.21428571428571427,0.5714285714285714
64,2026-06-18 16:00:00+00:00,1.0,14,54,14,38,0.631578947368421,0.041666666666666664,0.4583333333333333,0.625,0.375,1.0,0.4583333333333333,0.4583333333333333,0.4583333333333333,0.041666666666666664,0.041666666666666664,3,0.21428571428571427,1.0,0.2857142857142857,0.21428571428571427,0.21428571428571427,0.7857142857142857
65,2026-06-18 17:00:00+00:00,0.1,4,64,37,89,0.8764044943820225,0.6923076923076923,0.782051282051282,0.9487179487179487,0.8333333333333334,1.0,0.782051282051282,0.782051282051282,0.782051282051282,0.6923076923076923,0.6923076923076923,2,0.05405405405405406,0.10810810810810811,0.05405405405405406,0.05405405405405406,0.05405405405405406,0.5
65,2026-06-18 17:00:00+00:00,0.25,10,64,37,89,0.8764044943820225,0.4230769230769231,0.6666666666666666,0.8589743589743589,0.6923076923076923,0.9615384615384616,0.6666666666666666,0.6666666666666666,0.6794871794871795,0.2564102564102564,0.4230769230769231,6,0.16216216216216217,0.2702702702702703,0.16216216216216217,0.16216216216216217,0.16216216216216217,0.4
65,2026-06-18 17:00:00+00:00,0.5,19,64,37,89,0.8764044943820225,0.08974358974358974,0.16666666666666666,0.717948717948718,0.5384615384615384,0.859615384615384,0.16666666666666666,0.16666666666666666,0.16666666666666666,0.07692307692307693,0.08974358974358974,12,0.32432432432432434,0.5135135135135135,0.2972972972972973,0.32432432432432434,0.32432432432432434,0.368421052631579
65,2026-06-18 17:00:00+00:00,1.0,37,64,37,89,0.8764044943820225,0.01282051282051282,0.0641025641025641,0.4230769230769231,0.21794871794871795,0.5903846153846148,0.0641025641025641,0.0641025641025641,0.08974358974358974,0.01282051282051282,0.01282051282051282,24,0.6486486486486487,1.0,0.5675675675675675,0.6216216216216216,0.6756756756756757,0.3513513513513513
66,2026-06-18 18:00:00+00:00,0.1,8,97,76,184,0.9130434782608695,0.7142857142857143,0.7380952380952381,0.9583333333333334,0.8928571428571429,0.9880952380952381,0.7380952380952381,0.7380952380952381,0.7380952380952381,0.7083333333333334,0.7142857142857143,7,0.09210526315789473,0.10526315789473684,0.07894736842105263,0.09210526315789473,0.09210526315789473,0.125
66,2026-06-18 18:00:00+00:00,0.25,19,97,76,184,0.9130434782608695,0.4166666666666667,0.5476190476190477,0.8779761904761905,0.7797619047619048,0.9404761904761905,0.5476190476190477,0.5476190476190477,0.5476190476190477,0.4107142857142857,0.4583333333333333,15,0.19736842105263158,0.25,0.19736842105263158,0.19736842105263158,0.19736842105263158,0.21052631578947367
66,2026-06-18 18:00:00+00:00,0.5,38,97,76,184,0.9130434782608695,0.09523809523809523,0.11904761904761904,0.7202380952380952,0.5952380952380952,0.8157738095238093,0.11904761904761904,0.11904761904761904,0.11904761904761904,0.047619047619047616,0.09523809523809523,30,0.39473684210526316,0.5,0.39473684210526316,0.39473684210526316,0.39473684210526316,0.21052631578947367
66,2026-06-18 18:00:00+00:00,1.0,76,97,76,184,0.9130434782608695,0.005952380952380952,0.03571428571428571,0.3005952380952381,0.10714285714285714,0.4523809523809524,0.017857142857142856,0.02976190476190476,0.03571428571428571,0.005952380952380952,0.005952380952380952,61,0.8026315789473685,1.0,0.7828947368421053,0.7631578947368421,0.816447368421052,0.19736842105263153
67,2026-06-18 19:00:00+00:00,0.1,13,147,129,371,0.921832884097035,0.6228070175438597,0.6403508771929824,0.9517543859649122,0.8713450292397661,0.97953216374269,0.6257309941520468,0.6345029239766082,0.6403508771929824,0.6228070175438597,0.6228070175438597,12,0.09302325581395349,0.10077519379844961,0.09302325581395349,0.09302325581395349,0.09302325581395349,0.07692307692307687
67,2026-06-18 19:00:00+00:00,0.25,33,147,129,371,0.921832884097035,0.3508771929824561,0.3830409356725146,0.8640350877192983,0.7456140350877193,0.9181286549707602,0.3830409356725146,0.3888888888888889,0.39766081871345027,0.3391812865497076,0.36257309941520466,30,0.23255813953488372,0.2558139534883721,0.2248062015503876,0.23255813953488372,0.23255813953488372,0.09090909090909094
67,2026-06-18 19:00:00+00:00,0.5,65,147,129,371,0.921832884097035,0.03216374269005848,0.06432748538011696,0.6842105263157895,0.5380116959064327,0.7894736842105263,0.06432748538011696,0.06432748538011696,0.13450292397660818,0.029239766081871343,0.06432748538011696,57,0.4418604651162791,0.5038759689922481,0.4418604651162791,0.4418604651162791,0.4496124031007752,0.12307692307692308
67,2026-06-18 19:00:00+00:00,1.0,129,147,129,371,0.921832884097035,0.0029239766081871343,0.014619883040935672,0.14912280701754385,0.049707602339181284,0.33347953216374254,0.005847953216374269,0.008771929824561403,0.014619883040935672,0.0029239766081871343,0.0029239766081871343,114,0.8837209302325582,1.0,0.875968992248062,0.8682170542635659,0.8992248062015504,0.11627906976744184
68,2026-06-18 20:00:00+00:00,0.1,21,225,210,570,0.9789473684210527,0.6326164874551972,0.6415770609318996,0.9605734767025089,0.8655017921146954,0.982078853046595,0.6415770609318996,0.6415770609318996,0.6415770609318996,0.6326164874551972,0.6344086021505376,20,0.09523809523809523,0.1,0.09523809523809523,0.09523809523809523,0.09523809523809523,0.04761904761904767
68,2026-06-18 20:00:00+00:00,0.25,53,225,210,570,0.9789473684210527,0.37992831541218636,0.3924731182795699,0.8763440860215054,0.7491039426523297,0.9301075268817204,0.3870967741935484,0.3960573476702509,0.4014336917562724,0.37455197132616486,0.3906810035842294,51,0.24285714285714285,0.2523809523809524,0.23809523809523808,0.24285714285714285,0.24285714285714285,0.037735849056603765
68,2026-06-18 20:00:00+00:00,0.5,105,225,210,570,0.9789473684210527,0.1003584229390681,0.12903225806451613,0.696236559139785,0.5519713261648745,0.8082437275985663,0.1057347670250896,0.13082437275985664,0.13978494623655913,0.07885304659498207,0.12903225806451613,99,0.4714285714285714,0.5,0.4666666666666667,0.4666666666666667,0.4714285714285714,0.05714285714285716
68,2026-06-18 20:00:00+00:00,1.0,210,225,210,570,0.9789473684210527,0.0017921146953405018,0.008960573476702509,0.08781362007168458,0.021505376344086023,0.3567204301075268,0.0035842293906810036,0.005376344086021506,0.008960573476702509,0.0017921146953405018,0.0017921146953405018,196,0.9333333333333333,1.0,0.9333333333333333,0.9285714285714286,0.9428571428571428,0.06666666666666665
69,2026-06-18 21:00:00+00:00,0.1,31,325,305,727,0.9711141678129298,0.623229461756374,0.6303116147308782,0.9674220963172805,0.8625354107648726,0.9844192634560907,0.6260623229461756,0.6274787535410765,0.6317280453257791,0.6203966005665722,0.6246458923512748,30,0.09836065573770492,0.10163934426229508,0.09508196721311475,0.09836065573770492,0.09836065573770492,0.032258064516129004
69,2026-06-18 21:00:00+00:00,0.25,77,325,305,727,0.9711141678129298,0.36827195467422097,0.3895184135977337,0.896600566572238,0.7648725212464589,0.943342776203966,0.37960339943342775,0.3895184135977337,0.3980169971671388,0.36827195467422097,0.38526912181303113,76,0.24918032786885247,0.25245901639344265,0.2360655737704918,0.2459016393442623,0.24918032786885247,0.012987012987012991
69,2026-06-18 21:00:00+00:00,0.5,153,325,305,727,0.9711141678129298,0.15722379603399433,0.17138810198300283,0.7450424929178471,0.5820113314447591,0.8414305949008498,0.15155807365439095,0.17705382436260622,0.18555240793201133,0.1203257790368272,0.17422096317280453,148,0.4852459016393443,0.5016393442622951,0.46885245901639344,0.4819672131147541,0.4852459016393443,0.0326797385620915
69,2026-06-18 21:00:00+00:00,1.0,305,325,305,727,0.9711141678129298,0.00141643059490085,0.00424929178470255,0.09490084985835694,0.026912181303116147,0.4405807365439093,0.0028328611898017,0.0056657223796034,0.007082152974504249,0.00141643059490085,0.00141643059490085,289,0.9475409836065574,1.0,0.9377049180327869,0.9344262295081968,0.9475409836065574,0.05245901639344264
70,2026-06-18 22:00:00+00:00,0.1,34,351,331,757,0.9762219286657859,0.6048714479025711,0.6089309878213802,0.9675236806495264,0.857916102841678,0.9837618403247632,0.6048714479025711,0.6089309878213802,0.6102841677943166,0.6035182679296346,0.6116373477672531,34,0.1027190332326284,0.1027190332326284,0.09667673716012085,0.1027190332326284,0.1027190332326284,0.0
70,2026-06-18 22:00:00+00:00,0.25,83,351,331,757,0.9762219286657859,0.39648173207036536,0.4059539918809202,0.9039242219215156,0.7671177266576454,0.945872801082544,0.39783491204330174,0.401894451962111,0.4059539918809202,0.38971583220568334,0.39918809201623817,82,0.24773413897280966,0.25075528700906347,0.23564954682779457,0.24773413897280966,0.24773413897280966,0.012048192771084376
70,2026-06-18 22:00:00+00:00,0.5,166,351,331,757,0.9762219286657859,0.15561569688768606,0.17591339648173207,0.7185385656292287,0.5668470906630582,0.8472259810554803,0.16102841677943167,0.17997293640054127,0.1880920162381597,0.13389715832205684,0.17050067658998647,160,0.48338368580060426,0.5015105740181269,0.47129909365558914,0.4773413897280967,0.48338368580060426,0.03614457831325302
70,2026-06-18 22:00:00+00:00,1.0,331,351,331,757,0.9762219286657859,0.0013531799729364006,0.0040595399188092015,0.08389715832205684,0.021583220568335594,0.3456021650879513,0.0040595399188092015,0.005412719891745603,0.008119079837618403,0.0013531799729364006,0.0013531799729364006,316,0.9546827794561934,1.0,0.9425981873111783,0.9395770392749244,0.9486404833836858,0.0453172205438066
71,2026-06-18 23:00:00+00:00,0.1,33,351,323,728,0.9793956043956044,0.6016830294530154,0.6086956521739131,0.9719495091164095,0.8499298737727911,0.9873772791023843,0.603085553997195,0.605890603085554,0.6100981767180925,0.6002805049088359,0.6086956521739131,33,0.1021671826625387,0.1021671826625387,0.09442724458204334,0.1021671826625387,0.1021671826625387,0.0
71,2026-06-18 23:00:00+00:00,0.25,81,351,323,728,0.9793956043956044,0.39831697054698456,0.40953716690042075,0.9116409537166901,0.7503506311360448,0.9495091164095372,0.4067321178120617,0.40953716690042075,0.4123422159887798,0.3955119214586255,0.4053295932678822,79,0.24458204334365324,0.25077399380804954,0.23219814241486067,0.24458204334365324,0.24458204334365324,0.024691358024691357
71,2026-06-18 23:00:00+00:00,0.5,162,351,323,728,0.9793956043956044,0.15568022440392706,0.18934081346423562,0.7678821879382889,0.5792426367461431,0.8626227208976156,0.17812061711079943,0.19074333800841514,0.19642356241234216,0.13604488078541374,0.1753856942496493,153,0.47368421052631576,0.5015479876160991,0.4613003095975232,0.4674922600619195,0.47368421052631576,0.05555555555555558
71,2026-06-18 23:00:00+00:00,1.0,323,351,323,728,0.9793956043956044,0.001402524544179523,0.005610098176718092,0.1276297335203366,0.043478260869565216,0.5105189340813464,0.004207573632538569,0.005610098176718092,0.009817671809256662,0.001402524544179523,0.001402524544179523,301,0.9318885448916409,1.0,0.9195046439628483,0.913312693498452,0.9287925696594427,0.06811145510835914
72,2026-06-19 00:00:00+00:00,0.1,31,354,302,672,0.9806547619047619,0.5887708649468892,0.6054628224582701,0.9757207890743551,0.8452200303490136,0.9893778452200304,0.5993930197268589,0.6069802731411229,0.6130500758725341,0.582701062215478,0.5963581183611533,31,0.10264900662251655,0.10264900662251655,0.08609271523178808,0.10264900662251655,0.10264900662251655,0.0
72,2026-06-19 00:00:00+00:00,0.25,76,354,302,672,0.9806547619047619,0.3960546282245827,0.4264036418816389,0.9203338391502276,0.7632018209408195,0.9590288315629742,0.4233687405159332,0.4279210925644917,0.4324734446130501,0.38543247344461307,0.4006069802731411,72,0.23841059602649006,0.25165562913907286,0.2152317880794702,0.23841059602649006,0.23841059602649006,0.052631578947368474
72,2026-06-19 00:00:00+00:00,0.5,151,354,302,672,0.9806547619047619,0.14871016691957512,0.2109256449165402,0.7852807283763278,0.600834597875569,0.8861911987860395,0.19575113808801214,0.2078907435508346,0.22154779969650987,0.14871016691957512,0.17905918057663125,138,0.45695364238410596,0.5,0.4271523178807947,0.45695364238410596,0.46357615894039733,0.08609271523178808
72,2026-06-19 00:00:00+00:00,1.0,302,354,302,672,0.9806547619047619,0.0015174506828528073,0.027314112291350532,0.26024279210925644,0.15766312594840667,0.5842185128983308,0.007587253414264037,0.010622154779969651,0.019726858877086494,0.0015174506828528073,0.0015174506828528073,266,0.8807947019867549,1.0,0.8543046357615894,0.8509933774834437,0.8741721854304636,0.11920529801324509
73,2026-06-19 01:00:00+00:00,0.1,25,358,249,517,0.9613152804642167,0.6237424547283702,0.647887323943662,0.9818913480885312,0.8650905432595574,0.993963782696177,0.6438631790744467,0.647887323943662,0.647887323943662,0.613682092555332,0.6338028169014085,24,0.0963855421686747,0.10040160642570281,0.06827309236947791,0.0963855421686747,0.10040160642570281,0.040000000000000036
73,2026-06-19 01:00:00+00:00,0.25,63,358,249,517,0.9613152804642167,0.448692152917505,0.5030181086519114,0.9496981891348089,0.8008048289738431,0.9758551307847082,0.5050301810865191,0.5150905432595574,0.5271629778672032,0.43249496981891344,0.4528169014084506,57,0.2289156626506024,0.25301204819277107,0.17670682730923695,0.21686746987951808,0.2248995983935743,0.09523809523809523
73,2026-06-19 01:00:00+00:00,0.5,125,358,249,517,0.9613152804642167,0.15694164989939638,0.28772635814889336,0.858148893360161,0.6458752515090543,0.9295774647887324,0.2676056338028169,0.289738430583501,0.3058350100603622,0.16297786720321933,0.19517102615694165,105,0.42168674698795183,0.5020080321285141,0.3493975903614458,0.40562248995983935,0.42168674698795183,0.16000000000000003
73,2026-06-19 01:00:00+00:00,1.0,249,358,249,517,0.9613152804642167,0.002012072434607646,0.056338028169014086,0.5211267605633803,0.34808853118712274,0.7847082494969819,0.022132796780684104,0.04225352112676056,0.06237424547283702,0.002012072434607646,0.002012072434607646,184,0.7389558232931727,1.0,0.6947791164658634,0.7186746987951806,0.7469879518072289,0.26104417670682734
74,2026-06-19 02:00:00+00:00,0.1,15,360,148,353,0.9320113314447592,0.6109422492401215,0.6565349544072948,0.9908814589665653,0.9300911854103343,1.0,0.6565349544072948,0.6565349544072948,0.6565349544072948,0.6109422492401215,0.6109422492401215,13,0.08783783783783784,0.10135135135135136,0.04054054054054054,0.08783783783783784,0.08783783783783784,0.1333333333333333
74,2026-06-19 02:00:00+00:00,0.25,37,360,148,353,0.9320113314447592,0.3738601823708207,0.5653495440729484,0.9756838905775076,0.7963525835866262,0.9908814589665653,0.547112462006079,0.5653495440729484,0.5653495440729484,0.3708206686930091,0.3951367781155015,23,0.1554054054054054,0.25,0.10135135135135136,0.1554054054054054,0.16216216216216217,0.3783783783783784
74,2026-06-19 02:00:00+00:00,0.5,74,360,148,353,0.9320113314447592,0.1458966565349544,0.44376899696048633,0.939209726443769,0.723404255319149,0.9696048632218845,0.4193009118541033,0.43465045592705165,0.45288753799392095,0.11550151975683891,0.182370820668693,42,0.28378378378378377,0.5,0.20270270270270271,0.27702702702702703,0.2972972972972973,0.43243243243243246
74,2026-06-19 02:00:00+00:00,1.0,148,360,148,353,0.9320113314447592,0.00303951367781155,0.13677811550151975,0.8328267477203647,0.5562310030395137,0.9088145896656535,0.1033434650455927,0.1276595744680851,0.16109422492401215,0.00303951367781155,0.00303951367781155,83,0.5608108108108109,1.0,0.41216216216216217,0.5472972972972973,0.5743243243243243,0.43918918918918914
75,2026-06-19 03:00:00+00:00,0.1,5,361,48,153,0.8431372549019608,0.4806201550387597,0.5038759689922481,1.0,0.9531007751937984,1.0,0.5038759689922481,0.5038759689922481,0.5038759689922481,0.4806201550387597,0.4806201550387597,4,0.08333333333333333,0.10416666666666667,0.020833333333333332,0.08333333333333333,0.08333333333333333,0.19999999999999996
75,2026-06-19 03:00:00+00:00,0.25,12,361,48,153,0.8431372549019608,0.20155038759689922,0.4883720930232558,0.9922480620155039,0.8976744186046512,1.0,0.46511627906976744,0.46511627906976744,0.4883720930232558,0.20155038759689922,0.26356589147286824,6,0.125,0.25,0.041666666666666664,0.125,0.14583333333333334,0.5
75,2026-06-19 03:00:00+00:00,0.5,24,361,48,153,0.8431372549019608,0.06201550387596899,0.4573643410852713,0.9844961240310077,0.6976744186046512,1.0,0.4573643410852713,0.4573643410852713,0.4573643410852713,0.046511627906976744,0.09302325581395349,8,0.16666666666666666,0.5,0.0625,0.16666666666666666,0.1875,0.6666666666666667
75,2026-06-19 03:00:00+00:00,1.0,48,361,48,153,0.8431372549019608,0.007751937984496124,0.31007751937984496,0.9534883720930233,0.6356589147286822,0.9922480620155039,0.31007751937984496,0.37209302325581395,0.37209302325581395,0.007751937984496124,0.007751937984496124,13,0.2708333333333333,1.0,0.125,0.25,0.2708333333333333,0.7291666666666667
76,2026-06-19 04:00:00+00:00,0.1,3,366,24,57,0.8947368421052632,0.3333333333333333,0.7450980392156863,1.0,0.9607843137254902,1.0,0.7450980392156863,0.7450980392156863,0.7450980392156863,0.3333333333333333,0.5098039215686274,3,0.125,0.125,0.0,0.125,0.125,0.0
76,2026-06-19 04:00:00+00:00,0.25,6,366,24,57,0.8947368421052632,0.17647058823529413,0.7450980392156863,1.0,0.6862745098039216,1.0,0.7450980392156863,0.7450980392156863,0.7450980392156863,0.17647058823529413,0.17647058823529413,3,0.125,0.25,0.0,0.125,0.125,0.5
76,2026-06-19 04:00:00+00:00,0.5,12,366,24,57,0.8947368421052632,0.09803921568627451,0.7450980392156863,1.0,0.6666666666666666,1.0,0.7450980392156863,0.7450980392156863,0.7450980392156863,0.09803921568627451,0.13725490196078433,3,0.125,0.5,0.041666666666666664,0.125,0.125,0.75
76,2026-06-19 04:00:00+00:00,1.0,24,366,24,57,0.8947368421052632,0.0196078431372549,0.43137254901960786,0.9803921568627451,0.5686274509803921,1.0,0.43137254901960786,0.43137254901960786,0.43137254901960786,0.0196078431372549,0.0196078431372549,4,0.16666666666666666,1.0,0.0625,0.16666666666666666,0.16666666666666666,0.8333333333333334
77,2026-06-19 05:00:00+00:00,0.1,3,364,24,57,0.9122807017543859,0.3269230769230769,0.75,1.0,0.9807692307692307,1.0,0.75,0.75,0.75,0.3269230769230769,0.5,3,0.125,0.125,0.0,0.125,0.125,0.0
77,2026-06-19 05:00:00+00:00,0.25,6,364,24,57,0.9122807017543859,0.17307692307692307,0.75,1.0,0.6730769230769231,1.0,0.75,0.75,0.75,0.17307692307692307,0.17307692307692307,3,0.125,0.25,0.0,0.125,0.125,0.5
77,2026-06-19 05:00:00+00:00,0.5,12,364,24,57,0.9122807017543859,0.09615384615384616,0.75,1.0,0.6538461538461539,1.0,0.75,0.75,0.75,0.09615384615384616,0.1346153846153846,3,0.125,0.5,0.041666666666666664,0.125,0.125,0.75
77,2026-06-19 05:00:00+00:00,1.0,24,364,24,57,0.9122807017543859,0.019230769230769232,0.4230769230769231,0.9807692307692307,0.5576923076923077,1.0,0.4230769230769231,0.4230769230769231,0.4230769230769231,0.019230769230769232,0.019230769230769232,4,0.16666666666666666,1.0,0.08333333333333333,0.16666666666666666,0.16666666666666666,0.8333333333333334
78,2026-06-19 06:00:00+00:00,0.1,3,366,24,54,0.48148148148148145,0.5384615384615384,0.8461538461538461,1.0,0.9615384615384616,1.0,0.8461538461538461,0.8461538461538461,0.8461538461538461,0.5384615384615384,0.5384615384615384,2,0.08333333333333333,0.125,0.0,0.08333333333333333,0.08333333333333333,0.33333333333333337
78,2026-06-19 06:00:00+00:00,0.25,6,366,24,54,0.48148148148148145,0.23076923076923078,0.8461538461538461,1.0,0.9230769230769231,1.0,0.8461538461538461,0.8461538461538461,0.8461538461538461,0.23076923076923078,0.23076923076923078,2,0.08333333333333333,0.25,0.0,0.08333333333333333,0.08333333333333333,0.6666666666666667
78,2026-06-19 06:00:00+00:00,0.5,12,366,24,54,0.48148148148148145,0.19230769230769232,0.8461538461538461,1.0,0.8461538461538461,1.0,0.8461538461538461,0.8461538461538461,0.8461538461538461,0.15384615384615385,0.23076923076923078,2,0.08333333333333333,0.5,0.041666666666666664,0.08333333333333333,0.08333333333333333,0.8333333333333334
78,2026-06-19 06:00:00+00:00,1.0,24,366,24,54,0.48148148148148145,0.038461538461538464,0.5384615384615384,1.0,0.8461538461538461,1.0,0.5384615384615384,0.5384615384615384,0.5384615384615384,0.038461538461538464,0.038461538461538464,3,0.125,1.0,0.041666666666666664,0.125,0.125,0.875
79,2026-06-19 07:00:00+00:00,0.1,2,366,18,37,0.5135135135135135,0.3157894736842105,1.0,1.0,1.0,1.0,1.0,1.0,1.0,0.3157894736842105,0.3157894736842105,1,0.05555555555555555,0.1111111111111111,0.0,0.05555555555555555,0.05555555555555555,0.5
79,2026-06-19 07:00:00+00:00,0.25,5,366,18,37,0.5135135135135135,0.3157894736842105,1.0,1.0,0.9473684210526315,1.0,1.0,1.0,1.0,0.3157894736842105,0.3157894736842105,2,0.1111111111111111,0.2777777777777778,0.0,0.1111111111111111,0.1111111111111111,0.6
79,2026-06-19 07:00:00+00:00,0.5,9,366,18,37,0.5135135135135135,0.2631578947368421,1.0,1.0,0.8947368421052632,1.0,1.0,1.0,1.0,0.15789473684210525,0.3157894736842105,2,0.1111111111111111,0.5,0.0,0.1111111111111111,0.1111111111111111,0.7777777777777778
79,2026-06-19 07:00:00+00:00,1.0,18,366,18,37,0.5135135135135135,0.05263157894736842,1.0,1.0,0.6842105263157895,1.0,1.0,1.0,1.0,0.05263157894736842,0.05263157894736842,2,0.1111111111111111,1.0,0.05555555555555555,0.1111111111111111,0.1111111111111111,0.8888888888888888
80,2026-06-19 08:00:00+00:00,0.1,2,364,13,24,0.5416666666666666,0.46153846153846156,1.0,1.0,1.0,1.0,1.0,1.0,1.0,0.46153846153846156,0.46153846153846156,0,0.0,0.15384615384615385,0.0,0.0,0.0,1.0
80,2026-06-19 08:00:00+00:00,0.25,4,364,13,24,0.5416666666666666,0.38461538461538464,1.0,1.0,1.0,1.0,1.0,1.0,1.0,0.3076923076923077,0.46153846153846156,0,0.0,0.3076923076923077,0.0,0.0,0.0,1.0
80,2026-06-19 08:00:00+00:00,0.5,7,364,13,24,0.5416666666666666,0.3076923076923077,1.0,1.0,0.9230769230769231,1.0,1.0,1.0,1.0,0.23076923076923078,0.38461538461538464,0,0.0,0.5384615384615384,0.0,0.0,0.0,1.0
80,2026-06-19 08:00:00+00:00,1.0,13,364,13,24,0.5416666666666666,0.07692307692307693,1.0,1.0,0.8461538461538461,1.0,1.0,1.0,1.0,0.07692307692307693,0.07692307692307693,0,0.0,1.0,0.0,0.0,0.0,1.0
81,2026-06-19 09:00:00+00:00,0.1,2,366,14,26,0.7307692307692307,0.3157894736842105,1.0,1.0,1.0,1.0,1.0,1.0,1.0,0.3157894736842105,0.3157894736842105,0,0.0,0.14285714285714285,0.0,0.0,0.0,1.0
81,2026-06-19 09:00:00+00:00,0.25,4,366,14,26,0.7307692307692307,0.2631578947368421,1.0,1.0,0.9473684210526315,1.0,1.0,1.0,1.0,0.21052631578947367,0.3157894736842105,0,0.0,0.2857142857142857,0.0,0.0,0.0,1.0
81,2026-06-19 09:00:00+00:00,0.5,7,366,14,26,0.7307692307692307,0.21052631578947367,1.0,1.0,0.8947368421052632,1.0,1.0,1.0,1.0,0.15789473684210525,0.2631578947368421,0,0.0,0.5,0.0,0.0,0.0,1.0
81,2026-06-19 09:00:00+00:00,1.0,14,366,14,26,0.7307692307692307,0.05263157894736842,1.0,1.0,0.7368421052631579,1.0,1.0,1.0,1.0,0.05263157894736842,0.05263157894736842,0,0.0,1.0,0.0,0.0,0.0,1.0
82,2026-06-19 10:00:00+00:00,0.1,1,368,8,22,0.7272727272727273,0.375,1.0,1.0,1.0,1.0,1.0,1.0,1.0,0.375,0.375,0,0.0,0.125,0.0,0.0,0.0,1.0
82,2026-06-19 10:00:00+00:00,0.25,2,368,8,22,0.7272727272727273,0.375,1.0,1.0,1.0,1.0,1.0,1.0,1.0,0.25,0.375,0,0.0,0.25,0.0,0.0,0.0,1.0
82,2026-06-19 10:00:00+00:00,0.5,4,368,8,22,0.7272727272727273,0.1875,1.0,1.0,1.0,1.0,1.0,1.0,1.0,0.125,0.25,0,0.0,0.5,0.0,0.0,0.0,1.0
82,2026-06-19 10:00:00+00:00,1.0,8,368,8,22,0.7272727272727273,0.0625,1.0,1.0,0.8125,1.0,1.0,1.0,1.0,0.0625,0.0625,0,0.0,1.0,0.0,0.0,0.0,1.0
83,2026-06-19 11:00:00+00:00,0.1,1,369,7,23,0.7391304347826086,0.23529411764705882,1.0,1.0,1.0,1.0,1.0,1.0,1.0,0.23529411764705882,0.23529411764705882,0,0.0,0.14285714285714285,0.0,0.0,0.0,1.0
83,2026-06-19 11:00:00+00:00,0.25,2,369,7,23,0.7391304347826086,0.23529411764705882,1.0,1.0,1.0,1.0,1.0,1.0,1.0,0.23529411764705882,0.23529411764705882,0,0.0,0.2857142857142857,0.0,0.0,0.0,1.0
83,2026-06-19 11:00:00+00:00,0.5,4,369,7,23,0.7391304347826086,0.17647058823529413,1.0,1.0,1.0,1.0,1.0,1.0,1.0,0.11764705882352941,0.17647058823529413,0,0.0,0.5714285714285714,0.0,0.0,0.0,1.0
83,2026-06-19 11:00:00+00:00,1.0,7,369,7,23,0.7391304347826086,0.058823529411764705,1.0,1.0,1.0,1.0,1.0,1.0,1.0,0.058823529411764705,0.058823529411764705,0,0.0,1.0,0.0,0.0,0.0,1.0
84,2026-06-19 12:00:00+00:00,0.1,1,370,8,20,0.75,0.26666666666666666,1.0,1.0,1.0,1.0,1.0,1.0,1.0,0.26666666666666666,0.26666666666666666,0,0.0,0.125,0.0,0.0,0.0,1.0
84,2026-06-19 12:00:00+00:00,0.25,2,370,8,20,0.75,0.26666666666666666,1.0,1.0,1.0,1.0,1.0,1.0,1.0,0.26666666666666666,0.26666666666666666,0,0.0,0.25,0.0,0.0,0.0,1.0
84,2026-06-19 12:00:00+00:00,0.5,4,370,8,20,0.75,0.26666666666666666,1.0,1.0,1.0,1.0,1.0,1.0,1.0,0.13333333333333333,0.26666666666666666,0,0.0,0.5,0.0,0.0,0.0,1.0
84,2026-06-19 12:00:00+00:00,1.0,8,370,8,20,0.75,0.06666666666666667,1.0,1.0,1.0,1.0,1.0,1.0,1.0,0.06666666666666667,0.06666666666666667,0,0.0,1.0,0.0,0.0,0.0,1.0
85,2026-06-19 13:00:00+00:00,0.1,2,379,17,36,0.4722222222222222,0.35294117647058826,1.0,1.0,1.0,1.0,1.0,1.0,1.0,0.35294117647058826,0.35294117647058826,0,0.0,0.11764705882352941,0.0,0.0,0.0,1.0
85,2026-06-19 13:00:00+00:00,0.25,5,379,17,36,0.4722222222222222,0.23529411764705882,1.0,1.0,1.0,1.0,1.0,1.0,1.0,0.23529411764705882,0.23529411764705882,0,0.0,0.29411764705882354,0.0,0.0,0.0,1.0
85,2026-06-19 13:00:00+00:00,0.5,9,379,17,36,0.4722222222222222,0.23529411764705882,1.0,1.0,1.0,1.0,1.0,1.0,1.0,0.11764705882352941,0.23529411764705882,0,0.0,0.5294117647058824,0.0,0.0,0.0,1.0
85,2026-06-19 13:00:00+00:00,1.0,17,379,17,36,0.4722222222222222,0.058823529411764705,0.47058823529411764,1.0,0.9411764705882353,1.0,0.47058823529411764,0.47058823529411764,0.47058823529411764,0.058823529411764705,0.058823529411764705,1,0.058823529411764705,1.0,0.058823529411764705,0.058823529411764705,0.058823529411764705,0.9411764705882353
86,2026-06-19 14:00:00+00:00,0.1,2,376,17,26,0.2692307692307692,1.0,1.0,1.0,1.0,1.0,1.0,1.0,1.0,0.7142857142857143,1.0,0,0.0,0.11764705882352941,0.0,0.0,0.0,1.0
86,2026-06-19 14:00:00+00:00,0.25,5,376,17,26,0.2692307692307692,0.7142857142857143,1.0,1.0,0.8571428571428571,1.0,1.0,1.0,1.0,0.5714285714285714,0.7142857142857143,0,0.0,0.29411764705882354,0.0,0.0,0.0,1.0
86,2026-06-19 14:00:00+00:00,0.5,9,376,17,26,0.2692307692307692,0.5714285714285714,1.0,1.0,0.8571428571428571,1.0,1.0,1.0,1.0,0.42857142857142855,0.7142857142857143,0,0.0,0.5294117647058824,0.0,0.0,0.0,1.0
86,2026-06-19 14:00:00+00:00,1.0,17,376,17,26,0.2692307692307692,0.14285714285714285,1.0,1.0,0.8571428571428571,1.0,1.0,1.0,1.0,0.14285714285714285,0.14285714285714285,0,0.0,1.0,0.058823529411764705,0.0,0.0,1.0
87,2026-06-19 15:00:00+00:00,0.1,2,377,18,31,0.3870967741935484,0.5,1.0,1.0,1.0,1.0,1.0,1.0,1.0,0.5,0.5,0,0.0,0.1111111111111111,0.0,0.0,0.0,1.0
87,2026-06-19 15:00:00+00:00,0.25,5,377,18,31,0.3870967741935484,0.5,1.0,1.0,0.9166666666666666,1.0,1.0,1.0,1.0,0.4166666666666667,0.5,0,0.0,0.2777777777777778,0.0,0.0,0.0,1.0
87,2026-06-19 15:00:00+00:00,0.5,9,377,18,31,0.3870967741935484,0.3333333333333333,1.0,1.0,0.9166666666666666,1.0,1.0,1.0,1.0,0.25,0.5,0,0.0,0.5,0.0,0.0,0.0,1.0
87,2026-06-19 15:00:00+00:00,1.0,18,377,18,31,0.3870967741935484,0.08333333333333333,1.0,1.0,0.8333333333333334,1.0,1.0,1.0,1.0,0.08333333333333333,0.08333333333333333,0,0.0,1.0,0.05555555555555555,0.0,0.0,1.0
88,2026-06-19 16:00:00+00:00,0.1,2,359,13,22,0.2727272727272727,1.0,1.0,1.0,1.0,1.0,1.0,1.0,1.0,1.0,1.0,0,0.0,0.15384615384615385,0.0,0.0,0.0,1.0
88,2026-06-19 16:00:00+00:00,0.25,4,359,13,22,0.2727272727272727,1.0,1.0,1.0,1.0,1.0,1.0,1.0,1.0,0.8333333333333334,1.0,0,0.0,0.3076923076923077,0.0,0.0,0.0,1.0
88,2026-06-19 16:00:00+00:00,0.5,7,359,13,22,0.2727272727272727,0.6666666666666666,1.0,1.0,1.0,1.0,1.0,1.0,1.0,0.5,0.8333333333333334,0,0.0,0.5384615384615384,0.0,0.0,0.0,1.0
88,2026-06-19 16:00:00+00:00,1.0,13,359,13,22,0.2727272727272727,0.16666666666666666,1.0,1.0,1.0,1.0,1.0,1.0,1.0,0.16666666666666666,0.16666666666666666,0,0.0,1.0,0.0,0.0,0.0,1.0
89,2026-06-19 17:00:00+00:00,0.1,2,341,13,22,0.3181818181818182,1.0,1.0,1.0,1.0,1.0,1.0,1.0,1.0,1.0,1.0,0,0.0,0.15384615384615385,0.0,0.0,0.0,1.0
89,2026-06-19 17:00:00+00:00,0.25,4,341,13,22,0.3181818181818182,1.0,1.0,1.0,0.8571428571428571,1.0,1.0,1.0,1.0,0.7142857142857143,1.0,0,0.0,0.3076923076923077,0.0,0.0,0.0,1.0
89,2026-06-19 17:00:00+00:00,0.5,7,341,13,22,0.3181818181818182,0.5714285714285714,1.0,1.0,0.8571428571428571,1.0,1.0,1.0,1.0,0.42857142857142855,0.8571428571428571,0,0.0,0.5384615384615384,0.0,0.0,0.0,1.0
89,2026-06-19 17:00:00+00:00,1.0,13,341,13,22,0.3181818181818182,0.14285714285714285,1.0,1.0,0.7142857142857143,1.0,1.0,1.0,1.0,0.14285714285714285,0.14285714285714285,0,0.0,1.0,0.0,0.0,0.0,1.0
90,2026-06-19 18:00:00+00:00,0.1,1,318,10,19,0.2631578947368421,1.0,1.0,1.0,1.0,1.0,1.0,1.0,1.0,1.0,1.0,0,0.0,0.1,0.0,0.0,0.0,1.0
90,2026-06-19 18:00:00+00:00,0.25,3,318,10,19,0.2631578947368421,1.0,1.0,1.0,1.0,1.0,1.0,1.0,1.0,1.0,1.0,0,0.0,0.3,0.0,0.0,0.0,1.0
90,2026-06-19 18:00:00+00:00,0.5,5,318,10,19,0.2631578947368421,1.0,1.0,1.0,1.0,1.0,1.0,1.0,1.0,0.6,1.0,0,0.0,0.5,0.0,0.0,0.0,1.0
90,2026-06-19 18:00:00+00:00,1.0,10,318,10,19,0.2631578947368421,0.2,1.0,1.0,0.8,1.0,1.0,1.0,1.0,0.2,0.2,0,0.0,1.0,0.0,0.0,0.0,1.0
91,2026-06-19 19:00:00+00:00,0.1,1,264,5,11,0.45454545454545453,0.6,1.0,1.0,1.0,1.0,1.0,1.0,1.0,0.6,0.6,0,0.0,0.2,0.0,0.0,0.0,1.0
91,2026-06-19 19:00:00+00:00,0.25,2,264,5,11,0.45454545454545453,0.6,1.0,1.0,1.0,1.0,1.0,1.0,1.0,0.6,0.6,0,0.0,0.4,0.0,0.0,0.0,1.0
91,2026-06-19 19:00:00+00:00,0.5,3,264,5,11,0.45454545454545453,0.6,1.0,1.0,1.0,1.0,1.0,1.0,1.0,0.4,0.6,0,0.0,0.6,0.0,0.0,0.0,1.0
91,2026-06-19 19:00:00+00:00,1.0,5,264,5,11,0.45454545454545453,0.2,1.0,1.0,1.0,1.0,1.0,1.0,1.0,0.2,0.2,0,0.0,1.0,0.0,0.0,0.0,1.0
92,2026-06-19 20:00:00+00:00,0.1,1,168,8,14,0.35714285714285715,0.8,1.0,1.0,1.0,1.0,1.0,1.0,1.0,0.8,0.8,0,0.0,0.125,0.0,0.0,0.0,1.0
92,2026-06-19 20:00:00+00:00,0.25,2,168,8,14,0.35714285714285715,0.8,1.0,1.0,1.0,1.0,1.0,1.0,1.0,0.6,0.8,0,0.0,0.25,0.0,0.0,0.0,1.0
92,2026-06-19 20:00:00+00:00,0.5,4,168,8,14,0.35714285714285715,0.6,1.0,1.0,1.0,1.0,1.0,1.0,1.0,0.6,0.6,0,0.0,0.5,0.0,0.0,0.0,1.0
92,2026-06-19 20:00:00+00:00,1.0,8,168,8,14,0.35714285714285715,0.2,1.0,1.0,0.8,1.0,1.0,1.0,1.0,0.2,0.2,0,0.0,1.0,0.0,0.0,0.0,1.0
93,2026-06-19 21:00:00+00:00,0.1,2,81,15,25,0.4,0.8,1.0,1.0,0.9,1.0,1.0,1.0,1.0,0.8,0.8,0,0.0,0.13333333333333333,0.0,0.0,0.0,1.0
93,2026-06-19 21:00:00+00:00,0.25,4,81,15,25,0.4,0.4,0.8,1.0,0.9,1.0,0.8,0.8,0.8,0.4,0.4,1,0.06666666666666667,0.26666666666666666,0.06666666666666667,0.06666666666666667,0.06666666666666667,0.75
93,2026-06-19 21:00:00+00:00,0.5,8,81,15,25,0.4,0.3,0.8,1.0,0.8,1.0,0.8,0.8,0.8,0.3,0.4,1,0.06666666666666667,0.5333333333333333,0.06666666666666667,0.06666666666666667,0.06666666666666667,0.875
93,2026-06-19 21:00:00+00:00,1.0,15,81,15,25,0.4,0.1,0.8,1.0,0.7,1.0,0.4,0.4,0.8,0.1,0.1,2,0.13333333333333333,1.0,0.2,0.13333333333333333,0.2,0.8666666666666667
94,2026-06-19 22:00:00+00:00,0.1,2,54,17,28,0.42857142857142855,0.75,0.75,1.0,0.9166666666666666,1.0,0.75,0.75,0.75,0.75,0.75,1,0.058823529411764705,0.11764705882352941,0.058823529411764705,0.058823529411764705,0.058823529411764705,0.5
94,2026-06-19 22:00:00+00:00,0.25,5,54,17,28,0.42857142857142855,0.3333333333333333,0.75,1.0,0.75,1.0,0.75,0.75,0.75,0.25,0.3333333333333333,2,0.11764705882352941,0.29411764705882354,0.11764705882352941,0.11764705882352941,0.11764705882352941,0.6
94,2026-06-19 22:00:00+00:00,0.5,9,54,17,28,0.42857142857142855,0.3333333333333333,0.3333333333333333,0.9166666666666666,0.6666666666666666,1.0,0.3333333333333333,0.3333333333333333,0.3333333333333333,0.25,0.3333333333333333,3,0.17647058823529413,0.5294117647058824,0.17647058823529413,0.17647058823529413,0.17647058823529413,0.6666666666666667
94,2026-06-19 22:00:00+00:00,1.0,17,54,17,28,0.42857142857142855,0.08333333333333333,0.3333333333333333,0.9166666666666666,0.4166666666666667,1.0,0.3333333333333333,0.3333333333333333,0.3333333333333333,0.08333333333333333,0.08333333333333333,5,0.29411764705882354,1.0,0.29411764705882354,0.23529411764705882,0.29411764705882354,0.7058823529411764
95,2026-06-19 23:00:00+00:00,0.1,2,51,13,23,0.5217391304347826,0.75,0.75,1.0,0.9166666666666666,1.0,0.75,0.75,0.75,0.75,0.75,1,0.07692307692307693,0.15384615384615385,0.0,0.07692307692307693,0.07692307692307693,0.5
95,2026-06-19 23:00:00+00:00,0.25,4,51,13,23,0.5217391304347826,0.3333333333333333,0.75,1.0,0.75,1.0,0.75,0.75,0.75,0.3333333333333333,0.3333333333333333,1,0.07692307692307693,0.3076923076923077,0.07692307692307693,0.07692307692307693,0.07692307692307693,0.75
95,2026-06-19 23:00:00+00:00,0.5,7,51,13,23,0.5217391304347826,0.25,0.75,1.0,0.6666666666666666,1.0,0.3333333333333333,0.75,0.75,0.16666666666666666,0.3333333333333333,2,0.15384615384615385,0.5384615384615384,0.15384615384615385,0.15384615384615385,0.23076923076923078,0.7142857142857143
95,2026-06-19 23:00:00+00:00,1.0,13,51,13,23,0.5217391304347826,0.08333333333333333,0.3333333333333333,0.9166666666666666,0.4166666666666667,1.0,0.3333333333333333,0.3333333333333333,0.3333333333333333,0.08333333333333333,0.08333333333333333,4,0.3076923076923077,1.0,0.23076923076923078,0.23076923076923078,0.3076923076923077,0.6923076923076923
96,2026-06-20 00:00:00+00:00,0.1,1,36,3,7,0.42857142857142855,0.6666666666666666,1.0,1.0,1.0,1.0,1.0,1.0,1.0,0.6666666666666666,0.6666666666666666,0,0.0,0.3333333333333333,0.0,0.0,0.0,1.0
96,2026-06-20 00:00:00+00:00,0.25,1,36,3,7,0.42857142857142855,0.6666666666666666,1.0,1.0,1.0,1.0,1.0,1.0,1.0,0.6666666666666666,0.6666666666666666,0,0.0,0.3333333333333333,0.0,0.0,0.0,1.0
96,2026-06-20 00:00:00+00:00,0.5,2,36,3,7,0.42857142857142855,0.6666666666666666,1.0,1.0,0.6666666666666666,1.0,1.0,1.0,1.0,0.6666666666666666,0.6666666666666666,0,0.0,0.6666666666666666,0.0,0.0,0.0,1.0
96,2026-06-20 00:00:00+00:00,1.0,3,36,3,7,0.42857142857142855,0.3333333333333333,1.0,1.0,0.6666666666666666,1.0,1.0,1.0,1.0,0.3333333333333333,0.3333333333333333,0,0.0,1.0,0.0,0.0,0.0,1.0
97,2026-06-20 01:00:00+00:00,0.1,1,33,4,12,0.6666666666666666,0.5,1.0,1.0,0.625,1.0,1.0,1.0,1.0,0.5,0.5,0,0.0,0.25,0.0,0.0,0.0,1.0
97,2026-06-20 01:00:00+00:00,0.25,1,33,4,12,0.6666666666666666,0.5,1.0,1.0,0.625,1.0,1.0,1.0,1.0,0.5,0.5,0,0.0,0.25,0.0,0.0,0.0,1.0
97,2026-06-20 01:00:00+00:00,0.5,2,33,4,12,0.6666666666666666,0.25,0.5,1.0,0.5,1.0,0.5,0.5,0.5,0.25,0.25,1,0.25,0.5,0.0,0.25,0.25,0.5
97,2026-06-20 01:00:00+00:00,1.0,4,33,4,12,0.6666666666666666,0.125,0.25,1.0,0.5,1.0,0.25,0.25,0.25,0.125,0.125,2,0.5,1.0,0.0,0.5,0.5,0.5
98,2026-06-20 02:00:00+00:00,0.1,2,44,18,45,0.8222222222222222,0.43243243243243246,0.43243243243243246,1.0,0.8918918918918919,1.0,0.43243243243243246,0.43243243243243246,0.43243243243243246,0.43243243243243246,0.43243243243243246,2,0.1111111111111111,0.1111111111111111,0.05555555555555555,0.1111111111111111,0.1111111111111111,0.0
98,2026-06-20 02:00:00+00:00,0.25,5,44,18,45,0.8222222222222222,0.08108108108108109,0.16216216216216217,0.9459459459459459,0.6486486486486487,1.0,0.08108108108108109,0.08108108108108109,0.16216216216216217,0.08108108108108109,0.08108108108108109,4,0.2222222222222222,0.2777777777777778,0.1111111111111111,0.2222222222222222,0.2777777777777778,0.19999999999999996
98,2026-06-20 02:00:00+00:00,0.5,9,44,18,45,0.8222222222222222,0.05405405405405406,0.08108108108108109,0.8918918918918919,0.5675675675675675,1.0,0.08108108108108109,0.08108108108108109,0.08108108108108109,0.05405405405405406,0.08108108108108109,5,0.2777777777777778,0.5,0.2222222222222222,0.2777777777777778,0.3333333333333333,0.4444444444444444
98,2026-06-20 02:00:00+00:00,1.0,18,44,18,45,0.8222222222222222,0.02702702702702703,0.08108108108108109,0.7027027027027027,0.1891891891891892,0.918918918918919,0.05405405405405406,0.08108108108108109,0.08108108108108109,0.02702702702702703,0.02702702702702703,7,0.3888888888888889,1.0,0.3888888888888889,0.3888888888888889,0.5555555555555556,0.6111111111111112
99,2026-06-20 03:00:00+00:00,0.1,3,50,25,69,0.8840579710144928,0.5245901639344263,0.5245901639344263,0.9672131147540983,0.819672131147541,1.0,0.5245901639344263,0.5245901639344263,0.5245901639344263,0.5245901639344263,0.5245901639344263,3,0.12,0.12,0.04,0.12,0.12,0.0
99,2026-06-20 03:00:00+00:00,0.25,7,50,25,69,0.8840579710144928,0.21311475409836064,0.21311475409836064,0.9180327868852459,0.7040983606557377,0.9836065573770492,0.21311475409836064,0.21311475409836064,0.21311475409836064,0.21311475409836064,0.21311475409836064,7,0.28,0.28,0.12,0.28,0.28,0.0
99,2026-06-20 03:00:00+00:00,0.5,13,50,25,69,0.8840579710144928,0.06557377049180328,0.06557377049180328,0.8032786885245902,0.5409836065573771,0.9344262295081968,0.06557377049180328,0.06557377049180328,0.06557377049180328,0.03278688524590164,0.06557377049180328,10,0.4,0.52,0.24,0.4,0.44,0.23076923076923073
99,2026-06-20 03:00:00+00:00,1.0,25,50,25,69,0.8840579710144928,0.01639344262295082,0.06557377049180328,0.5901639344262295,0.26229508196721313,0.8032786885245902,0.03278688524590164,0.04918032786885246,0.06557377049180328,0.01639344262295082,0.01639344262295082,13,0.52,1.0,0.52,0.52,0.68,0.48
100,2026-06-20 04:00:00+00:00,0.1,4,49,31,82,0.8902439024390244,0.6301369863013698,0.6301369863013698,0.9452054794520548,0.8493150684931506,1.0,0.6301369863013698,0.6301369863013698,0.6301369863013698,0.6301369863013698,0.6301369863013698,4,0.12903225806451613,0.12903225806451613,0.0967741935483871,0.12903225806451613,0.12903225806451613,0.0
100,2026-06-20 04:00:00+00:00,0.25,8,49,31,82,0.8902439024390244,0.3698630136986301,0.3698630136986301,0.8904109589041096,0.7671232876712328,0.9595890410958898,0.3698630136986301,0.3698630136986301,0.3698630136986301,0.3698630136986301,0.3698630136986301,8,0.25806451612903225,0.25806451612903225,0.16129032258064516,0.25806451612903225,0.25806451612903225,0.0
100,2026-06-20 04:00:00+00:00,0.5,16,49,31,82,0.8902439024390244,0.0547945205479452,0.0684931506849315,0.7534246575342466,0.547945205479452,0.8904109589041096,0.0547945205479452,0.0684931506849315,0.0684931506849315,0.0547945205479452,0.0547945205479452,13,0.41935483870967744,0.5161290322580645,0.3225806451612903,0.3870967741935484,0.4838709677419355,0.1875
100,2026-06-20 04:00:00+00:00,1.0,31,49,31,82,0.8902439024390244,0.0136986301369863,0.0547945205479452,0.4520547945205479,0.1232876712328767,0.6856164383561638,0.0273972602739726,0.0410958904109589,0.0547945205479452,0.0136986301369863,0.0136986301369863,17,0.5483870967741935,1.0,0.6451612903225806,0.6129032258064516,0.7419354838709677,0.4516129032258065
101,2026-06-20 05:00:00+00:00,0.1,4,50,33,87,0.8735632183908046,0.7105263157894737,0.7105263157894737,0.9605263157894737,0.868421052631579,1.0,0.7105263157894737,0.7105263157894737,0.7105263157894737,0.7105263157894737,0.7105263157894737,4,0.12121212121212122,0.12121212121212122,0.09090909090909091,0.12121212121212122,0.12121212121212122,0.0
101,2026-06-20 05:00:00+00:00,0.25,9,50,33,87,0.8735632183908046,0.32894736842105265,0.32894736842105265,0.868421052631579,0.7631578947368421,0.9605263157894737,0.2894736842105263,0.3223684210526316,0.3684210526315789,0.2894736842105263,0.3684210526315789,9,0.2727272727272727,0.2727272727272727,0.18181818181818182,0.2727272727272727,0.2727272727272727,0.0
101,2026-06-20 05:00:00+00:00,0.5,17,50,33,87,0.8735632183908046,0.05263157894736842,0.06578947368421052,0.75,0.5789473684210527,0.868421052631579,0.05263157894736842,0.06578947368421052,0.06578947368421052,0.05263157894736842,0.05263157894736842,14,0.42424242424242425,0.5151515151515151,0.3333333333333333,0.42424242424242425,0.48484848484848486,0.17647058823529416
101,2026-06-20 05:00:00+00:00,1.0,33,50,33,87,0.8735632183908046,0.013157894736842105,0.05263157894736842,0.4342105263157895,0.130921052631579,0.631578947368421,0.02631578947368421,0.039473684210526314,0.05263157894736842,0.013157894736842105,0.013157894736842105,20,0.6060606060606061,1.0,0.6666666666666666,0.6363636363636364,0.7575757575757576,0.3939393939393939
102,2026-06-20 06:00:00+00:00,0.1,4,54,37,99,0.9191919191919192,0.7362637362637363,0.7362637362637363,0.9560439560439561,0.8791208791208791,1.0,0.7362637362637363,0.7362637362637363,0.7362637362637363,0.7362637362637363,0.7362637362637363,4,0.10810810810810811,0.10810810810810811,0.08108108108108109,0.10810810810810811,0.10810810810810811,0.0
102,2026-06-20 06:00:00+00:00,0.25,10,54,37,99,0.9191919191919192,0.4065934065934066,0.4065934065934066,0.8681318681318682,0.7582417582417582,0.945054945054945,0.37362637362637363,0.4065934065934066,0.42857142857142855,0.37362637362637363,0.42857142857142855,10,0.2702702702702703,0.2702702702702703,0.1891891891891892,0.2702702702702703,0.2702702702702703,0.0
102,2026-06-20 06:00:00+00:00,0.5,19,54,37,99,0.9191919191919192,0.07692307692307693,0.07692307692307693,0.7362637362637363,0.6043956043956044,0.8571428571428571,0.054945054945054944,0.07692307692307693,0.07692307692307693,0.04395604395604396,0.07692307692307693,17,0.4594594594594595,0.5135135135135135,0.35135135135135137,0.4594594594594595,0.5135135135135135,0.10526315789473684
102,2026-06-20 06:00:00+00:00,1.0,37,54,37,99,0.9191919191919192,0.01098901098901099,0.04395604395604396,0.4175824175824176,0.15384615384615385,0.5934065934065934,0.02197802197802198,0.03296703296703297,0.04395604395604396,0.01098901098901099,0.01098901098901099,25,0.6756756756756757,1.0,0.6756756756756757,0.7027027027027027,0.8108108108108109,0.32432432432432434
103,2026-06-20 07:00:00+00:00,0.1,5,62,42,104,0.875,0.7252747252747253,0.7252747252747253,0.945054945054945,0.8895604395604396,1.0,0.7252747252747253,0.7252747252747253,0.7582417582417582,0.7252747252747253,0.7582417582417582,5,0.11904761904761904,0.11904761904761904,0.09523809523809523,0.11904761904761904,0.11904761904761904,0.0
103,2026-06-20 07:00:00+00:00,0.25,11,62,42,104,0.875,0.46153846153846156,0.4835164835164835,0.8901098901098901,0.7912087912087912,0.967032967032967,0.46153846153846156,0.4835164835164835,0.4945054945054945,0.46153846153846156,0.4945054945054945,11,0.2619047619047619,0.2619047619047619,0.19047619047619047,0.2619047619047619,0.2619047619047619,0.0
103,2026-06-20 07:00:00+00:00,0.5,21,62,42,104,0.875,0.0989010989010989,0.0989010989010989,0.7692307692307693,0.6373626373626373,0.8681318681318682,0.0989010989010989,0.0989010989010989,0.0989010989010989,0.054945054945054944,0.0989010989010989,21,0.5,0.5,0.3333333333333333,0.5,0.5,0.0
103,2026-06-20 07:00:00+00:00,1.0,42,62,42,104,0.875,0.01098901098901099,0.02197802197802198,0.45054945054945056,0.24175824175824176,0.6263736263736264,0.02197802197802198,0.02197802197802198,0.03296703296703297,0.01098901098901099,0.01098901098901099,30,0.7142857142857143,1.0,0.6666666666666666,0.736904761904762,0.8333333333333334,0.2857142857142857
104,2026-06-20 08:00:00+00:00,0.1,4,62,34,87,0.8505747126436781,0.6216216216216216,0.7297297297297297,0.9594594594594594,0.8783783783783784,1.0,0.7297297297297297,0.7297297297297297,0.7297297297297297,0.6216216216216216,0.6216216216216216,4,0.11764705882352941,0.11764705882352941,0.058823529411764705,0.11764705882352941,0.11764705882352941,0.0
104,2026-06-20 08:00:00+00:00,0.25,9,62,34,87,0.8505747126436781,0.24324324324324326,0.4189189189189189,0.9054054054054054,0.7837837837837838,0.972972972972973,0.24324324324324326,0.28378378378378377,0.4189189189189189,0.24324324324324326,0.28378378378378377,9,0.2647058823529412,0.2647058823529412,0.14705882352941177,0.2647058823529412,0.2647058823529412,0.0
104,2026-06-20 08:00:00+00:00,0.5,17,62,34,87,0.8505747126436781,0.0945945945945946,0.13513513513513514,0.7972972972972973,0.6351351351351351,0.9054054054054054,0.06756756756756757,0.13513513513513514,0.20270270270270271,0.05405405405405406,0.0945945945945946,16,0.47058823529411764,0.5,0.2647058823529412,0.47058823529411764,0.47058823529411764,0.05882352941176472
104,2026-06-20 08:00:00+00:00,1.0,34,62,34,87,0.8505747126436781,0.013513513513513514,0.04054054054054054,0.527027027027027,0.24324324324324326,0.7162162162162162,0.02702702702702703,0.04054054054054054,0.04054054054054054,0.013513513513513514,0.013513513513513514,26,0.7647058823529411,1.0,0.5588235294117647,0.7647058823529411,0.8235294117647058,0.23529411764705888
105,2026-06-20 09:00:00+00:00,0.1,3,62,27,66,0.8636363636363636,0.5964912280701754,0.9122807017543859,0.9824561403508771,0.8596491228070176,1.0,0.9122807017543859,0.9122807017543859,0.9122807017543859,0.5964912280701754,0.5964912280701754,2,0.07407407407407407,0.1111111111111111,0.037037037037037035,0.07407407407407407,0.07407407407407407,0.33333333333333337
105,2026-06-20 09:00:00+00:00,0.25,7,62,27,66,0.8636363636363636,0.2982456140350877,0.543859649122807,0.9298245614035088,0.7894736842105263,0.9824561403508771,0.543859649122807,0.5614035087719298,0.5964912280701754,0.2982456140350877,0.3508771929824561,6,0.2222222222222222,0.25925925925925924,0.1111111111111111,0.18518518518518517,0.2222222222222222,0.1428571428571429
105,2026-06-20 09:00:00+00:00,0.5,14,62,27,66,0.8636363636363636,0.15789473684210525,0.2982456140350877,0.8245614035087719,0.6140350877192983,0.9473684210526315,0.2982456140350877,0.2982456140350877,0.2982456140350877,0.10526315789473684,0.15789473684210525,9,0.3333333333333333,0.5185185185185185,0.2222222222222222,0.3333333333333333,0.37037037037037035,0.3571428571428571
105,2026-06-20 09:00:00+00:00,1.0,27,62,27,66,0.8636363636363636,0.017543859649122806,0.10526315789473684,0.6140350877192983,0.3508771929824561,0.7903508771929817,0.05263157894736842,0.08771929824561403,0.14035087719298245,0.017543859649122806,0.017543859649122806,17,0.6296296296296297,1.0,0.4444444444444444,0.6296296296296297,0.7037037037037037,0.37037037037037035
106,2026-06-20 10:00:00+00:00,0.1,3,69,25,61,0.8852459016393442,0.6111111111111112,1.0,0.9814814814814815,0.7592592592592593,1.0,1.0,1.0,1.0,0.6111111111111112,0.6111111111111112,0,0.0,0.12,0.04,0.0,0.0,1.0
106,2026-06-20 10:00:00+00:00,0.25,7,69,25,61,0.8852459016393442,0.2222222222222222,0.5740740740740741,0.9259259259259259,0.7027777777777778,1.0,0.3888888888888889,0.6481481481481481,0.6481481481481481,0.16666666666666666,0.2222222222222222,4,0.16,0.28,0.08,0.12,0.16,0.4285714285714286
106,2026-06-20 10:00:00+00:00,0.5,13,69,25,61,0.8852459016393442,0.09259259259259259,0.3148148148148148,0.8518518518518519,0.6101851851851853,0.9629629629629629,0.3148148148148148,0.3148148148148148,0.3148148148148148,0.09259259259259259,0.09259259259259259,6,0.24,0.52,0.2,0.24,0.28,0.5384615384615384
106,2026-06-20 10:00:00+00:00,1.0,25,69,25,61,0.8852459016393442,0.018518518518518517,0.09259259259259259,0.6666666666666666,0.350925925925926,0.8333333333333334,0.09259259259259259,0.09259259259259259,0.09259259259259259,0.018518518518518517,0.018518518518518517,12,0.48,1.0,0.36,0.48,0.52,0.52
107,2026-06-20 11:00:00+00:00,0.1,4,73,31,69,0.8985507246376812,0.5967741935483871,0.9838709677419355,0.967741935483871,0.8225806451612904,1.0,0.9838709677419355,0.9838709677419355,0.9838709677419355,0.5967741935483871,0.5967741935483871,1,0.03225806451612903,0.12903225806451613,0.06451612903225806,0.03225806451612903,0.03225806451612903,0.75
107,2026-06-20 11:00:00+00:00,0.25,8,73,31,69,0.8985507246376812,0.16129032258064516,0.4838709677419355,0.9193548387096774,0.7580645161290323,0.9838709677419355,0.45161290322580644,0.6290322580645161,0.6290322580645161,0.14516129032258066,0.3225806451612903,5,0.16129032258064516,0.25806451612903225,0.0967741935483871,0.12903225806451613,0.16129032258064516,0.375
107,2026-06-20 11:00:00+00:00,0.5,16,73,31,69,0.8985507246376812,0.06451612903225806,0.24193548387096775,0.8225806451612904,0.6290322580645161,0.9354838709677419,0.14516129032258066,0.16129032258064516,0.24193548387096775,0.06451612903225806,0.08064516129032258,8,0.25806451612903225,0.5161290322580645,0.22580645161290322,0.25806451612903225,0.2903225806451613,0.5
107,2026-06-20 11:00:00+00:00,1.0,31,73,31,69,0.8985507246376812,0.016129032258064516,0.0967741935483871,0.6129032258064516,0.3387096774193548,0.8064516129032258,0.06451612903225806,0.08064516129032258,0.0967741935483871,0.016129032258064516,0.016129032258064516,15,0.4838709677419355,1.0,0.41935483870967744,0.45161290322580644,0.5483870967741935,0.5161290322580645
108,2026-06-20 12:00:00+00:00,0.1,4,75,31,60,0.8166666666666667,0.6530612244897959,0.9795918367346939,0.9795918367346939,0.8367346938775511,1.0,0.9795918367346939,0.9795918367346939,0.9795918367346939,0.6530612244897959,0.6530612244897959,1,0.03225806451612903,0.12903225806451613,0.06451612903225806,0.03225806451612903,0.03225806451612903,0.75
108,2026-06-20 12:00:00+00:00,0.25,8,75,31,60,0.8166666666666667,0.32653061224489793,0.6122448979591837,0.9183673469387755,0.7346938775510204,1.0,0.4897959183673469,0.6122448979591837,0.6122448979591837,0.32653061224489793,0.32653061224489793,3,0.0967741935483871,0.25806451612903225,0.0967741935483871,0.0967741935483871,0.12903225806451613,0.625
108,2026-06-20 12:00:00+00:00,0.5,16,75,31,60,0.8166666666666667,0.08163265306122448,0.4489795918367347,0.8163265306122449,0.5510204081632653,0.9387755102040817,0.3877551020408163,0.42857142857142855,0.4489795918367347,0.08163265306122448,0.08163265306122448,6,0.1935483870967742,0.5161290322580645,0.22580645161290322,0.1935483870967742,0.22580645161290322,0.625
108,2026-06-20 12:00:00+00:00,1.0,31,75,31,60,0.8166666666666667,0.02040816326530612,0.32653061224489793,0.5306122448979592,0.2653061224489796,0.7755102040816326,0.1836734693877551,0.2653061224489796,0.32653061224489793,0.02040816326530612,0.02040816326530612,12,0.3870967741935484,1.0,0.41935483870967744,0.3870967741935484,0.45161290322580644,0.6129032258064516
109,2026-06-20 13:00:00+00:00,0.1,3,69,21,44,0.5454545454545454,0.875,1.0,1.0,0.8333333333333334,1.0,1.0,1.0,1.0,0.75,0.9166666666666666,0,0.0,0.14285714285714285,0.047619047619047616,0.0,0.0,1.0
109,2026-06-20 13:00:00+00:00,0.25,6,69,21,44,0.5454545454545454,0.6666666666666666,1.0,0.9375,0.75,1.0,1.0,1.0,1.0,0.5,0.6666666666666666,1,0.047619047619047616,0.2857142857142857,0.09523809523809523,0.047619047619047616,0.047619047619047616,0.8333333333333334
109,2026-06-20 13:00:00+00:00,0.5,11,69,21,44,0.5454545454545454,0.25,1.0,0.8333333333333334,0.625,1.0,1.0,1.0,1.0,0.16666666666666666,0.4166666666666667,2,0.09523809523809523,0.5238095238095238,0.14285714285714285,0.09523809523809523,0.09523809523809523,0.8181818181818181
109,2026-06-20 13:00:00+00:00,1.0,21,69,21,44,0.5454545454545454,0.041666666666666664,0.9166666666666666,0.7083333333333334,0.5,0.8770833333333314,0.6666666666666666,0.7916666666666666,0.9166666666666666,0.041666666666666664,0.041666666666666664,4,0.19047619047619047,1.0,0.2857142857142857,0.14285714285714285,0.23809523809523808,0.8095238095238095
110,2026-06-20 14:00:00+00:00,0.1,3,70,23,46,0.8913043478260869,0.6585365853658537,1.0,0.975609756097561,0.8292682926829268,1.0,1.0,1.0,1.0,0.6585365853658537,0.6585365853658537,0,0.0,0.13043478260869565,0.043478260869565216,0.0,0.0,1.0
110,2026-06-20 14:00:00+00:00,0.25,6,70,23,46,0.8913043478260869,0.5365853658536586,0.975609756097561,0.926829268292683,0.7560975609756098,1.0,0.975609756097561,0.975609756097561,0.975609756097561,0.43902439024390244,0.5365853658536586,1,0.043478260869565216,0.2608695652173913,0.08695652173913043,0.043478260869565216,0.043478260869565216,0.8333333333333334
110,2026-06-20 14:00:00+00:00,0.5,12,70,23,46,0.8913043478260869,0.0975609756097561,0.6585365853658537,0.8536585365853658,0.5609756097560976,0.975609756097561,0.6585365853658537,0.6585365853658537,0.6585365853658537,0.0975609756097561,0.1951219512195122,2,0.08695652173913043,0.5217391304347826,0.17391304347826086,0.08695652173913043,0.08695652173913043,0.8333333333333334
110,2026-06-20 14:00:00+00:00,1.0,23,70,23,46,0.8913043478260869,0.024390243902439025,0.43902439024390244,0.6585365853658537,0.3170731707317073,0.8548780487804867,0.43902439024390244,0.5121951219512195,0.5121951219512195,0.024390243902439025,0.024390243902439025,6,0.2608695652173913,1.0,0.34782608695652173,0.21739130434782608,0.2608695652173913,0.7391304347826086
111,2026-06-20 15:00:00+00:00,0.1,3,72,23,41,0.8292682926829268,0.6176470588235294,1.0,0.9705882352941176,0.6764705882352942,1.0,1.0,1.0,1.0,0.5588235294117647,0.6176470588235294,0,0.0,0.13043478260869565,0.043478260869565216,0.0,0.0,1.0
111,2026-06-20 15:00:00+00:00,0.25,6,72,23,41,0.8292682926829268,0.47058823529411764,0.9705882352941176,0.9411764705882353,0.5588235294117647,1.0,0.9705882352941176,0.9705882352941176,0.9705882352941176,0.3235294117647059,0.5,1,0.043478260869565216,0.2608695652173913,0.08695652173913043,0.043478260869565216,0.043478260869565216,0.8333333333333334
111,2026-06-20 15:00:00+00:00,0.5,12,72,23,41,0.8292682926829268,0.14705882352941177,0.6470588235294118,0.8529411764705882,0.47058823529411764,0.9705882352941176,0.6470588235294118,0.6470588235294118,0.6470588235294118,0.11617647058823538,0.14705882352941177,2,0.08695652173913043,0.5217391304347826,0.17391304347826086,0.08695652173913043,0.08695652173913043,0.8333333333333334
111,2026-06-20 15:00:00+00:00,1.0,23,72,23,41,0.8292682926829268,0.029411764705882353,0.47058823529411764,0.5294117647058824,0.3235294117647059,0.8823529411764706,0.47058823529411764,0.47058823529411764,0.47058823529411764,0.029411764705882353,0.029411764705882353,5,0.21739130434782608,1.0,0.30434782608695654,0.21739130434782608,0.21739130434782608,0.782608695652174
112,2026-06-20 16:00:00+00:00,0.1,2,72,18,31,0.6451612903225806,0.8,1.0,1.0,0.8,1.0,1.0,1.0,1.0,0.8,0.8,0,0.0,0.1111111111111111,0.0,0.0,0.0,1.0
112,2026-06-20 16:00:00+00:00,0.25,5,72,18,31,0.6451612903225806,0.5,0.95,0.95,0.65,1.0,0.95,0.95,0.95,0.35,0.6,1,0.05555555555555555,0.2777777777777778,0.05555555555555555,0.05555555555555555,0.05555555555555555,0.8
112,2026-06-20 16:00:00+00:00,0.5,9,72,18,31,0.6451612903225806,0.35,0.75,0.9,0.55,1.0,0.75,0.75,0.75,0.15,0.35,2,0.1111111111111111,0.5,0.1111111111111111,0.1111111111111111,0.1111111111111111,0.7777777777777778
112,2026-06-20 16:00:00+00:00,1.0,18,72,18,31,0.6451612903225806,0.05,0.65,0.7,0.35,0.95,0.5,0.5,0.65,0.05,0.05,4,0.2222222222222222,1.0,0.2222222222222222,0.2222222222222222,0.2777777777777778,0.7777777777777778
113,2026-06-20 17:00:00+00:00,0.1,2,73,12,20,0.45,1.0,1.0,1.0,0.8888888888888888,1.0,1.0,1.0,1.0,1.0,1.0,0,0.0,0.16666666666666666,0.0,0.0,0.0,1.0
113,2026-06-20 17:00:00+00:00,0.25,3,73,12,20,0.45,0.7777777777777778,1.0,1.0,0.7777777777777778,1.0,1.0,1.0,1.0,0.7777777777777778,1.0,0,0.0,0.25,0.0,0.0,0.0,1.0
113,2026-06-20 17:00:00+00:00,0.5,6,73,12,20,0.45,0.6666666666666666,1.0,1.0,0.7777777777777778,1.0,1.0,1.0,1.0,0.3333333333333333,0.6666666666666666,0,0.0,0.5,0.08333333333333333,0.0,0.0,1.0
113,2026-06-20 17:00:00+00:00,1.0,12,73,12,20,0.45,0.1111111111111111,1.0,0.8888888888888888,0.5555555555555556,1.0,1.0,1.0,1.0,0.1111111111111111,0.1111111111111111,1,0.08333333333333333,1.0,0.16666666666666666,0.08333333333333333,0.08333333333333333,0.9166666666666666
114,2026-06-20 18:00:00+00:00,0.1,1,75,10,23,0.30434782608695654,0.7142857142857143,1.0,1.0,1.0,1.0,1.0,1.0,1.0,0.7142857142857143,0.7142857142857143,0,0.0,0.1,0.0,0.0,0.0,1.0
114,2026-06-20 18:00:00+00:00,0.25,3,75,10,23,0.30434782608695654,0.42857142857142855,1.0,1.0,0.8571428571428571,1.0,1.0,1.0,1.0,0.42857142857142855,0.42857142857142855,0,0.0,0.3,0.0,0.0,0.0,1.0
114,2026-06-20 18:00:00+00:00,0.5,5,75,10,23,0.30434782608695654,0.42857142857142855,1.0,1.0,0.7142857142857143,1.0,1.0,1.0,1.0,0.2857142857142857,0.42857142857142855,0,0.0,0.5,0.1,0.0,0.0,1.0
114,2026-06-20 18:00:00+00:00,1.0,10,75,10,23,0.30434782608695654,0.14285714285714285,0.5714285714285714,1.0,0.7142857142857143,1.0,0.5714285714285714,1.0,1.0,0.14285714285714285,0.14285714285714285,2,0.2,1.0,0.1,0.1,0.2,0.8
115,2026-06-20 19:00:00+00:00,0.1,1,75,8,19,0.3684210526315789,0.5714285714285714,1.0,1.0,1.0,1.0,1.0,1.0,1.0,0.5714285714285714,0.5714285714285714,0,0.0,0.125,0.0,0.0,0.0,1.0
115,2026-06-20 19:00:00+00:00,0.25,2,75,8,19,0.3684210526315789,0.2857142857142857,1.0,1.0,1.0,1.0,1.0,1.0,1.0,0.2857142857142857,0.2857142857142857,0,0.0,0.25,0.0,0.0,0.0,1.0
115,2026-06-20 19:00:00+00:00,0.5,4,75,8,19,0.3684210526315789,0.2857142857142857,1.0,1.0,1.0,1.0,1.0,1.0,1.0,0.2857142857142857,0.2857142857142857,0,0.0,0.5,0.0,0.0,0.0,1.0
115,2026-06-20 19:00:00+00:00,1.0,8,75,8,19,0.3684210526315789,0.14285714285714285,0.42857142857142855,1.0,0.5714285714285714,1.0,0.42857142857142855,0.42857142857142855,0.42857142857142855,0.14285714285714285,0.14285714285714285,2,0.25,1.0,0.125,0.25,0.25,0.75
116,2026-06-20 20:00:00+00:00,0.1,1,73,6,18,0.3888888888888889,0.5714285714285714,1.0,1.0,1.0,1.0,1.0,1.0,1.0,0.5714285714285714,0.5714285714285714,0,0.0,0.16666666666666666,0.0,0.0,0.0,1.0
116,2026-06-20 20:00:00+00:00,0.25,2,73,6,18,0.3888888888888889,0.42857142857142855,1.0,1.0,1.0,1.0,1.0,1.0,1.0,0.42857142857142855,0.42857142857142855,0,0.0,0.3333333333333333,0.0,0.0,0.0,1.0
116,2026-06-20 20:00:00+00:00,0.5,3,73,6,18,0.3888888888888889,0.2857142857142857,1.0,1.0,1.0,1.0,1.0,1.0,1.0,0.2857142857142857,0.2857142857142857,0,0.0,0.5,0.0,0.0,0.0,1.0
116,2026-06-20 20:00:00+00:00,1.0,6,73,6,18,0.3888888888888889,0.14285714285714285,1.0,1.0,0.5714285714285714,1.0,1.0,1.0,1.0,0.14285714285714285,0.14285714285714285,0,0.0,1.0,0.0,0.0,0.0,1.0
117,2026-06-20 21:00:00+00:00,0.1,1,73,5,15,0.4,0.8333333333333334,1.0,1.0,1.0,1.0,1.0,1.0,1.0,0.8333333333333334,0.8333333333333334,0,0.0,0.2,0.0,0.0,0.0,1.0
117,2026-06-20 21:00:00+00:00,0.25,2,73,5,15,0.4,0.3333333333333333,1.0,1.0,1.0,1.0,1.0,1.0,1.0,0.3333333333333333,0.3333333333333333,0,0.0,0.4,0.0,0.0,0.0,1.0
117,2026-06-20 21:00:00+00:00,0.5,3,73,5,15,0.4,0.3333333333333333,1.0,1.0,1.0,1.0,1.0,1.0,1.0,0.3333333333333333,0.3333333333333333,0,0.0,0.6,0.0,0.0,0.0,1.0
117,2026-06-20 21:00:00+00:00,1.0,5,73,5,15,0.4,0.16666666666666666,1.0,1.0,0.8333333333333334,1.0,1.0,1.0,1.0,0.16666666666666666,0.16666666666666666,0,0.0,1.0,0.0,0.0,0.0,1.0
118,2026-06-20 22:00:00+00:00,0.1,1,76,8,22,0.2727272727272727,1.0,1.0,1.0,1.0,1.0,1.0,1.0,1.0,1.0,1.0,0,0.0,0.125,0.0,0.0,0.0,1.0
118,2026-06-20 22:00:00+00:00,0.25,2,76,8,22,0.2727272727272727,1.0,1.0,1.0,1.0,1.0,1.0,1.0,1.0,1.0,1.0,0,0.0,0.25,0.0,0.0,0.0,1.0
118,2026-06-20 22:00:00+00:00,0.5,4,76,8,22,0.2727272727272727,0.3333333333333333,1.0,1.0,1.0,1.0,1.0,1.0,1.0,0.3333333333333333,0.5,0,0.0,0.5,0.0,0.0,0.0,1.0
118,2026-06-20 22:00:00+00:00,1.0,8,76,8,22,0.2727272727272727,0.16666666666666666,1.0,1.0,1.0,1.0,1.0,1.0,1.0,0.16666666666666666,0.16666666666666666,2,0.25,1.0,0.125,0.25,0.25,0.75
119,2026-06-20 23:00:00+00:00,0.1,1,76,8,21,0.2857142857142857,1.0,1.0,1.0,1.0,1.0,1.0,1.0,1.0,1.0,1.0,0,0.0,0.125,0.0,0.0,0.0,1.0
119,2026-06-20 23:00:00+00:00,0.25,2,76,8,21,0.2857142857142857,1.0,1.0,1.0,1.0,1.0,1.0,1.0,1.0,1.0,1.0,0,0.0,0.25,0.0,0.0,0.0,1.0
119,2026-06-20 23:00:00+00:00,0.5,4,76,8,21,0.2857142857142857,0.3333333333333333,1.0,1.0,1.0,1.0,1.0,1.0,1.0,0.3333333333333333,0.5,0,0.0,0.5,0.0,0.0,0.0,1.0
119,2026-06-20 23:00:00+00:00,1.0,8,76,8,21,0.2857142857142857,0.16666666666666666,1.0,1.0,1.0,1.0,1.0,1.0,1.0,0.16666666666666666,0.16666666666666666,2,0.25,1.0,0.125,0.25,0.25,0.75
120,2026-06-21 00:00:00+00:00,0.1,1,76,6,16,0.375,1.0,1.0,1.0,1.0,1.0,1.0,1.0,1.0,1.0,1.0,0,0.0,0.16666666666666666,0.0,0.0,0.0,1.0
120,2026-06-21 00:00:00+00:00,0.25,2,76,6,16,0.375,0.5,1.0,1.0,0.8333333333333334,1.0,1.0,1.0,1.0,0.5,0.5,0,0.0,0.3333333333333333,0.0,0.0,0.0,1.0
120,2026-06-21 00:00:00+00:00,0.5,3,76,6,16,0.375,0.5,1.0,1.0,0.8333333333333334,1.0,1.0,1.0,1.0,0.5,0.5,0,0.0,0.5,0.0,0.0,0.0,1.0
120,2026-06-21 00:00:00+00:00,1.0,6,76,6,16,0.375,0.16666666666666666,1.0,1.0,0.8333333333333334,1.0,1.0,1.0,1.0,0.16666666666666666,0.16666666666666666,1,0.16666666666666666,1.0,0.0,0.0,0.16666666666666666,0.8333333333333334
121,2026-06-21 01:00:00+00:00,0.1,1,73,5,13,0.46153846153846156,1.0,1.0,1.0,1.0,1.0,1.0,1.0,1.0,1.0,1.0,0,0.0,0.2,0.0,0.0,0.0,1.0
121,2026-06-21 01:00:00+00:00,0.25,2,73,5,13,0.46153846153846156,0.5,1.0,1.0,0.8333333333333334,1.0,1.0,1.0,1.0,0.5,0.5,0,0.0,0.4,0.0,0.0,0.0,1.0
121,2026-06-21 01:00:00+00:00,0.5,3,73,5,13,0.46153846153846156,0.3333333333333333,1.0,1.0,0.8333333333333334,1.0,1.0,1.0,1.0,0.3333333333333333,0.5,0,0.0,0.6,0.0,0.0,0.0,1.0
121,2026-06-21 01:00:00+00:00,1.0,5,73,5,13,0.46153846153846156,0.16666666666666666,1.0,1.0,0.8333333333333334,1.0,1.0,1.0,1.0,0.16666666666666666,0.16666666666666666,0,0.0,1.0,0.0,0.0,0.0,1.0
122,2026-06-21 02:00:00+00:00,0.1,1,66,6,12,0.5,0.5,1.0,1.0,0.8333333333333334,1.0,1.0,1.0,1.0,0.5,0.5,0,0.0,0.16666666666666666,0.0,0.0,0.0,1.0
122,2026-06-21 02:00:00+00:00,0.25,2,66,6,12,0.5,0.3333333333333333,1.0,1.0,0.8333333333333334,1.0,1.0,1.0,1.0,0.3333333333333333,0.5,0,0.0,0.3333333333333333,0.0,0.0,0.0,1.0
122,2026-06-21 02:00:00+00:00,0.5,3,66,6,12,0.5,0.3333333333333333,1.0,1.0,0.5,1.0,1.0,1.0,1.0,0.3333333333333333,0.5,0,0.0,0.5,0.0,0.0,0.0,1.0
122,2026-06-21 02:00:00+00:00,1.0,6,66,6,12,0.5,0.16666666666666666,1.0,1.0,0.5,1.0,1.0,1.0,1.0,0.16666666666666666,0.16666666666666666,2,0.3333333333333333,1.0,0.0,0.16666666666666666,0.3333333333333333,0.6666666666666667
123,2026-06-21 03:00:00+00:00,0.1,1,62,7,15,0.4666666666666667,0.8571428571428571,1.0,1.0,1.0,1.0,1.0,1.0,1.0,0.8571428571428571,0.8571428571428571,0,0.0,0.14285714285714285,0.0,0.0,0.0,1.0
123,2026-06-21 03:00:00+00:00,0.25,2,62,7,15,0.4666666666666667,0.42857142857142855,1.0,1.0,0.8571428571428571,1.0,1.0,1.0,1.0,0.42857142857142855,0.42857142857142855,0,0.0,0.2857142857142857,0.0,0.0,0.0,1.0
123,2026-06-21 03:00:00+00:00,0.5,4,62,7,15,0.4666666666666667,0.2857142857142857,1.0,1.0,0.8571428571428571,1.0,1.0,1.0,1.0,0.2857142857142857,0.42857142857142855,0,0.0,0.5714285714285714,0.0,0.0,0.14285714285714285,1.0
123,2026-06-21 03:00:00+00:00,1.0,7,62,7,15,0.4666666666666667,0.14285714285714285,1.0,1.0,0.8571428571428571,1.0,1.0,1.0,1.0,0.14285714285714285,0.14285714285714285,1,0.14285714285714285,1.0,0.14285714285714285,0.14285714285714285,0.14285714285714285,0.8571428571428572
124,2026-06-21 04:00:00+00:00,0.1,1,58,9,28,0.6428571428571429,0.3333333333333333,0.3333333333333333,1.0,0.9444444444444444,1.0,0.3333333333333333,0.3333333333333333,0.3333333333333333,0.3333333333333333,0.3333333333333333,1,0.1111111111111111,0.1111111111111111,0.0,0.1111111111111111,0.1111111111111111,0.0
124,2026-06-21 04:00:00+00:00,0.25,3,58,9,28,0.6428571428571429,0.1111111111111111,0.3333333333333333,1.0,0.3333333333333333,1.0,0.3333333333333333,0.3333333333333333,0.3333333333333333,0.1111111111111111,0.1111111111111111,1,0.1111111111111111,0.3333333333333333,0.0,0.1111111111111111,0.1111111111111111,0.6666666666666667
124,2026-06-21 04:00:00+00:00,0.5,5,58,9,28,0.6428571428571429,0.1111111111111111,0.3333333333333333,1.0,0.3333333333333333,1.0,0.3333333333333333,0.3333333333333333,0.3333333333333333,0.1111111111111111,0.1111111111111111,2,0.2222222222222222,0.5555555555555556,0.1111111111111111,0.1111111111111111,0.2222222222222222,0.6
124,2026-06-21 04:00:00+00:00,1.0,9,58,9,28,0.6428571428571429,0.05555555555555555,0.2777777777777778,0.9444444444444444,0.3333333333333333,1.0,0.2777777777777778,0.2777777777777778,0.3333333333333333,0.05555555555555555,0.05555555555555555,3,0.3333333333333333,1.0,0.1111111111111111,0.2222222222222222,0.3333333333333333,0.6666666666666667
125,2026-06-21 05:00:00+00:00,0.1,1,58,9,28,0.6428571428571429,0.3333333333333333,0.3333333333333333,1.0,0.9444444444444444,1.0,0.3333333333333333,0.3333333333333333,0.3333333333333333,0.3333333333333333,0.3333333333333333,1,0.1111111111111111,0.1111111111111111,0.0,0.1111111111111111,0.1111111111111111,0.0
125,2026-06-21 05:00:00+00:00,0.25,3,58,9,28,0.6428571428571429,0.1111111111111111,0.3333333333333333,1.0,0.8888888888888888,1.0,0.3333333333333333,0.3333333333333333,0.3333333333333333,0.1111111111111111,0.1111111111111111,1,0.1111111111111111,0.3333333333333333,0.0,0.1111111111111111,0.2222222222222222,0.6666666666666667
125,2026-06-21 05:00:00+00:00,0.5,5,58,9,28,0.6428571428571429,0.1111111111111111,0.3333333333333333,1.0,0.3333333333333333,1.0,0.3333333333333333,0.3333333333333333,0.3333333333333333,0.1111111111111111,0.1111111111111111,2,0.2222222222222222,0.5555555555555556,0.1111111111111111,0.2222222222222222,0.2222222222222222,0.6
125,2026-06-21 05:00:00+00:00,1.0,9,58,9,28,0.6428571428571429,0.05555555555555555,0.2777777777777778,0.9444444444444444,0.3333333333333333,1.0,0.2777777777777778,0.2777777777777778,0.3333333333333333,0.05555555555555555,0.05555555555555555,3,0.3333333333333333,1.0,0.1111111111111111,0.2222222222222222,0.3333333333333333,0.6666666666666667
126,2026-06-21 06:00:00+00:00,0.1,1,53,8,29,0.6551724137931034,0.3684210526315789,0.3684210526315789,1.0,0.9473684210526315,1.0,0.3684210526315789,0.3684210526315789,0.3684210526315789,0.3684210526315789,0.3684210526315789,1,0.125,0.125,0.0,0.125,0.125,0.0
126,2026-06-21 06:00:00+00:00,0.25,2,53,8,29,0.6551724137931034,0.3157894736842105,0.3684210526315789,1.0,0.8421052631578947,1.0,0.3684210526315789,0.3684210526315789,0.3684210526315789,0.3157894736842105,0.3157894736842105,1,0.125,0.25,0.0,0.125,0.125,0.5
126,2026-06-21 06:00:00+00:00,0.5,4,53,8,29,0.6551724137931034,0.10526315789473684,0.3684210526315789,1.0,0.3684210526315789,1.0,0.3684210526315789,0.3684210526315789,0.3684210526315789,0.10526315789473684,0.10526315789473684,1,0.125,0.5,0.125,0.125,0.125,0.75
126,2026-06-21 06:00:00+00:00,1.0,8,53,8,29,0.6551724137931034,0.05263157894736842,0.15789473684210525,0.9473684210526315,0.3684210526315789,1.0,0.15789473684210525,0.3157894736842105,0.3157894736842105,0.05263157894736842,0.05263157894736842,3,0.375,1.0,0.125,0.25,0.375,0.625
127,2026-06-21 07:00:00+00:00,0.1,2,44,12,35,0.7714285714285715,0.2962962962962963,0.2962962962962963,1.0,0.8500000000000001,1.0,0.2962962962962963,0.5925925925925926,0.5925925925925926,0.2962962962962963,0.2962962962962963,2,0.16666666666666666,0.16666666666666666,0.0,0.08333333333333333,0.16666666666666666,0.0
127,2026-06-21 07:00:00+00:00,0.25,3,44,12,35,0.7714285714285715,0.25925925925925924,0.2962962962962963,1.0,0.5925925925925926,1.0,0.2962962962962963,0.2962962962962963,0.5925925925925926,0.25925925925925924,0.25925925925925924,2,0.16666666666666666,0.25,0.08333333333333333,0.08333333333333333,0.16666666666666666,0.33333333333333337
127,2026-06-21 07:00:00+00:00,0.5,6,44,12,35,0.7714285714285715,0.1111111111111111,0.25925925925925924,0.9629629629629629,0.5555555555555556,1.0,0.25925925925925924,0.25925925925925924,0.25925925925925924,0.1111111111111111,0.18518518518518517,3,0.25,0.5,0.16666666666666666,0.25,0.25,0.5
127,2026-06-21 07:00:00+00:00,1.0,12,44,12,35,0.7714285714285715,0.037037037037037035,0.18518518518518517,0.8518518518518519,0.2962962962962963,1.0,0.18518518518518517,0.18518518518518517,0.25925925925925924,0.037037037037037035,0.037037037037037035,4,0.3333333333333333,1.0,0.25,0.25,0.3333333333333333,0.6666666666666667
128,2026-06-21 08:00:00+00:00,0.1,2,45,13,42,1.0,0.40476190476190477,0.40476190476190477,1.0,0.7130952380952381,1.0,0.40476190476190477,0.40476190476190477,0.40476190476190477,0.40476190476190477,0.40476190476190477,2,0.15384615384615385,0.15384615384615385,0.07692307692307693,0.15384615384615385,0.15384615384615385,0.0
128,2026-06-21 08:00:00+00:00,0.25,4,45,13,42,1.0,0.21428571428571427,0.21428571428571427,0.9761904761904762,0.6904761904761905,1.0,0.21428571428571427,0.30952380952380953,0.40476190476190477,0.21428571428571427,0.21428571428571427,4,0.3076923076923077,0.3076923076923077,0.07692307692307693,0.15384615384615385,0.3076923076923077,0.0
128,2026-06-21 08:00:00+00:00,0.5,7,45,13,42,1.0,0.07142857142857142,0.21428571428571427,0.9285714285714286,0.5940476190476192,1.0,0.21428571428571427,0.21428571428571427,0.21428571428571427,0.07142857142857142,0.07142857142857142,4,0.3076923076923077,0.5384615384615384,0.15384615384615385,0.3076923076923077,0.3076923076923077,0.4285714285714286
128,2026-06-21 08:00:00+00:00,1.0,13,45,13,42,1.0,0.023809523809523808,0.14285714285714285,0.7142857142857143,0.38095238095238093,0.9761904761904762,0.14285714285714285,0.14285714285714285,0.21428571428571427,0.023809523809523808,0.023809523809523808,5,0.38461538461538464,1.0,0.3076923076923077,0.3076923076923077,0.38461538461538464,0.6153846153846154
129,2026-06-21 09:00:00+00:00,0.1,3,51,21,57,0.9298245614035088,0.49056603773584906,0.49056603773584906,0.9811320754716981,0.7169811320754716,1.0,0.49056603773584906,0.49056603773584906,0.49056603773584906,0.49056603773584906,0.49056603773584906,3,0.14285714285714285,0.14285714285714285,0.047619047619047616,0.14285714285714285,0.14285714285714285,0.0
129,2026-06-21 09:00:00+00:00,0.25,6,51,21,57,0.9298245614035088,0.3018867924528302,0.49056603773584906,0.9433962264150944,0.660377358490566,1.0,0.3584905660377358,0.3584905660377358,0.49056603773584906,0.3018867924528302,0.33962264150943394,5,0.23809523809523808,0.2857142857142857,0.09523809523809523,0.19047619047619047,0.2857142857142857,0.16666666666666663
129,2026-06-21 09:00:00+00:00,0.5,11,51,21,57,0.9298245614035088,0.1320754716981132,0.3584905660377358,0.8301886792452831,0.5471698113207547,0.9811320754716981,0.2830188679245283,0.3018867924528302,0.3584905660377358,0.1320754716981132,0.1320754716981132,6,0.2857142857142857,0.5238095238095238,0.23809523809523808,0.2857142857142857,0.38095238095238093,0.4545454545454546
129,2026-06-21 09:00:00+00:00,1.0,21,51,21,57,0.9298245614035088,0.018867924528301886,0.1320754716981132,0.660377358490566,0.32075471698113206,0.9245283018867925,0.1320754716981132,0.1320754716981132,0.18867924528301888,0.018867924528301886,0.018867924528301886,10,0.47619047619047616,1.0,0.42857142857142855,0.47619047619047616,0.5714285714285714,0.5238095238095238
130,2026-06-21 10:00:00+00:00,0.1,3,49,22,51,0.9215686274509803,0.574468085106383,0.6170212765957447,0.9787234042553191,0.7446808510638298,1.0,0.6170212765957447,0.6170212765957447,0.6170212765957447,0.574468085106383,0.574468085106383,3,0.13636363636363635,0.13636363636363635,0.045454545454545456,0.13636363636363635,0.13636363636363635,0.0
130,2026-06-21 10:00:00+00:00,0.25,6,49,22,51,0.9215686274509803,0.425531914893617,0.48936170212765956,0.9361702127659575,0.7021276595744681,1.0,0.48936170212765956,0.48936170212765956,0.48936170212765956,0.425531914893617,0.425531914893617,6,0.2727272727272727,0.2727272727272727,0.13636363636363635,0.2727272727272727,0.2727272727272727,0.0
130,2026-06-21 10:00:00+00:00,0.5,11,49,22,51,0.9215686274509803,0.0851063829787234,0.40425531914893614,0.851063829787234,0.574468085106383,0.9787234042553191,0.40425531914893614,0.40425531914893614,0.40425531914893614,0.0851063829787234,0.1702127659574468,8,0.36363636363636365,0.5,0.22727272727272727,0.36363636363636365,0.36363636363636365,0.2727272727272727
130,2026-06-21 10:00:00+00:00,1.0,22,49,22,51,0.9215686274509803,0.02127659574468085,0.0851063829787234,0.6595744680851063,0.3191489361702128,0.8521276595744671,0.0851063829787234,0.14893617021276595,0.2127659574468085,0.02127659574468085,0.02127659574468085,14,0.6363636363636364,1.0,0.45454545454545453,0.5454545454545454,0.6818181818181818,0.36363636363636365
131,2026-06-21 11:00:00+00:00,0.1,3,48,26,63,0.9047619047619048,0.631578947368421,0.6491228070175439,0.9649122807017544,0.7719298245614035,1.0,0.5964912280701754,0.6491228070175439,0.6491228070175439,0.631578947368421,0.631578947368421,3,0.11538461538461539,0.11538461538461539,0.07692307692307693,0.11538461538461539,0.11538461538461539,0.0
131,2026-06-21 11:00:00+00:00,0.25,7,48,26,63,0.9047619047619048,0.43859649122807015,0.543859649122807,0.8947368421052632,0.6842105263157895,0.9824561403508771,0.543859649122807,0.543859649122807,0.543859649122807,0.38596491228070173,0.45614035087719296,6,0.23076923076923078,0.2692307692307692,0.15384615384615385,0.23076923076923078,0.23076923076923078,0.1428571428571429
131,2026-06-21 11:00:00+00:00,0.5,13,48,26,63,0.9047619047619048,0.12280701754385964,0.24561403508771928,0.7894736842105263,0.5087719298245614,0.9298245614035088,0.24561403508771928,0.24561403508771928,0.24561403508771928,0.07017543859649122,0.14035087719298245,11,0.4230769230769231,0.5,0.2692307692307692,0.4230769230769231,0.4230769230769231,0.15384615384615385
131,2026-06-21 11:00:00+00:00,1.0,26,48,26,63,0.9047619047619048,0.017543859649122806,0.07017543859649122,0.5263157894736842,0.21052631578947367,0.7719298245614035,0.05263157894736842,0.07017543859649122,0.07017543859649122,0.017543859649122806,0.017543859649122806,17,0.6538461538461539,1.0,0.5384615384615384,0.6153846153846154,0.6923076923076923,0.34615384615384615
132,2026-06-21 12:00:00+00:00,0.1,3,47,27,62,0.7096774193548387,0.7727272727272727,0.7272727272727273,0.9318181818181818,0.5227272727272727,1.0,0.7272727272727273,0.7272727272727273,0.7272727272727273,0.5,0.7727272727272727,3,0.1111111111111111,0.1111111111111111,0.07407407407407407,0.1111111111111111,0.1111111111111111,0.0
132,2026-06-21 12:00:00+00:00,0.25,7,47,27,62,0.7096774193548387,0.3409090909090909,0.6363636363636364,0.7954545454545454,0.45454545454545453,0.9772727272727273,0.5,0.6136363636363636,0.6363636363636364,0.3409090909090909,0.3409090909090909,5,0.18518518518518517,0.25925925925925924,0.14814814814814814,0.18518518518518517,0.2222222222222222,0.2857142857142857
132,2026-06-21 12:00:00+00:00,0.5,14,47,27,62,0.7096774193548387,0.09090909090909091,0.22727272727272727,0.5454545454545454,0.3181818181818182,0.8636363636363636,0.22727272727272727,0.22727272727272727,0.22727272727272727,0.06818181818181818,0.09090909090909091,10,0.37037037037037035,0.5185185185185185,0.2962962962962963,0.37037037037037035,0.37037037037037035,0.2857142857142857
132,2026-06-21 12:00:00+00:00,1.0,27,47,27,62,0.7096774193548387,0.022727272727272728,0.09090909090909091,0.29545454545454547,0.13636363636363635,0.5,0.06818181818181818,0.06818181818181818,0.09090909090909091,0.022727272727272728,0.022727272727272728,18,0.6666666666666666,1.0,0.5555555555555556,0.5925925925925926,0.7407407407407407,0.33333333333333337
133,2026-06-21 13:00:00+00:00,0.1,3,44,24,53,0.7169811320754716,0.631578947368421,0.8421052631578947,0.9473684210526315,0.6578947368421053,1.0,0.8421052631578947,0.8421052631578947,0.8421052631578947,0.42105263157894735,0.6578947368421053,1,0.041666666666666664,0.125,0.08333333333333333,0.041666666666666664,0.08333333333333333,0.6666666666666667
133,2026-06-21 13:00:00+00:00,0.25,6,44,24,53,0.7169811320754716,0.23684210526315788,0.5263157894736842,0.8421052631578947,0.5776315789473685,1.0,0.42105263157894735,0.5263157894736842,0.8421052631578947,0.23684210526315788,0.23684210526315788,3,0.125,0.25,0.125,0.125,0.16666666666666666,0.5
133,2026-06-21 13:00:00+00:00,0.5,12,44,24,53,0.7169811320754716,0.10526315789473684,0.23684210526315788,0.6578947368421053,0.34210526315789475,0.8960526315789462,0.23684210526315788,0.23684210526315788,0.23684210526315788,0.10526315789473684,0.10526315789473684,8,0.3333333333333333,0.5,0.2916666666666667,0.3333333333333333,0.3333333333333333,0.33333333333333337
133,2026-06-21 13:00:00+00:00,1.0,24,44,24,53,0.7169811320754716,0.02631578947368421,0.10526315789473684,0.34210526315789475,0.15789473684210525,0.631578947368421,0.07894736842105263,0.10526315789473684,0.10526315789473684,0.02631578947368421,0.02631578947368421,14,0.5833333333333334,1.0,0.5416666666666666,0.5416666666666666,0.6666666666666666,0.41666666666666663
134,2026-06-21 14:00:00+00:00,0.1,3,46,26,60,0.7333333333333333,0.4772727272727273,0.8409090909090909,0.9545454545454546,0.6363636363636364,1.0,0.4772727272727273,0.8409090909090909,0.8409090909090909,0.38636363636363635,0.4772727272727273,1,0.038461538461538464,0.11538461538461539,0.07692307692307693,0.038461538461538464,0.07692307692307693,0.6666666666666667
134,2026-06-21 14:00:00+00:00,0.25,7,46,26,60,0.7333333333333333,0.22727272727272727,0.38636363636363635,0.8409090909090909,0.4761363636363637,1.0,0.38636363636363635,0.38636363636363635,0.4772727272727273,0.22727272727272727,0.22727272727272727,4,0.15384615384615385,0.2692307692307692,0.15384615384615385,0.15384615384615385,0.19230769230769232,0.4285714285714286
134,2026-06-21 14:00:00+00:00,0.5,13,46,26,60,0.7333333333333333,0.11363636363636363,0.22727272727272727,0.6363636363636364,0.3409090909090909,0.9090909090909091,0.22727272727272727,0.22727272727272727,0.22727272727272727,0.11363636363636363,0.1590909090909091,9,0.34615384615384615,0.5,0.2692307692307692,0.34615384615384615,0.34615384615384615,0.3076923076923077
134,2026-06-21 14:00:00+00:00,1.0,26,46,26,60,0.7333333333333333,0.022727272727272728,0.09090909090909091,0.32954545454545453,0.1590909090909091,0.6363636363636364,0.06818181818181818,0.09090909090909091,0.09090909090909091,0.022727272727272728,0.022727272727272728,16,0.6153846153846154,1.0,0.5769230769230769,0.6153846153846154,0.7307692307692307,0.3846153846153846
135,2026-06-21 15:00:00+00:00,0.1,3,46,22,55,0.6545454545454545,0.3888888888888889,1.0,0.9722222222222222,0.5,1.0,1.0,1.0,1.0,0.3888888888888889,0.5,0,0.0,0.13636363636363635,0.045454545454545456,0.0,0.045454545454545456,1.0
135,2026-06-21 15:00:00+00:00,0.25,6,46,22,55,0.6545454545454545,0.3888888888888889,0.5,0.8888888888888888,0.47083333333333344,1.0,0.5,0.5,0.5,0.3333333333333333,0.4444444444444444,3,0.13636363636363635,0.2727272727272727,0.13636363636363635,0.13636363636363635,0.13636363636363635,0.5
135,2026-06-21 15:00:00+00:00,0.5,11,46,22,55,0.6545454545454545,0.1388888888888889,0.3888888888888889,0.6944444444444444,0.3611111111111111,0.9722222222222222,0.3333333333333333,0.4444444444444444,0.5,0.1388888888888889,0.1388888888888889,7,0.3181818181818182,0.5,0.22727272727272727,0.2727272727272727,0.3181818181818182,0.36363636363636365
135,2026-06-21 15:00:00+00:00,1.0,22,46,22,55,0.6545454545454545,0.027777777777777776,0.1388888888888889,0.4166666666666667,0.2222222222222222,0.7791666666666655,0.1388888888888889,0.1388888888888889,0.1388888888888889,0.027777777777777776,0.027777777777777776,14,0.6363636363636364,1.0,0.45454545454545453,0.6363636363636364,0.6363636363636364,0.36363636363636365
136,2026-06-21 16:00:00+00:00,0.1,3,48,22,50,0.64,0.59375,1.0,1.0,0.59375,1.0,1.0,1.0,1.0,0.59375,0.59375,0,0.0,0.13636363636363635,0.045454545454545456,0.0,0.045454545454545456,1.0
136,2026-06-21 16:00:00+00:00,0.25,6,48,22,50,0.64,0.40625,0.59375,0.9375,0.5625,1.0,0.59375,0.59375,0.59375,0.40625,0.40625,3,0.13636363636363635,0.2727272727272727,0.13636363636363635,0.13636363636363635,0.13636363636363635,0.5
136,2026-06-21 16:00:00+00:00,0.5,11,48,22,50,0.64,0.15625,0.46875,0.6875,0.4375,1.0,0.46875,0.59375,0.59375,0.15625,0.15625,7,0.3181818181818182,0.5,0.22727272727272727,0.2727272727272727,0.3181818181818182,0.36363636363636365
136,2026-06-21 16:00:00+00:00,1.0,22,48,22,50,0.64,0.03125,0.15625,0.5,0.21875,0.875,0.15625,0.15625,0.25,0.03125,0.03125,13,0.5909090909090909,1.0,0.45454545454545453,0.5454545454545454,0.5909090909090909,0.40909090909090906
137,2026-06-21 17:00:00+00:00,0.1,2,49,18,43,0.5116279069767442,0.8181818181818182,1.0,1.0,0.8181818181818182,1.0,1.0,1.0,1.0,0.8181818181818182,0.8181818181818182,0,0.0,0.1111111111111111,0.05555555555555555,0.0,0.0,1.0
137,2026-06-21 17:00:00+00:00,0.25,5,49,18,43,0.5116279069767442,0.6363636363636364,0.8181818181818182,0.9545454545454546,0.7272727272727273,1.0,0.8181818181818182,0.8181818181818182,0.8181818181818182,0.5909090909090909,0.6363636363636364,2,0.1111111111111111,0.2777777777777778,0.1111111111111111,0.1111111111111111,0.1111111111111111,0.6
137,2026-06-21 17:00:00+00:00,0.5,9,49,18,43,0.5116279069767442,0.22727272727272727,0.8181818181818182,0.9090909090909091,0.5909090909090909,1.0,0.8181818181818182,0.8181818181818182,0.8181818181818182,0.22727272727272727,0.36363636363636365,4,0.2222222222222222,0.5,0.16666666666666666,0.2222222222222222,0.2777777777777778,0.5555555555555556
137,2026-06-21 17:00:00+00:00,1.0,18,49,18,43,0.5116279069767442,0.045454545454545456,0.36363636363636365,0.7272727272727273,0.36363636363636365,0.9545454545454546,0.22727272727272727,0.36363636363636365,0.36363636363636365,0.045454545454545456,0.045454545454545456,9,0.5,1.0,0.3888888888888889,0.5,0.5555555555555556,0.5
138,2026-06-21 18:00:00+00:00,0.1,2,50,18,44,0.4318181818181818,0.8947368421052632,1.0,1.0,0.7368421052631579,1.0,1.0,1.0,1.0,0.8947368421052632,1.0,0,0.0,0.1111111111111111,0.05555555555555555,0.0,0.0,1.0
138,2026-06-21 18:00:00+00:00,0.25,5,50,18,44,0.4318181818181818,0.8947368421052632,0.8947368421052632,1.0,0.631578947368421,1.0,0.8947368421052632,0.8947368421052632,0.8947368421052632,0.5263157894736842,0.8947368421052632,2,0.1111111111111111,0.2777777777777778,0.1111111111111111,0.1111111111111111,0.1111111111111111,0.6
138,2026-06-21 18:00:00+00:00,0.5,9,50,18,44,0.4318181818181818,0.47368421052631576,0.8947368421052632,0.8947368421052632,0.5789473684210527,1.0,0.631578947368421,0.631578947368421,0.8947368421052632,0.21052631578947367,0.47368421052631576,4,0.2222222222222222,0.5,0.16666666666666666,0.16666666666666666,0.2777777777777778,0.5555555555555556
138,2026-06-21 18:00:00+00:00,1.0,18,50,18,44,0.4318181818181818,0.05263157894736842,0.631578947368421,0.6842105263157895,0.47368421052631576,0.9473684210526315,0.47368421052631576,0.5263157894736842,0.631578947368421,0.05263157894736842,0.05263157894736842,8,0.4444444444444444,1.0,0.3888888888888889,0.4444444444444444,0.4444444444444444,0.5555555555555556
139,2026-06-21 19:00:00+00:00,0.1,3,53,21,54,0.35185185185185186,0.8947368421052632,1.0,1.0,0.631578947368421,1.0,1.0,1.0,1.0,0.8947368421052632,1.0,1,0.047619047619047616,0.14285714285714285,0.047619047619047616,0.047619047619047616,0.047619047619047616,0.6666666666666667
139,2026-06-21 19:00:00+00:00,0.25,6,53,21,54,0.35185185185185186,0.6842105263157895,0.8947368421052632,1.0,0.631578947368421,1.0,0.8947368421052632,0.8947368421052632,0.8947368421052632,0.47368421052631576,0.6842105263157895,3,0.14285714285714285,0.2857142857142857,0.09523809523809523,0.14285714285714285,0.14285714285714285,0.5
139,2026-06-21 19:00:00+00:00,0.5,11,53,21,54,0.35185185185185186,0.2631578947368421,0.6842105263157895,0.8947368421052632,0.5789473684210527,1.0,0.6842105263157895,0.6842105263157895,0.6842105263157895,0.15789473684210525,0.3684210526315789,6,0.2857142857142857,0.5238095238095238,0.19047619047619047,0.2857142857142857,0.2857142857142857,0.4545454545454546
139,2026-06-21 19:00:00+00:00,1.0,21,53,21,54,0.35185185185185186,0.05263157894736842,0.42105263157894735,0.631578947368421,0.42105263157894735,1.0,0.2631578947368421,0.42105263157894735,0.42105263157894735,0.05263157894736842,0.05263157894736842,11,0.5238095238095238,1.0,0.38095238095238093,0.47619047619047616,0.5238095238095238,0.47619047619047616
140,2026-06-21 20:00:00+00:00,0.1,3,59,22,55,0.4,0.6363636363636364,0.6363636363636364,1.0,0.5454545454545454,1.0,0.6363636363636364,0.6363636363636364,0.6363636363636364,0.6363636363636364,0.6363636363636364,1,0.045454545454545456,0.13636363636363635,0.045454545454545456,0.045454545454545456,0.045454545454545456,0.6666666666666667
140,2026-06-21 20:00:00+00:00,0.25,6,59,22,55,0.4,0.22727272727272727,0.6363636363636364,1.0,0.5,1.0,0.6363636363636364,0.6363636363636364,0.6363636363636364,0.22727272727272727,0.22727272727272727,2,0.09090909090909091,0.2727272727272727,0.09090909090909091,0.09090909090909091,0.09090909090909091,0.6666666666666667
140,2026-06-21 20:00:00+00:00,0.5,11,59,22,55,0.4,0.22727272727272727,0.22727272727272727,0.8636363636363636,0.5,1.0,0.22727272727272727,0.5,0.6363636363636364,0.13636363636363635,0.22727272727272727,7,0.3181818181818182,0.5,0.18181818181818182,0.22727272727272727,0.3181818181818182,0.36363636363636365
140,2026-06-21 20:00:00+00:00,1.0,22,59,22,55,0.4,0.045454545454545456,0.22727272727272727,0.5454545454545454,0.36363636363636365,0.9545454545454546,0.18181818181818182,0.22727272727272727,0.22727272727272727,0.045454545454545456,0.045454545454545456,11,0.5,1.0,0.36363636363636365,0.4090909090909091,0.5,0.5
141,2026-06-21 21:00:00+00:00,0.1,3,61,23,58,0.603448275862069,0.4,0.7714285714285715,1.0,0.6285714285714286,1.0,0.7714285714285715,0.7714285714285715,0.7714285714285715,0.4,0.4,2,0.08695652173913043,0.13043478260869565,0.043478260869565216,0.08695652173913043,0.08695652173913043,0.33333333333333337
141,2026-06-21 21:00:00+00:00,0.25,6,61,23,58,0.603448275862069,0.14285714285714285,0.7714285714285715,0.9428571428571428,0.5714285714285714,1.0,0.5142857142857142,0.5142857142857142,0.7714285714285715,0.14285714285714285,0.14285714285714285,2,0.08695652173913043,0.2608695652173913,0.08695652173913043,0.08695652173913043,0.13043478260869565,0.6666666666666667
141,2026-06-21 21:00:00+00:00,0.5,12,61,23,58,0.603448275862069,0.08571428571428572,0.2571428571428571,0.7142857142857143,0.37142857142857144,1.0,0.2571428571428571,0.2571428571428571,0.4,0.08571428571428572,0.08571428571428572,7,0.30434782608695654,0.5217391304347826,0.17391304347826086,0.2608695652173913,0.30434782608695654,0.41666666666666663
141,2026-06-21 21:00:00+00:00,1.0,23,61,23,58,0.603448275862069,0.02857142857142857,0.11428571428571428,0.5428571428571428,0.2857142857142857,0.9142857142857143,0.11428571428571428,0.11428571428571428,0.11428571428571428,0.02857142857142857,0.02857142857142857,11,0.4782608695652174,1.0,0.391304347826087,0.43478260869565216,0.4782608695652174,0.5217391304347826
142,2026-06-21 22:00:00+00:00,0.1,3,59,23,59,0.6440677966101694,0.6578947368421053,0.7894736842105263,1.0,0.6578947368421053,1.0,0.7894736842105263,0.7894736842105263,0.7894736842105263,0.6578947368421053,0.6578947368421053,2,0.08695652173913043,0.13043478260869565,0.043478260869565216,0.08695652173913043,0.08695652173913043,0.33333333333333337
142,2026-06-21 22:00:00+00:00,0.25,6,59,23,59,0.6440677966101694,0.23684210526315788,0.4473684210526316,0.9473684210526315,0.6052631578947368,1.0,0.4473684210526316,0.4473684210526316,0.5789473684210527,0.21052631578947367,0.34210526315789475,4,0.17391304347826086,0.2608695652173913,0.08695652173913043,0.13043478260869565,0.17391304347826086,0.33333333333333337
142,2026-06-21 22:00:00+00:00,0.5,12,59,23,59,0.6440677966101694,0.07894736842105263,0.21052631578947367,0.7368421052631579,0.41973684210526324,1.0,0.21052631578947367,0.21052631578947367,0.21052631578947367,0.05263157894736842,0.07894736842105263,7,0.30434782608695654,0.5217391304347826,0.21739130434782608,0.30434782608695654,0.30434782608695654,0.41666666666666663
142,2026-06-21 22:00:00+00:00,1.0,23,59,23,59,0.6440677966101694,0.02631578947368421,0.10526315789473684,0.5394736842105263,0.2631578947368421,0.8947368421052632,0.05263157894736842,0.10526315789473684,0.10526315789473684,0.02631578947368421,0.02631578947368421,12,0.5217391304347826,1.0,0.391304347826087,0.4782608695652174,0.5217391304347826,0.4782608695652174
143,2026-06-21 23:00:00+00:00,0.1,3,60,23,66,0.8636363636363636,0.631578947368421,0.631578947368421,0.9824561403508771,0.7017543859649122,1.0,0.631578947368421,0.7017543859649122,0.7017543859649122,0.631578947368421,0.631578947368421,3,0.13043478260869565,0.13043478260869565,0.043478260869565216,0.13043478260869565,0.13043478260869565,0.0
143,2026-06-21 23:00:00+00:00,0.25,6,60,23,66,0.8636363636363636,0.19298245614035087,0.49122807017543857,0.8596491228070176,0.5614035087719298,1.0,0.3508771929824561,0.49122807017543857,0.49122807017543857,0.19298245614035087,0.19298245614035087,4,0.17391304347826086,0.2608695652173913,0.08695652173913043,0.17391304347826086,0.21739130434782608,0.33333333333333337
143,2026-06-21 23:00:00+00:00,0.5,12,60,23,66,0.8636363636363636,0.05263157894736842,0.07017543859649122,0.7368421052631579,0.45526315789473687,0.9824561403508771,0.07017543859649122,0.07017543859649122,0.19298245614035087,0.03508771929824561,0.05263157894736842,8,0.34782608695652173,0.5217391304347826,0.21739130434782608,0.30434782608695654,0.34782608695652173,0.33333333333333337
143,2026-06-21 23:00:00+00:00,1.0,23,60,23,66,0.8636363636363636,0.017543859649122806,0.07017543859649122,0.5263157894736842,0.22807017543859648,0.8245614035087719,0.03508771929824561,0.07017543859649122,0.07017543859649122,0.017543859649122806,0.017543859649122806,12,0.5217391304347826,1.0,0.391304347826087,0.4782608695652174,0.5217391304347826,0.4782608695652174
144,2026-06-22 00:00:00+00:00,0.1,3,63,25,72,0.75,0.46296296296296297,0.5925925925925926,1.0,0.7953703703703704,1.0,0.5925925925925926,0.5925925925925926,0.5925925925925926,0.46296296296296297,0.46296296296296297,3,0.12,0.12,0.04,0.12,0.12,0.0
144,2026-06-22 00:00:00+00:00,0.25,7,63,25,72,0.75,0.12962962962962962,0.35185185185185186,0.8703703703703703,0.5925925925925926,1.0,0.24074074074074073,0.24074074074074073,0.35185185185185186,0.12962962962962962,0.12962962962962962,5,0.2,0.28,0.12,0.2,0.24,0.2857142857142857
144,2026-06-22 00:00:00+00:00,0.5,13,63,25,72,0.75,0.05555555555555555,0.07407407407407407,0.7962962962962963,0.4074074074074074,0.9814814814814815,0.07407407407407407,0.07407407407407407,0.07407407407407407,0.05555555555555555,0.05555555555555555,9,0.36,0.52,0.2,0.36,0.36,0.3076923076923077
144,2026-06-22 00:00:00+00:00,1.0,25,63,25,72,0.75,0.018518518518518517,0.07407407407407407,0.5462962962962963,0.25833333333333336,0.8342592592592584,0.037037037037037035,0.07407407407407407,0.07407407407407407,0.018518518518518517,0.018518518518518517,13,0.52,1.0,0.4,0.48,0.56,0.48
145,2026-06-22 01:00:00+00:00,0.1,3,68,25,75,0.6133333333333333,0.3695652173913043,0.5217391304347826,1.0,0.7141304347826088,1.0,0.5217391304347826,0.5217391304347826,0.5217391304347826,0.3695652173913043,0.3695652173913043,3,0.12,0.12,0.04,0.12,0.12,0.0
145,2026-06-22 01:00:00+00:00,0.25,7,68,25,75,0.6133333333333333,0.13043478260869565,0.3695652173913043,0.9347826086956522,0.5434782608695652,1.0,0.3695652173913043,0.3695652173913043,0.3695652173913043,0.13043478260869565,0.13043478260869565,6,0.24,0.28,0.12,0.24,0.24,0.1428571428571429
145,2026-06-22 01:00:00+00:00,0.5,13,68,25,75,0.6133333333333333,0.06521739130434782,0.08695652173913043,0.8260869565217391,0.391304347826087,0.9782608695652174,0.08695652173913043,0.08695652173913043,0.08695652173913043,0.06521739130434782,0.08695652173913043,9,0.36,0.52,0.2,0.36,0.36,0.3076923076923077
145,2026-06-22 01:00:00+00:00,1.0,25,68,25,75,0.6133333333333333,0.021739130434782608,0.06521739130434782,0.6086956521739131,0.30434782608695654,0.9130434782608695,0.06521739130434782,0.08695652173913043,0.08695652173913043,0.021739130434782608,0.021739130434782608,13,0.52,1.0,0.36,0.48,0.52,0.48
146,2026-06-22 02:00:00+00:00,0.1,2,67,20,60,0.55,0.5757575757575758,0.5757575757575758,1.0,0.7878787878787878,1.0,0.5757575757575758,0.5757575757575758,0.5757575757575758,0.5757575757575758,0.5757575757575758,2,0.1,0.1,0.025,0.1,0.1,0.0
146,2026-06-22 02:00:00+00:00,0.25,5,67,20,60,0.55,0.12121212121212122,0.2727272727272727,1.0,0.45454545454545453,1.0,0.2727272727272727,0.2727272727272727,0.36363636363636365,0.12121212121212122,0.12121212121212122,4,0.2,0.25,0.05,0.15,0.2,0.19999999999999996
146,2026-06-22 02:00:00+00:00,0.5,10,67,20,60,0.55,0.09090909090909091,0.12121212121212122,0.9696969696969697,0.45454545454545453,1.0,0.12121212121212122,0.12121212121212122,0.12121212121212122,0.09090909090909091,0.09090909090909091,6,0.3,0.5,0.15,0.3,0.3,0.4
146,2026-06-22 02:00:00+00:00,1.0,20,67,20,60,0.55,0.030303030303030304,0.12121212121212122,0.7575757575757576,0.36363636363636365,1.0,0.12121212121212122,0.12121212121212122,0.12121212121212122,0.030303030303030304,0.030303030303030304,8,0.4,1.0,0.3,0.4,0.4,0.6
147,2026-06-22 03:00:00+00:00,0.1,6,100,51,145,0.7655172413793103,0.5315315315315315,0.6216216216216216,0.972972972972973,0.8198198198198198,1.0,0.6216216216216216,0.6216216216216216,0.6216216216216216,0.5315315315315315,0.5315315315315315,6,0.11764705882352941,0.11764705882352941,0.058823529411764705,0.11764705882352941,0.11764705882352941,0.0
147,2026-06-22 03:00:00+00:00,0.25,13,100,51,145,0.7655172413793103,0.3153153153153153,0.5315315315315315,0.8918918918918919,0.7112612612612613,0.9819819819819819,0.5315315315315315,0.5315315315315315,0.5315315315315315,0.3063063063063063,0.34234234234234234,9,0.17647058823529413,0.2549019607843137,0.13725490196078433,0.17647058823529413,0.17647058823529413,0.3076923076923077
147,2026-06-22 03:00:00+00:00,0.5,26,100,51,145,0.7655172413793103,0.05405405405405406,0.3153153153153153,0.7567567567567568,0.5040540540540541,0.9279279279279279,0.3153153153153153,0.3333333333333333,0.36036036036036034,0.04504504504504504,0.05405405405405406,15,0.29411764705882354,0.5098039215686274,0.2549019607843137,0.2549019607843137,0.29411764705882354,0.42307692307692313
147,2026-06-22 03:00:00+00:00,1.0,51,100,51,145,0.7655172413793103,0.009009009009009009,0.05405405405405406,0.44144144144144143,0.14369369369369372,0.7027027027027027,0.05405405405405406,0.05405405405405406,0.05405405405405406,0.009009009009009009,0.009009009009009009,27,0.5294117647058824,1.0,0.5098039215686274,0.5294117647058824,0.5294117647058824,0.47058823529411764
148,2026-06-22 04:00:00+00:00,0.1,6,106,56,151,0.8344370860927153,0.5238095238095238,0.5476190476190477,0.9761904761904762,0.8492063492063492,1.0,0.5476190476190477,0.5476190476190477,0.626984126984127,0.5079365079365079,0.5238095238095238,5,0.08928571428571429,0.10714285714285714,0.05357142857142857,0.08928571428571429,0.08928571428571429,0.16666666666666663
148,2026-06-22 04:00:00+00:00,0.25,14,106,56,151,0.8344370860927153,0.20634920634920634,0.5238095238095238,0.9285714285714286,0.7619047619047619,0.9841269841269841,0.5079365079365079,0.5476190476190477,0.5476190476190477,0.20634920634920634,0.31746031746031744,8,0.14285714285714285,0.25,0.125,0.125,0.14285714285714285,0.4285714285714286
148,2026-06-22 04:00:00+00:00,0.5,28,106,56,151,0.8344370860927153,0.07936507936507936,0.18253968253968253,0.8095238095238095,0.5476190476190477,0.9285714285714286,0.18253968253968253,0.30158730158730157,0.3333333333333333,0.047619047619047616,0.0873015873015873,16,0.2857142857142857,0.5,0.26785714285714285,0.23214285714285715,0.2857142857142857,0.4285714285714286
148,2026-06-22 04:00:00+00:00,1.0,56,106,56,151,0.8344370860927153,0.007936507936507936,0.047619047619047616,0.49206349206349204,0.15039682539682542,0.7301587301587301,0.047619047619047616,0.047619047619047616,0.047619047619047616,0.007936507936507936,0.007936507936507936,32,0.5714285714285714,1.0,0.5178571428571429,0.5,0.5714285714285714,0.4285714285714286
149,2026-06-22 05:00:00+00:00,0.1,6,106,55,139,0.9064748201438849,0.48412698412698413,0.5476190476190477,0.9761904761904762,0.8571428571428571,1.0,0.5476190476190477,0.626984126984127,0.626984126984127,0.48412698412698413,0.48412698412698413,5,0.09090909090909091,0.10909090909090909,0.05454545454545454,0.07272727272727272,0.09090909090909091,0.16666666666666663
149,2026-06-22 05:00:00+00:00,0.25,14,106,55,139,0.9064748201438849,0.15873015873015872,0.5238095238095238,0.9206349206349206,0.746031746031746,0.9765873015873012,0.5079365079365079,0.5476190476190477,0.5476190476190477,0.15873015873015872,0.2619047619047619,7,0.12727272727272726,0.2545454545454545,0.12727272727272726,0.10909090909090909,0.12727272727272726,0.5
149,2026-06-22 05:00:00+00:00,0.5,28,106,55,139,0.9064748201438849,0.07142857142857142,0.18253968253968253,0.8015873015873016,0.5551587301587302,0.9210317460317456,0.18253968253968253,0.2857142857142857,0.3412698412698413,0.047619047619047616,0.0873015873015873,15,0.2727272727272727,0.509090909090909,0.2545454545454545,0.21818181818181817,0.2727272727272727,0.4642857142857143
149,2026-06-22 05:00:00+00:00,1.0,55,106,55,139,0.9064748201438849,0.007936507936507936,0.047619047619047616,0.5079365079365079,0.15873015873015872,0.753968253968254,0.047619047619047616,0.047619047619047616,0.047619047619047616,0.007936507936507936,0.007936507936507936,30,0.5454545454545454,1.0,0.509090909090909,0.4909090909090909,0.5454545454545454,0.4545454545454546
150,2026-06-22 06:00:00+00:00,0.1,5,105,50,129,0.9302325581395349,0.5166666666666667,0.625,0.9833333333333333,0.8579166666666667,1.0,0.625,0.625,0.625,0.49166666666666664,0.5166666666666667,4,0.08,0.1,0.04,0.08,0.08,0.19999999999999996
150,2026-06-22 06:00:00+00:00,0.25,13,105,50,129,0.9302325581395349,0.14166666666666666,0.5416666666666666,0.925,0.7412500000000001,0.9833333333333333,0.5416666666666666,0.5416666666666666,0.5416666666666666,0.125,0.14166666666666666,5,0.1,0.26,0.12,0.1,0.1,0.6153846153846154
150,2026-06-22 06:00:00+00:00,0.5,25,105,50,129,0.9302325581395349,0.06666666666666667,0.19166666666666668,0.825,0.4995833333333334,0.9416666666666667,0.16666666666666666,0.2,0.2,0.041666666666666664,0.075,11,0.22,0.5,0.24,0.2,0.22,0.56
150,2026-06-22 06:00:00+00:00,1.0,50,105,50,129,0.9302325581395349,0.008333333333333333,0.05,0.5416666666666666,0.15833333333333333,0.7833333333333333,0.05,0.05,0.1004166666666663,0.008333333333333333,0.008333333333333333,24,0.48,1.0,0.48,0.48,0.5,0.52
151,2026-06-22 07:00:00+00:00,0.1,5,102,44,128,0.9453125,0.19834710743801653,0.5619834710743802,0.9834710743801653,0.8264462809917356,1.0,0.36363636363636365,0.36363636363636365,0.5619834710743802,0.19834710743801653,0.19834710743801653,3,0.06818181818181818,0.11363636363636363,0.045454545454545456,0.06818181818181818,0.09090909090909091,0.4
151,2026-06-22 07:00:00+00:00,0.25,11,102,44,128,0.9453125,0.09090909090909091,0.19834710743801653,0.9421487603305785,0.7351239669421488,0.9917355371900827,0.19834710743801653,0.19834710743801653,0.19834710743801653,0.09090909090909091,0.14049586776859505,5,0.11363636363636363,0.25,0.11363636363636363,0.11363636363636363,0.11363636363636363,0.5454545454545454
151,2026-06-22 07:00:00+00:00,0.5,22,102,44,128,0.9453125,0.06611570247933884,0.10743801652892562,0.8429752066115702,0.5371900826446281,0.9586776859504132,0.10743801652892562,0.10743801652892562,0.17355371900826447,0.04132231404958678,0.0743801652892562,10,0.22727272727272727,0.5,0.22727272727272727,0.18181818181818182,0.22727272727272727,0.5454545454545454
151,2026-06-22 07:00:00+00:00,1.0,44,102,44,128,0.9453125,0.008264462809917356,0.0743801652892562,0.6115702479338843,0.18181818181818182,0.8347107438016529,0.049586776859504134,0.049586776859504134,0.0743801652892562,0.008264462809917356,0.008264462809917356,20,0.45454545454545453,1.0,0.4318181818181818,0.4318181818181818,0.4772727272727273,0.5454545454545454
152,2026-06-22 08:00:00+00:00,0.1,5,100,44,128,0.9453125,0.23140495867768596,0.39669421487603307,0.9834710743801653,0.8347107438016529,1.0,0.39669421487603307,0.39669421487603307,0.39669421487603307,0.23140495867768596,0.23140495867768596,4,0.09090909090909091,0.11363636363636363,0.045454545454545456,0.09090909090909091,0.09090909090909091,0.19999999999999996
152,2026-06-22 08:00:00+00:00,0.25,11,100,44,128,0.9453125,0.09090909090909091,0.23140495867768596,0.9421487603305785,0.759504132231405,0.9917355371900827,0.23140495867768596,0.23140495867768596,0.23140495867768596,0.09090909090909091,0.10743801652892562,5,0.11363636363636363,0.25,0.11363636363636363,0.11363636363636363,0.11363636363636363,0.5454545454545454
152,2026-06-22 08:00:00+00:00,0.5,22,100,44,128,0.9453125,0.06611570247933884,0.10743801652892562,0.8429752066115702,0.5615702479338843,0.9504132231404959,0.10743801652892562,0.10743801652892562,0.10743801652892562,0.04132231404958678,0.0743801652892562,10,0.22727272727272727,0.5,0.22727272727272727,0.20454545454545456,0.22727272727272727,0.5454545454545454
152,2026-06-22 08:00:00+00:00,1.0,44,100,44,128,0.9453125,0.008264462809917356,0.0743801652892562,0.6033057851239669,0.19008264462809918,0.8185950413223136,0.049586776859504134,0.049586776859504134,0.0743801652892562,0.008264462809917356,0.008264462809917356,20,0.45454545454545453,1.0,0.4318181818181818,0.4318181818181818,0.5,0.5454545454545454
153,2026-06-22 09:00:00+00:00,0.1,4,118,35,126,0.9444444444444444,0.226890756302521,0.21008403361344538,0.9915966386554622,0.8739495798319328,1.0,0.21008403361344538,0.21008403361344538,0.21008403361344538,0.226890756302521,0.226890756302521,4,0.11428571428571428,0.11428571428571428,0.02857142857142857,0.11428571428571428,0.11428571428571428,0.0
153,2026-06-22 09:00:00+00:00,0.25,9,118,35,126,0.9444444444444444,0.06722689075630252,0.09243697478991597,0.9663865546218487,0.8067226890756303,1.0,0.09243697478991597,0.09243697478991597,0.09243697478991597,0.06722689075630252,0.08403361344537816,6,0.17142857142857143,0.2571428571428571,0.07142857142857142,0.17142857142857143,0.17142857142857143,0.33333333333333337
153,2026-06-22 09:00:00+00:00,0.5,18,118,35,126,0.9444444444444444,0.05042016806722689,0.05042016806722689,0.8991596638655462,0.6634453781512605,0.9915966386554622,0.05042016806722689,0.05042016806722689,0.05042016806722689,0.05042016806722689,0.06722689075630252,9,0.2571428571428571,0.5142857142857142,0.14285714285714285,0.2571428571428571,0.2571428571428571,0.5
153,2026-06-22 09:00:00+00:00,1.0,35,118,35,126,0.9444444444444444,0.008403361344537815,0.05042016806722689,0.7647058823529411,0.37815126050420167,0.9243697478991597,0.05042016806722689,0.05042016806722689,0.05042016806722689,0.008403361344537815,0.008403361344537815,9,0.2571428571428571,1.0,0.2857142857142857,0.2571428571428571,0.2857142857142857,0.7428571428571429
154,2026-06-22 10:00:00+00:00,0.1,4,118,32,110,0.9272727272727272,0.2549019607843137,0.24509803921568626,0.9901960784313726,0.8529411764705882,1.0,0.24509803921568626,0.24509803921568626,0.24509803921568626,0.2549019607843137,0.2549019607843137,4,0.125,0.125,0.03125,0.125,0.125,0.0
154,2026-06-22 10:00:00+00:00,0.25,8,118,32,110,0.9272727272727272,0.058823529411764705,0.13725490196078433,0.9705882352941176,0.7843137254901961,1.0,0.13725490196078433,0.13725490196078433,0.13725490196078433,0.058823529411764705,0.058823529411764705,6,0.1875,0.25,0.0625,0.1875,0.1875,0.25
154,2026-06-22 10:00:00+00:00,0.5,16,118,32,110,0.9272727272727272,0.058823529411764705,0.08823529411764706,0.9019607843137255,0.6372549019607843,0.9901960784313726,0.08823529411764706,0.08823529411764706,0.08823529411764706,0.058823529411764705,0.058823529411764705,8,0.25,0.5,0.125,0.25,0.25,0.5
154,2026-06-22 10:00:00+00:00,1.0,32,118,32,110,0.9272727272727272,0.00980392156862745,0.058823529411764705,0.7549019607843137,0.4215686274509804,0.9411764705882353,0.058823529411764705,0.058823529411764705,0.08823529411764706,0.00980392156862745,0.00980392156862745,9,0.28125,1.0,0.28125,0.28125,0.3125,0.71875
155,2026-06-22 11:00:00+00:00,0.1,4,114,32,110,0.9272727272727272,0.2549019607843137,0.24509803921568626,0.9901960784313726,0.8431372549019608,1.0,0.24509803921568626,0.24509803921568626,0.24509803921568626,0.2549019607843137,0.2549019607843137,4,0.125,0.125,0.03125,0.125,0.125,0.0
155,2026-06-22 11:00:00+00:00,0.25,8,114,32,110,0.9272727272727272,0.058823529411764705,0.13725490196078433,0.9705882352941176,0.7843137254901961,1.0,0.13725490196078433,0.13725490196078433,0.13725490196078433,0.058823529411764705,0.058823529411764705,6,0.1875,0.25,0.0625,0.1875,0.1875,0.25
155,2026-06-22 11:00:00+00:00,0.5,16,114,32,110,0.9272727272727272,0.058823529411764705,0.08823529411764706,0.8921568627450981,0.6372549019607843,0.9901960784313726,0.08823529411764706,0.08823529411764706,0.08823529411764706,0.058823529411764705,0.058823529411764705,7,0.21875,0.5,0.125,0.21875,0.25,0.5625
155,2026-06-22 11:00:00+00:00,1.0,32,114,32,110,0.9272727272727272,0.00980392156862745,0.058823529411764705,0.7450980392156863,0.4308823529411765,0.9411764705882353,0.058823529411764705,0.058823529411764705,0.08823529411764706,0.00980392156862745,0.00980392156862745,9,0.28125,1.0,0.28125,0.28125,0.3125,0.71875
156,2026-06-22 12:00:00+00:00,0.1,4,112,32,110,0.9272727272727272,0.2549019607843137,0.24509803921568626,0.9901960784313726,0.8529411764705882,1.0,0.24509803921568626,0.24509803921568626,0.24509803921568626,0.2549019607843137,0.2549019607843137,4,0.125,0.125,0.03125,0.125,0.125,0.0
156,2026-06-22 12:00:00+00:00,0.25,8,112,32,110,0.9272727272727272,0.058823529411764705,0.13725490196078433,0.9705882352941176,0.7843137254901961,1.0,0.13725490196078433,0.13725490196078433,0.13725490196078433,0.058823529411764705,0.058823529411764705,6,0.1875,0.25,0.0625,0.1875,0.1875,0.25
156,2026-06-22 12:00:00+00:00,0.5,16,112,32,110,0.9272727272727272,0.058823529411764705,0.08823529411764706,0.9166666666666666,0.6862745098039216,0.9901960784313726,0.08823529411764706,0.08823529411764706,0.08823529411764706,0.058823529411764705,0.058823529411764705,8,0.25,0.5,0.125,0.21875,0.25,0.5
156,2026-06-22 12:00:00+00:00,1.0,32,112,32,110,0.9272727272727272,0.00980392156862745,0.058823529411764705,0.7549019607843137,0.421078431372549,0.9313725490196079,0.058823529411764705,0.058823529411764705,0.08823529411764706,0.00980392156862745,0.00980392156862745,9,0.28125,1.0,0.28125,0.28125,0.3125,0.71875
157,2026-06-22 13:00:00+00:00,0.1,4,110,32,97,0.8865979381443299,0.11627906976744186,0.2441860465116279,0.9883720930232558,0.8372093023255814,1.0,0.2441860465116279,0.2441860465116279,0.2441860465116279,0.11627906976744186,0.11627906976744186,4,0.125,0.125,0.03125,0.125,0.125,0.0
157,2026-06-22 13:00:00+00:00,0.25,8,110,32,97,0.8865979381443299,0.06976744186046512,0.11627906976744186,0.9651162790697675,0.7203488372093023,1.0,0.11627906976744186,0.11627906976744186,0.11627906976744186,0.06976744186046512,0.06976744186046512,6,0.1875,0.25,0.0625,0.1875,0.1875,0.25
157,2026-06-22 13:00:00+00:00,0.5,16,110,32,97,0.8865979381443299,0.06976744186046512,0.10465116279069768,0.9069767441860465,0.5924418604651163,0.9883720930232558,0.10465116279069768,0.10465116279069768,0.10465116279069768,0.046511627906976744,0.06976744186046512,8,0.25,0.5,0.15625,0.21875,0.25,0.5
157,2026-06-22 13:00:00+00:00,1.0,32,110,32,97,0.8865979381443299,0.011627906976744186,0.06976744186046512,0.7325581395348837,0.2668604651162791,0.9302325581395349,0.06976744186046512,0.06976744186046512,0.06976744186046512,0.011627906976744186,0.011627906976744186,10,0.3125,1.0,0.28125,0.3125,0.3125,0.6875
158,2026-06-22 14:00:00+00:00,0.1,4,106,32,96,0.8854166666666666,0.11764705882352941,0.23529411764705882,0.9882352941176471,0.8,1.0,0.23529411764705882,0.23529411764705882,0.23529411764705882,0.11764705882352941,0.11764705882352941,4,0.125,0.125,0.03125,0.125,0.125,0.0
158,2026-06-22 14:00:00+00:00,0.25,8,106,32,96,0.8854166666666666,0.07058823529411765,0.11764705882352941,0.9647058823529412,0.7176470588235294,1.0,0.11764705882352941,0.11764705882352941,0.11764705882352941,0.07058823529411765,0.07058823529411765,6,0.1875,0.25,0.0625,0.1875,0.1875,0.25
158,2026-06-22 14:00:00+00:00,0.5,16,106,32,96,0.8854166666666666,0.07058823529411765,0.10588235294117647,0.8823529411764706,0.54,0.9764705882352941,0.10588235294117647,0.10588235294117647,0.10588235294117647,0.047058823529411764,0.07058823529411765,8,0.25,0.5,0.15625,0.21875,0.25,0.5
158,2026-06-22 14:00:00+00:00,1.0,32,106,32,96,0.8854166666666666,0.011764705882352941,0.07058823529411765,0.7176470588235294,0.27058823529411763,0.9176470588235294,0.058823529411764705,0.07058823529411765,0.07058823529411765,0.011764705882352941,0.011764705882352941,10,0.3125,1.0,0.3125,0.3125,0.34375,0.6875
