source,hour_index,time,evaluation_hours,ranking_hours,older_candidates,recent_resources,recent_labels,requested_fraction,k,older_selected_recent,older_coverage,tie_min_selected_recent,tie_max_selected_recent,uniform_expected_coverage,uniform_zero_coverage_probability,coverage_minus_uniform_expectation,recent_component_before,recent_component_after,Q_recent,older_component_before,older_component_after,Q_older
hourly,8,2026-06-16 08:00:00+00:00,1,24,5,5,7,0.1,1,1,0.2,1,1,0.2,0.0,0.0,5,4,0.8,5,4,0.8
hourly,8,2026-06-16 08:00:00+00:00,1,24,5,5,7,0.25,2,2,0.4,2,2,0.4,0.0,0.0,5,3,0.6,5,3,0.6
hourly,8,2026-06-16 08:00:00+00:00,1,24,5,5,7,0.5,3,3,0.6,3,3,0.6,0.0,0.0,5,3,0.6,5,3,0.6
hourly,8,2026-06-16 08:00:00+00:00,1,24,5,5,7,1.0,5,5,1.0,5,5,1.0,0.0,0.0,5,1,0.2,5,1,0.2
hourly,8,2026-06-16 08:00:00+00:00,3,24,5,5,7,0.1,1,1,0.2,1,1,0.2,0.0,0.0,5,4,0.8,5,4,0.8
hourly,8,2026-06-16 08:00:00+00:00,3,24,5,5,7,0.25,2,2,0.4,2,2,0.4,0.0,0.0,5,3,0.6,5,3,0.6
hourly,8,2026-06-16 08:00:00+00:00,3,24,5,5,7,0.5,3,3,0.6,3,3,0.6,0.0,0.0,5,3,0.6,5,3,0.6
hourly,8,2026-06-16 08:00:00+00:00,3,24,5,5,7,1.0,5,5,1.0,5,5,1.0,0.0,0.0,5,1,0.2,5,1,0.2
hourly,8,2026-06-16 08:00:00+00:00,6,24,5,5,7,0.1,1,1,0.2,1,1,0.2,0.0,0.0,5,4,0.8,5,4,0.8
hourly,8,2026-06-16 08:00:00+00:00,6,24,5,5,7,0.25,2,2,0.4,2,2,0.4,0.0,0.0,5,3,0.6,5,3,0.6
hourly,8,2026-06-16 08:00:00+00:00,6,24,5,5,7,0.5,3,3,0.6,3,3,0.6,0.0,0.0,5,3,0.6,5,3,0.6
hourly,8,2026-06-16 08:00:00+00:00,6,24,5,5,7,1.0,5,5,1.0,5,5,1.0,0.0,0.0,5,1,0.2,5,1,0.2
hourly,8,2026-06-16 08:00:00+00:00,12,24,5,5,7,0.1,1,1,0.2,1,1,0.2,0.0,0.0,5,4,0.8,5,4,0.8
hourly,8,2026-06-16 08:00:00+00:00,12,24,5,5,7,0.25,2,2,0.4,2,2,0.4,0.0,0.0,5,3,0.6,5,3,0.6
hourly,8,2026-06-16 08:00:00+00:00,12,24,5,5,7,0.5,3,3,0.6,3,3,0.6,0.0,0.0,5,3,0.6,5,3,0.6
hourly,8,2026-06-16 08:00:00+00:00,12,24,5,5,7,1.0,5,5,1.0,5,5,1.0,0.0,0.0,5,1,0.2,5,1,0.2
hourly,9,2026-06-16 09:00:00+00:00,1,24,10,4,8,0.1,1,1,0.25,1,1,0.1,0.6,0.15,2,2,1.0,10,10,1.0
hourly,9,2026-06-16 09:00:00+00:00,1,24,10,4,8,0.25,1,1,0.25,1,1,0.1,0.6,0.15,2,2,1.0,10,10,1.0
hourly,9,2026-06-16 09:00:00+00:00,1,24,10,4,8,0.5,2,2,0.5,2,2,0.2,0.3333333333333333,0.3,2,2,1.0,10,5,0.5
hourly,9,2026-06-16 09:00:00+00:00,1,24,10,4,8,1.0,4,3,0.75,2,3,0.4,0.07142857142857142,0.35,2,2,1.0,10,5,0.5
hourly,9,2026-06-16 09:00:00+00:00,3,24,10,10,18,0.1,1,1,0.1,1,1,0.1,0.0,0.0,10,10,1.0,10,10,1.0
hourly,9,2026-06-16 09:00:00+00:00,3,24,10,10,18,0.25,3,3,0.3,3,3,0.3,0.0,0.0,10,5,0.5,10,5,0.5
hourly,9,2026-06-16 09:00:00+00:00,3,24,10,10,18,0.5,5,5,0.5,5,5,0.5,0.0,0.0,10,5,0.5,10,5,0.5
hourly,9,2026-06-16 09:00:00+00:00,3,24,10,10,18,1.0,10,10,1.0,10,10,1.0,0.0,0.0,10,1,0.1,10,1,0.1
hourly,9,2026-06-16 09:00:00+00:00,6,24,10,10,18,0.1,1,1,0.1,1,1,0.1,0.0,0.0,10,10,1.0,10,10,1.0
hourly,9,2026-06-16 09:00:00+00:00,6,24,10,10,18,0.25,3,3,0.3,3,3,0.3,0.0,0.0,10,5,0.5,10,5,0.5
hourly,9,2026-06-16 09:00:00+00:00,6,24,10,10,18,0.5,5,5,0.5,5,5,0.5,0.0,0.0,10,5,0.5,10,5,0.5
hourly,9,2026-06-16 09:00:00+00:00,6,24,10,10,18,1.0,10,10,1.0,10,10,1.0,0.0,0.0,10,1,0.1,10,1,0.1
hourly,9,2026-06-16 09:00:00+00:00,12,24,10,10,18,0.1,1,1,0.1,1,1,0.1,0.0,0.0,10,10,1.0,10,10,1.0
hourly,9,2026-06-16 09:00:00+00:00,12,24,10,10,18,0.25,3,3,0.3,3,3,0.3,0.0,0.0,10,5,0.5,10,5,0.5
hourly,9,2026-06-16 09:00:00+00:00,12,24,10,10,18,0.5,5,5,0.5,5,5,0.5,0.0,0.0,10,5,0.5,10,5,0.5
hourly,9,2026-06-16 09:00:00+00:00,12,24,10,10,18,1.0,10,10,1.0,10,10,1.0,0.0,0.0,10,1,0.1,10,1,0.1
hourly,10,2026-06-16 10:00:00+00:00,1,24,29,13,25,0.1,2,2,0.15384615384615385,2,2,0.06896551724137931,0.2955665024630542,0.08488063660477455,13,6,0.46153846153846156,31,24,0.7741935483870968
hourly,10,2026-06-16 10:00:00+00:00,1,24,29,13,25,0.25,4,3,0.23076923076923078,3,4,0.13793103448275862,0.07662835249042145,0.09283819628647216,13,6,0.46153846153846156,31,20,0.6451612903225806
hourly,10,2026-06-16 10:00:00+00:00,1,24,29,13,25,0.5,7,6,0.46153846153846156,5,6,0.2413793103448276,0.007329668499083792,0.22015915119363397,13,2,0.15384615384615385,31,15,0.4838709677419355
hourly,10,2026-06-16 10:00:00+00:00,1,24,29,13,25,1.0,13,7,0.5384615384615384,7,9,0.4482758620689655,8.251808048504128e-06,0.09018567639257291,13,2,0.15384615384615385,31,5,0.16129032258064516
hourly,10,2026-06-16 10:00:00+00:00,3,24,29,29,45,0.1,3,3,0.10344827586206896,3,3,0.10344827586206896,0.0,0.0,31,20,0.6451612903225806,31,20,0.6451612903225806
hourly,10,2026-06-16 10:00:00+00:00,3,24,29,29,45,0.25,8,8,0.27586206896551724,8,8,0.27586206896551724,0.0,0.0,31,10,0.3225806451612903,31,10,0.3225806451612903
hourly,10,2026-06-16 10:00:00+00:00,3,24,29,29,45,0.5,15,15,0.5172413793103449,15,15,0.5172413793103449,0.0,0.0,31,5,0.16129032258064516,31,5,0.16129032258064516
hourly,10,2026-06-16 10:00:00+00:00,3,24,29,29,45,1.0,29,29,1.0,29,29,1.0,0.0,0.0,31,1,0.03225806451612903,31,1,0.03225806451612903
hourly,10,2026-06-16 10:00:00+00:00,6,24,29,29,45,0.1,3,3,0.10344827586206896,3,3,0.10344827586206896,0.0,0.0,31,20,0.6451612903225806,31,20,0.6451612903225806
hourly,10,2026-06-16 10:00:00+00:00,6,24,29,29,45,0.25,8,8,0.27586206896551724,8,8,0.27586206896551724,0.0,0.0,31,10,0.3225806451612903,31,10,0.3225806451612903
hourly,10,2026-06-16 10:00:00+00:00,6,24,29,29,45,0.5,15,15,0.5172413793103449,15,15,0.5172413793103449,0.0,0.0,31,5,0.16129032258064516,31,5,0.16129032258064516
hourly,10,2026-06-16 10:00:00+00:00,6,24,29,29,45,1.0,29,29,1.0,29,29,1.0,0.0,0.0,31,1,0.03225806451612903,31,1,0.03225806451612903
hourly,10,2026-06-16 10:00:00+00:00,12,24,29,29,45,0.1,3,3,0.10344827586206896,3,3,0.10344827586206896,0.0,0.0,31,20,0.6451612903225806,31,20,0.6451612903225806
hourly,10,2026-06-16 10:00:00+00:00,12,24,29,29,45,0.25,8,8,0.27586206896551724,8,8,0.27586206896551724,0.0,0.0,31,10,0.3225806451612903,31,10,0.3225806451612903
hourly,10,2026-06-16 10:00:00+00:00,12,24,29,29,45,0.5,15,15,0.5172413793103449,15,15,0.5172413793103449,0.0,0.0,31,5,0.16129032258064516,31,5,0.16129032258064516
hourly,10,2026-06-16 10:00:00+00:00,12,24,29,29,45,1.0,29,29,1.0,29,29,1.0,0.0,0.0,31,1,0.03225806451612903,31,1,0.03225806451612903
hourly,11,2026-06-16 11:00:00+00:00,1,24,40,12,24,0.1,2,2,0.16666666666666666,2,2,0.05,0.4846153846153846,0.11666666666666665,13,7,0.5384615384615384,40,30,0.75
hourly,11,2026-06-16 11:00:00+00:00,1,24,40,12,24,0.25,3,3,0.25,2,3,0.075,0.33157894736842103,0.175,13,7,0.5384615384615384,40,29,0.725
hourly,11,2026-06-16 11:00:00+00:00,1,24,40,12,24,0.5,6,4,0.3333333333333333,4,5,0.15,0.09815078236130868,0.18333333333333332,13,6,0.46153846153846156,40,26,0.65
hourly,11,2026-06-16 11:00:00+00:00,1,24,40,12,24,1.0,12,7,0.5833333333333334,6,8,0.3,0.005445239455250579,0.2833333333333334,13,4,0.3076923076923077,40,21,0.525
hourly,11,2026-06-16 11:00:00+00:00,3,24,40,32,47,0.1,4,4,0.125,4,4,0.1,0.000765948134369187,0.024999999999999994,33,21,0.6363636363636364,40,29,0.725
hourly,11,2026-06-16 11:00:00+00:00,3,24,40,32,47,0.25,8,8,0.25,8,8,0.2,1.3003108978341176e-08,0.04999999999999999,33,7,0.21212121212121213,40,23,0.575
hourly,11,2026-06-16 11:00:00+00:00,3,24,40,32,47,0.5,16,15,0.46875,15,16,0.4,0.0,0.06874999999999998,33,5,0.15151515151515152,40,12,0.3
hourly,11,2026-06-16 11:00:00+00:00,3,24,40,32,47,1.0,32,24,0.75,24,31,0.8,0.0,-0.050000000000000044,33,4,0.12121212121212122,40,4,0.1
hourly,11,2026-06-16 11:00:00+00:00,6,24,40,40,58,0.1,4,4,0.1,4,4,0.1,0.0,0.0,40,29,0.725,40,29,0.725
hourly,11,2026-06-16 11:00:00+00:00,6,24,40,40,58,0.25,10,10,0.25,10,10,0.25,0.0,0.0,40,23,0.575,40,23,0.575
hourly,11,2026-06-16 11:00:00+00:00,6,24,40,40,58,0.5,20,20,0.5,20,20,0.5,0.0,0.0,40,6,0.15,40,6,0.15
hourly,11,2026-06-16 11:00:00+00:00,6,24,40,40,58,1.0,40,40,1.0,40,40,1.0,0.0,0.0,40,1,0.025,40,1,0.025
hourly,11,2026-06-16 11:00:00+00:00,12,24,40,40,58,0.1,4,4,0.1,4,4,0.1,0.0,0.0,40,29,0.725,40,29,0.725
hourly,11,2026-06-16 11:00:00+00:00,12,24,40,40,58,0.25,10,10,0.25,10,10,0.25,0.0,0.0,40,23,0.575,40,23,0.575
hourly,11,2026-06-16 11:00:00+00:00,12,24,40,40,58,0.5,20,20,0.5,20,20,0.5,0.0,0.0,40,6,0.15,40,6,0.15
hourly,11,2026-06-16 11:00:00+00:00,12,24,40,40,58,1.0,40,40,1.0,40,40,1.0,0.0,0.0,40,1,0.025,40,1,0.025
hourly,12,2026-06-16 12:00:00+00:00,1,24,43,5,16,0.1,1,0,0.0,0,0,0.023255813953488372,0.8837209302325582,-0.023255813953488372,6,6,1.0,40,30,0.75
hourly,12,2026-06-16 12:00:00+00:00,1,24,43,5,16,0.25,2,0,0.0,0,0,0.046511627906976744,0.778516057585825,-0.046511627906976744,6,6,1.0,40,30,0.75
hourly,12,2026-06-16 12:00:00+00:00,1,24,43,5,16,0.5,3,0,0.0,0,0,0.06976744186046512,0.6835750749534073,-0.06976744186046512,6,6,1.0,40,29,0.725
hourly,12,2026-06-16 12:00:00+00:00,1,24,43,5,16,1.0,5,1,0.2,0,1,0.11627906976744186,0.5214450892272787,0.08372093023255815,6,6,1.0,40,29,0.725
hourly,12,2026-06-16 12:00:00+00:00,3,24,43,25,41,0.1,3,3,0.12,3,3,0.06976744186046512,0.06612105988169516,0.05023255813953488,30,19,0.6333333333333333,40,29,0.725
hourly,12,2026-06-16 12:00:00+00:00,3,24,43,25,41,0.25,7,7,0.28,6,7,0.16279069767441862,0.0009875833979485053,0.11720930232558141,30,9,0.3,40,26,0.65
hourly,12,2026-06-16 12:00:00+00:00,3,24,43,25,41,0.5,13,12,0.48,12,12,0.3023255813953488,2.3424653651530012e-07,0.17767441860465116,30,5,0.16666666666666666,40,22,0.55
hourly,12,2026-06-16 12:00:00+00:00,3,24,43,25,41,1.0,25,20,0.8,18,21,0.5813953488372093,0.0,0.2186046511627907,30,2,0.06666666666666667,40,6,0.15
hourly,12,2026-06-16 12:00:00+00:00,6,24,43,43,61,0.1,5,5,0.11627906976744186,5,5,0.11627906976744186,0.0,0.0,40,29,0.725,40,29,0.725
hourly,12,2026-06-16 12:00:00+00:00,6,24,43,43,61,0.25,11,11,0.2558139534883721,11,11,0.2558139534883721,0.0,0.0,40,22,0.55,40,22,0.55
hourly,12,2026-06-16 12:00:00+00:00,6,24,43,43,61,0.5,22,22,0.5116279069767442,22,22,0.5116279069767442,0.0,0.0,40,6,0.15,40,6,0.15
hourly,12,2026-06-16 12:00:00+00:00,6,24,43,43,61,1.0,43,43,1.0,43,43,1.0,0.0,0.0,40,1,0.025,40,1,0.025
hourly,12,2026-06-16 12:00:00+00:00,12,24,43,43,61,0.1,5,5,0.11627906976744186,5,5,0.11627906976744186,0.0,0.0,40,29,0.725,40,29,0.725
hourly,12,2026-06-16 12:00:00+00:00,12,24,43,43,61,0.25,11,11,0.2558139534883721,11,11,0.2558139534883721,0.0,0.0,40,22,0.55,40,22,0.55
hourly,12,2026-06-16 12:00:00+00:00,12,24,43,43,61,0.5,22,22,0.5116279069767442,22,22,0.5116279069767442,0.0,0.0,40,6,0.15,40,6,0.15
hourly,12,2026-06-16 12:00:00+00:00,12,24,43,43,61,1.0,43,43,1.0,43,43,1.0,0.0,0.0,40,1,0.025,40,1,0.025
hourly,13,2026-06-16 13:00:00+00:00,1,24,49,7,9,0.1,1,0,0.0,0,0,0.02040816326530612,0.8571428571428571,-0.02040816326530612,4,4,1.0,43,33,0.7674418604651163
hourly,13,2026-06-16 13:00:00+00:00,1,24,49,7,9,0.25,2,0,0.0,0,1,0.04081632653061224,0.7321428571428571,-0.04081632653061224,4,4,1.0,43,33,0.7674418604651163
hourly,13,2026-06-16 13:00:00+00:00,1,24,49,7,9,0.5,4,2,0.2857142857142857,1,2,0.08163265306122448,0.5282806924805075,0.20408163265306123,4,4,1.0,43,32,0.7441860465116279
hourly,13,2026-06-16 13:00:00+00:00,1,24,49,7,9,1.0,7,2,0.2857142857142857,2,3,0.14285714285714285,0.31406454698841163,0.14285714285714285,4,4,1.0,43,31,0.7209302325581395
hourly,13,2026-06-16 13:00:00+00:00,3,24,49,22,32,0.1,3,3,0.13636363636363635,3,3,0.061224489795918366,0.15876031263569257,0.07513914656771799,13,9,0.6923076923076923,43,32,0.7441860465116279
hourly,13,2026-06-16 13:00:00+00:00,3,24,49,22,32,0.25,6,6,0.2727272727272727,6,6,0.12244897959183673,0.02116804168475901,0.15027829313543598,13,9,0.6923076923076923,43,31,0.7209302325581395
hourly,13,2026-06-16 13:00:00+00:00,3,24,49,22,32,0.5,11,10,0.45454545454545453,8,11,0.22448979591836735,0.0004474853264219966,0.23005565862708718,13,8,0.6153846153846154,43,22,0.5116279069767442
hourly,13,2026-06-16 13:00:00+00:00,3,24,49,22,32,1.0,22,15,0.6818181818181818,14,15,0.4489795918367347,1.6243494575837868e-09,0.23283858998144707,13,7,0.5384615384615384,43,8,0.18604651162790697
hourly,13,2026-06-16 13:00:00+00:00,6,24,49,49,67,0.1,5,5,0.10204081632653061,5,5,0.10204081632653061,0.0,0.0,43,31,0.7209302325581395,43,31,0.7209302325581395
hourly,13,2026-06-16 13:00:00+00:00,6,24,49,49,67,0.25,13,13,0.2653061224489796,13,13,0.2653061224489796,0.0,0.0,43,21,0.4883720930232558,43,21,0.4883720930232558
hourly,13,2026-06-16 13:00:00+00:00,6,24,49,49,67,0.5,25,25,0.5102040816326531,25,25,0.5102040816326531,0.0,0.0,43,7,0.16279069767441862,43,7,0.16279069767441862
hourly,13,2026-06-16 13:00:00+00:00,6,24,49,49,67,1.0,49,49,1.0,49,49,1.0,0.0,0.0,43,1,0.023255813953488372,43,1,0.023255813953488372
hourly,13,2026-06-16 13:00:00+00:00,12,24,49,49,67,0.1,5,5,0.10204081632653061,5,5,0.10204081632653061,0.0,0.0,43,31,0.7209302325581395,43,31,0.7209302325581395
hourly,13,2026-06-16 13:00:00+00:00,12,24,49,49,67,0.25,13,13,0.2653061224489796,13,13,0.2653061224489796,0.0,0.0,43,21,0.4883720930232558,43,21,0.4883720930232558
hourly,13,2026-06-16 13:00:00+00:00,12,24,49,49,67,0.5,25,25,0.5102040816326531,25,25,0.5102040816326531,0.0,0.0,43,7,0.16279069767441862,43,7,0.16279069767441862
hourly,13,2026-06-16 13:00:00+00:00,12,24,49,49,67,1.0,49,49,1.0,49,49,1.0,0.0,0.0,43,1,0.023255813953488372,43,1,0.023255813953488372
hourly,14,2026-06-16 14:00:00+00:00,1,24,49,1,2,0.1,1,0,0.0,0,0,0.02040816326530612,0.9795918367346939,-0.02040816326530612,2,2,1.0,55,45,0.8181818181818182
hourly,14,2026-06-16 14:00:00+00:00,1,24,49,1,2,0.25,1,0,0.0,0,0,0.02040816326530612,0.9795918367346939,-0.02040816326530612,2,2,1.0,55,45,0.8181818181818182
hourly,14,2026-06-16 14:00:00+00:00,1,24,49,1,2,0.5,1,0,0.0,0,0,0.02040816326530612,0.9795918367346939,-0.02040816326530612,2,2,1.0,55,45,0.8181818181818182
hourly,14,2026-06-16 14:00:00+00:00,1,24,49,1,2,1.0,1,0,0.0,0,0,0.02040816326530612,0.9795918367346939,-0.02040816326530612,2,2,1.0,55,45,0.8181818181818182
hourly,14,2026-06-16 14:00:00+00:00,3,24,49,14,23,0.1,2,0,0.0,0,1,0.04081632653061224,0.5059523809523809,-0.04081632653061224,13,13,1.0,55,45,0.8181818181818182
hourly,14,2026-06-16 14:00:00+00:00,3,24,49,14,23,0.25,4,2,0.14285714285714285,1,2,0.08163265306122448,0.24712567728293908,0.061224489795918366,13,11,0.8461538461538461,55,45,0.8181818181818182
hourly,14,2026-06-16 14:00:00+00:00,3,24,49,14,23,0.5,7,4,0.2857142857142857,3,4,0.14285714285714285,0.07828258769463081,0.14285714285714285,13,9,0.6923076923076923,55,31,0.5636363636363636
hourly,14,2026-06-16 14:00:00+00:00,3,24,49,14,23,1.0,14,6,0.42857142857142855,6,6,0.2857142857142857,0.003435710142376157,0.14285714285714285,13,8,0.6153846153846154,55,16,0.2909090909090909
hourly,14,2026-06-16 14:00:00+00:00,6,24,49,41,58,0.1,5,5,0.12195121951219512,5,5,0.10204081632653061,2.9367281911222707e-05,0.019910403185664505,49,37,0.7551020408163265,55,44,0.8
hourly,14,2026-06-16 14:00:00+00:00,6,24,49,41,58,0.25,11,11,0.2682926829268293,11,11,0.22448979591836735,0.0,0.04380288700846194,49,10,0.20408163265306123,55,25,0.45454545454545453
hourly,14,2026-06-16 14:00:00+00:00,6,24,49,41,58,0.5,21,20,0.4878048780487805,20,21,0.42857142857142855,0.0,0.05923344947735193,49,8,0.16326530612244897,55,8,0.14545454545454545
hourly,14,2026-06-16 14:00:00+00:00,6,24,49,41,58,1.0,41,33,0.8048780487804879,33,40,0.8367346938775511,0.0,-0.03185664509706321,49,4,0.08163265306122448,55,4,0.07272727272727272
hourly,14,2026-06-16 14:00:00+00:00,12,24,49,49,68,0.1,5,5,0.10204081632653061,5,5,0.10204081632653061,0.0,0.0,55,44,0.8,55,44,0.8
hourly,14,2026-06-16 14:00:00+00:00,12,24,49,49,68,0.25,13,13,0.2653061224489796,13,13,0.2653061224489796,0.0,0.0,55,16,0.2909090909090909,55,16,0.2909090909090909
hourly,14,2026-06-16 14:00:00+00:00,12,24,49,49,68,0.5,25,25,0.5102040816326531,25,25,0.5102040816326531,0.0,0.0,55,8,0.14545454545454545,55,8,0.14545454545454545
hourly,14,2026-06-16 14:00:00+00:00,12,24,49,49,68,1.0,49,49,1.0,49,49,1.0,0.0,0.0,55,1,0.01818181818181818,55,1,0.01818181818181818
hourly,15,2026-06-16 15:00:00+00:00,1,24,50,1,2,0.1,1,0,0.0,0,0,0.02,0.98,-0.02,2,2,1.0,55,45,0.8181818181818182
hourly,15,2026-06-16 15:00:00+00:00,1,24,50,1,2,0.25,1,0,0.0,0,0,0.02,0.98,-0.02,2,2,1.0,55,45,0.8181818181818182
hourly,15,2026-06-16 15:00:00+00:00,1,24,50,1,2,0.5,1,0,0.0,0,0,0.02,0.98,-0.02,2,2,1.0,55,45,0.8181818181818182
hourly,15,2026-06-16 15:00:00+00:00,1,24,50,1,2,1.0,1,0,0.0,0,0,0.02,0.98,-0.02,2,2,1.0,55,45,0.8181818181818182
hourly,15,2026-06-16 15:00:00+00:00,3,24,50,9,10,0.1,1,0,0.0,0,0,0.02,0.82,-0.02,8,8,1.0,55,45,0.8181818181818182
hourly,15,2026-06-16 15:00:00+00:00,3,24,50,9,10,0.25,3,1,0.1111111111111111,1,1,0.06,0.5438775510204081,0.05111111111111111,8,6,0.75,55,45,0.8181818181818182
hourly,15,2026-06-16 15:00:00+00:00,3,24,50,9,10,0.5,5,2,0.2222222222222222,2,3,0.1,0.35369650172742545,0.1222222222222222,8,6,0.75,55,44,0.8
hourly,15,2026-06-16 15:00:00+00:00,3,24,50,9,10,1.0,9,4,0.4444444444444444,4,4,0.18,0.13983350068293565,0.2644444444444444,8,4,0.5,55,29,0.5272727272727272
hourly,15,2026-06-16 15:00:00+00:00,6,24,50,34,49,0.1,4,4,0.11764705882352941,4,4,0.08,0.007902735562310031,0.03764705882352941,46,33,0.717391304347826,55,45,0.8181818181818182
hourly,15,2026-06-16 15:00:00+00:00,6,24,50,34,49,0.25,9,9,0.2647058823529412,9,9,0.18,4.566075725731637e-06,0.08470588235294119,46,12,0.2608695652173913,55,29,0.5272727272727272
hourly,15,2026-06-16 15:00:00+00:00,6,24,50,34,49,0.5,17,16,0.47058823529411764,16,16,0.34,0.0,0.13058823529411762,46,8,0.17391304347826086,55,14,0.2545454545454545
hourly,15,2026-06-16 15:00:00+00:00,6,24,50,34,49,1.0,34,23,0.6764705882352942,21,31,0.68,0.0,-0.003529411764705892,46,7,0.15217391304347827,55,7,0.12727272727272726
hourly,15,2026-06-16 15:00:00+00:00,12,24,50,50,68,0.1,5,5,0.1,5,5,0.1,0.0,0.0,55,44,0.8,55,44,0.8
hourly,15,2026-06-16 15:00:00+00:00,12,24,50,50,68,0.25,13,13,0.26,13,13,0.26,0.0,0.0,55,16,0.2909090909090909,55,16,0.2909090909090909
hourly,15,2026-06-16 15:00:00+00:00,12,24,50,50,68,0.5,25,25,0.5,25,25,0.5,0.0,0.0,55,8,0.14545454545454545,55,8,0.14545454545454545
hourly,15,2026-06-16 15:00:00+00:00,12,24,50,50,68,1.0,50,50,1.0,50,50,1.0,0.0,0.0,55,1,0.01818181818181818,55,1,0.01818181818181818
hourly,16,2026-06-16 16:00:00+00:00,3,24,50,2,3,0.1,1,0,0.0,0,0,0.02,0.96,-0.02,3,3,1.0,55,45,0.8181818181818182
hourly,16,2026-06-16 16:00:00+00:00,3,24,50,2,3,0.25,1,0,0.0,0,0,0.02,0.96,-0.02,3,3,1.0,55,45,0.8181818181818182
hourly,16,2026-06-16 16:00:00+00:00,3,24,50,2,3,0.5,1,0,0.0,0,0,0.02,0.96,-0.02,3,3,1.0,55,45,0.8181818181818182
hourly,16,2026-06-16 16:00:00+00:00,3,24,50,2,3,1.0,2,0,0.0,0,0,0.04,0.9208163265306123,-0.04,3,3,1.0,55,45,0.8181818181818182
hourly,16,2026-06-16 16:00:00+00:00,6,24,50,24,34,0.1,3,3,0.125,3,3,0.06,0.1326530612244898,0.065,13,11,0.8461538461538461,55,45,0.8181818181818182
hourly,16,2026-06-16 16:00:00+00:00,6,24,50,24,34,0.25,6,6,0.25,6,6,0.12,0.014488348530901722,0.13,13,9,0.6923076923076923,55,32,0.5818181818181818
hourly,16,2026-06-16 16:00:00+00:00,6,24,50,24,34,0.5,12,11,0.4583333333333333,10,12,0.24,7.955294691946607e-05,0.21833333333333332,13,8,0.6153846153846154,55,17,0.3090909090909091
hourly,16,2026-06-16 16:00:00+00:00,6,24,50,24,34,1.0,24,17,0.7083333333333334,17,17,0.48,2.6738262676276324e-12,0.2283333333333334,13,7,0.5384615384615384,55,8,0.14545454545454545
hourly,16,2026-06-16 16:00:00+00:00,12,24,50,50,68,0.1,5,5,0.1,5,5,0.1,0.0,0.0,55,44,0.8,55,44,0.8
hourly,16,2026-06-16 16:00:00+00:00,12,24,50,50,68,0.25,13,13,0.26,13,13,0.26,0.0,0.0,55,16,0.2909090909090909,55,16,0.2909090909090909
hourly,16,2026-06-16 16:00:00+00:00,12,24,50,50,68,0.5,25,25,0.5,25,25,0.5,0.0,0.0,55,8,0.14545454545454545,55,8,0.14545454545454545
hourly,16,2026-06-16 16:00:00+00:00,12,24,50,50,68,1.0,50,50,1.0,50,50,1.0,0.0,0.0,55,1,0.01818181818181818,55,1,0.01818181818181818
hourly,17,2026-06-16 17:00:00+00:00,3,24,50,1,2,0.1,1,0,0.0,0,0,0.02,0.98,-0.02,2,2,1.0,55,45,0.8181818181818182
hourly,17,2026-06-16 17:00:00+00:00,3,24,50,1,2,0.25,1,0,0.0,0,0,0.02,0.98,-0.02,2,2,1.0,55,45,0.8181818181818182
hourly,17,2026-06-16 17:00:00+00:00,3,24,50,1,2,0.5,1,0,0.0,0,0,0.02,0.98,-0.02,2,2,1.0,55,45,0.8181818181818182
hourly,17,2026-06-16 17:00:00+00:00,3,24,50,1,2,1.0,1,0,0.0,0,0,0.02,0.98,-0.02,2,2,1.0,55,45,0.8181818181818182
hourly,17,2026-06-16 17:00:00+00:00,6,24,50,15,23,0.1,2,0,0.0,0,1,0.04,0.4857142857142857,-0.04,13,13,1.0,55,45,0.8181818181818182
hourly,17,2026-06-16 17:00:00+00:00,6,24,50,15,23,0.25,4,2,0.13333333333333333,1,2,0.08,0.22735562310030394,0.05333333333333333,13,11,0.8461538461538461,55,45,0.8181818181818182
hourly,17,2026-06-16 17:00:00+00:00,6,24,50,15,23,0.5,8,4,0.26666666666666666,4,5,0.16,0.043838249108993255,0.10666666666666666,13,9,0.6923076923076923,55,32,0.5818181818181818
hourly,17,2026-06-16 17:00:00+00:00,6,24,50,15,23,1.0,15,7,0.4666666666666667,6,7,0.3,0.0014429982597979859,0.16666666666666669,13,7,0.5384615384615384,55,16,0.2909090909090909
hourly,17,2026-06-16 17:00:00+00:00,12,24,50,50,68,0.1,5,5,0.1,5,5,0.1,0.0,0.0,55,44,0.8,55,44,0.8
hourly,17,2026-06-16 17:00:00+00:00,12,24,50,50,68,0.25,13,13,0.26,13,13,0.26,0.0,0.0,55,16,0.2909090909090909,55,16,0.2909090909090909
hourly,17,2026-06-16 17:00:00+00:00,12,24,50,50,68,0.5,25,25,0.5,25,25,0.5,0.0,0.0,55,8,0.14545454545454545,55,8,0.14545454545454545
hourly,17,2026-06-16 17:00:00+00:00,12,24,50,50,68,1.0,50,50,1.0,50,50,1.0,0.0,0.0,55,1,0.01818181818181818,55,1,0.01818181818181818
hourly,18,2026-06-16 18:00:00+00:00,6,24,51,10,12,0.1,1,0,0.0,0,0,0.0196078431372549,0.803921568627451,-0.0196078431372549,8,8,1.0,55,45,0.8181818181818182
hourly,18,2026-06-16 18:00:00+00:00,6,24,51,10,12,0.25,3,1,0.1,1,1,0.058823529411764705,0.5118847539015606,0.0411764705882353,8,6,0.75,55,45,0.8181818181818182
hourly,18,2026-06-16 18:00:00+00:00,6,24,51,10,12,0.5,5,2,0.2,2,3,0.09803921568627451,0.31902037410708967,0.1019607843137255,8,6,0.75,55,44,0.8
hourly,18,2026-06-16 18:00:00+00:00,6,24,51,10,12,1.0,10,4,0.4,4,4,0.19607843137254902,0.08773866709517532,0.203921568627451,8,4,0.5,55,26,0.4727272727272727
hourly,18,2026-06-16 18:00:00+00:00,12,24,51,51,70,0.1,6,6,0.11764705882352941,6,6,0.11764705882352941,0.0,0.0,55,32,0.5818181818181818,55,32,0.5818181818181818
hourly,18,2026-06-16 18:00:00+00:00,12,24,51,51,70,0.25,13,13,0.2549019607843137,13,13,0.2549019607843137,0.0,0.0,55,16,0.2909090909090909,55,16,0.2909090909090909
hourly,18,2026-06-16 18:00:00+00:00,12,24,51,51,70,0.5,26,26,0.5098039215686274,26,26,0.5098039215686274,0.0,0.0,55,7,0.12727272727272726,55,7,0.12727272727272726
hourly,18,2026-06-16 18:00:00+00:00,12,24,51,51,70,1.0,51,51,1.0,51,51,1.0,0.0,0.0,55,1,0.01818181818181818,55,1,0.01818181818181818
hourly,19,2026-06-16 19:00:00+00:00,1,24,71,23,70,0.1,3,3,0.13043478260869565,3,3,0.04225352112676056,0.30261569416498996,0.08818126148193509,17,10,0.5882352941176471,115,83,0.7217391304347827
hourly,19,2026-06-16 19:00:00+00:00,1,24,71,23,70,0.25,6,5,0.21739130434782608,5,6,0.08450704225352113,0.08568354817226449,0.13288426209430496,17,6,0.35294117647058826,115,57,0.4956521739130435
hourly,19,2026-06-16 19:00:00+00:00,1,24,71,23,70,0.5,12,8,0.34782608695652173,8,8,0.16901408450704225,0.005441690703704344,0.17881200244947948,17,5,0.29411764705882354,115,49,0.4260869565217391
hourly,19,2026-06-16 19:00:00+00:00,1,24,71,23,70,1.0,23,11,0.4782608695652174,10,11,0.323943661971831,1.1681766280749615e-05,0.1543172075933864,17,3,0.17647058823529413,115,24,0.20869565217391303
hourly,19,2026-06-16 19:00:00+00:00,3,24,71,23,70,0.1,3,3,0.13043478260869565,3,3,0.04225352112676056,0.30261569416498996,0.08818126148193509,17,10,0.5882352941176471,115,83,0.7217391304347827
hourly,19,2026-06-16 19:00:00+00:00,3,24,71,23,70,0.25,6,5,0.21739130434782608,5,6,0.08450704225352113,0.08568354817226449,0.13288426209430496,17,6,0.35294117647058826,115,57,0.4956521739130435
hourly,19,2026-06-16 19:00:00+00:00,3,24,71,23,70,0.5,12,8,0.34782608695652173,8,8,0.16901408450704225,0.005441690703704344,0.17881200244947948,17,5,0.29411764705882354,115,49,0.4260869565217391
hourly,19,2026-06-16 19:00:00+00:00,3,24,71,23,70,1.0,23,11,0.4782608695652174,10,11,0.323943661971831,1.1681766280749615e-05,0.1543172075933864,17,3,0.17647058823529413,115,24,0.20869565217391303
hourly,19,2026-06-16 19:00:00+00:00,6,24,71,25,75,0.1,3,3,0.12,3,3,0.04225352112676056,0.2655935613682093,0.07774647887323943,21,14,0.6666666666666666,115,83,0.7217391304347827
hourly,19,2026-06-16 19:00:00+00:00,6,24,71,25,75,0.25,7,6,0.24,6,6,0.09859154929577464,0.04024742770121098,0.14140845070422536,21,7,0.3333333333333333,115,57,0.4956521739130435
hourly,19,2026-06-16 19:00:00+00:00,6,24,71,25,75,0.5,13,8,0.32,8,8,0.18309859154929578,0.0017514276787075828,0.13690140845070423,21,5,0.23809523809523808,115,49,0.4260869565217391
hourly,19,2026-06-16 19:00:00+00:00,6,24,71,25,75,1.0,25,11,0.44,11,11,0.352112676056338,6.968384235489411e-07,0.087887323943662,21,3,0.14285714285714285,115,21,0.1826086956521739
hourly,19,2026-06-16 19:00:00+00:00,12,24,71,71,141,0.1,8,8,0.11267605633802817,8,8,0.11267605633802817,0.0,0.0,115,55,0.4782608695652174,115,55,0.4782608695652174
hourly,19,2026-06-16 19:00:00+00:00,12,24,71,71,141,0.25,18,18,0.2535211267605634,18,18,0.2535211267605634,0.0,0.0,115,43,0.3739130434782609,115,43,0.3739130434782609
hourly,19,2026-06-16 19:00:00+00:00,12,24,71,71,141,0.5,36,36,0.5070422535211268,36,36,0.5070422535211268,0.0,0.0,115,11,0.09565217391304348,115,11,0.09565217391304348
hourly,19,2026-06-16 19:00:00+00:00,12,24,71,71,141,1.0,71,71,1.0,71,71,1.0,0.0,0.0,115,1,0.008695652173913044,115,1,0.008695652173913044
hourly,20,2026-06-16 20:00:00+00:00,1,24,122,68,267,0.1,7,7,0.10294117647058823,7,7,0.05737704918032787,0.002643937618908897,0.04556412729026036,254,176,0.6929133858267716,363,271,0.7465564738292011
hourly,20,2026-06-16 20:00:00+00:00,1,24,122,68,267,0.25,17,17,0.25,17,17,0.13934426229508196,1.8366532158485295e-07,0.11065573770491804,254,49,0.19291338582677164,363,162,0.4462809917355372
hourly,20,2026-06-16 20:00:00+00:00,1,24,122,68,267,0.5,34,31,0.45588235294117646,30,31,0.2786885245901639,1.782204888026483e-16,0.17719382835101255,254,8,0.031496062992125984,363,69,0.19008264462809918
hourly,20,2026-06-16 20:00:00+00:00,1,24,122,68,267,1.0,68,48,0.7058823529411765,47,50,0.5573770491803278,0.0,0.1485053037608487,254,3,0.011811023622047244,363,18,0.049586776859504134
hourly,20,2026-06-16 20:00:00+00:00,3,24,122,85,322,0.1,9,9,0.10588235294117647,9,9,0.07377049180327869,1.0199857220673453e-05,0.03211186113789778,301,186,0.6179401993355482,363,244,0.6721763085399449
hourly,20,2026-06-16 20:00:00+00:00,3,24,122,85,322,0.25,22,21,0.24705882352941178,21,21,0.18032786885245902,9.947223328992553e-15,0.06673095467695275,301,98,0.32558139534883723,363,145,0.39944903581267216
hourly,20,2026-06-16 20:00:00+00:00,3,24,122,85,322,0.5,43,38,0.4470588235294118,36,38,0.3524590163934426,0.0,0.09459980713596916,301,15,0.04983388704318937,363,53,0.14600550964187328
hourly,20,2026-06-16 20:00:00+00:00,3,24,122,85,322,1.0,85,65,0.7647058823529411,57,71,0.6967213114754098,0.0,0.06798457087753129,301,3,0.009966777408637873,363,7,0.01928374655647383
hourly,20,2026-06-16 20:00:00+00:00,6,24,122,86,323,0.1,9,9,0.10465116279069768,9,9,0.07377049180327869,7.71881086969883e-06,0.030880670987418993,301,186,0.6179401993355482,363,244,0.6721763085399449
hourly,20,2026-06-16 20:00:00+00:00,6,24,122,86,323,0.25,22,21,0.2441860465116279,21,21,0.18032786885245902,4.032658106348333e-15,0.06385817765916887,301,98,0.32558139534883723,363,145,0.39944903581267216
hourly,20,2026-06-16 20:00:00+00:00,6,24,122,86,323,0.5,43,38,0.4418604651162791,36,38,0.3524590163934426,0.0,0.08940144872283645,301,15,0.04983388704318937,363,53,0.14600550964187328
hourly,20,2026-06-16 20:00:00+00:00,6,24,122,86,323,1.0,86,66,0.7674418604651163,57,72,0.7049180327868853,0.0,0.06252382767823106,301,3,0.009966777408637873,363,7,0.01928374655647383
hourly,20,2026-06-16 20:00:00+00:00,12,24,122,115,376,0.1,12,12,0.10434782608695652,12,12,0.09836065573770492,0.0,0.0059871703492516,356,216,0.6067415730337079,363,224,0.6170798898071626
hourly,20,2026-06-16 20:00:00+00:00,12,24,122,115,376,0.25,29,29,0.25217391304347825,29,29,0.23770491803278687,0.0,0.014468995010691377,356,80,0.2247191011235955,363,99,0.2727272727272727
hourly,20,2026-06-16 20:00:00+00:00,12,24,122,115,376,0.5,58,58,0.5043478260869565,58,58,0.47540983606557374,0.0,0.028937990021382753,356,19,0.05337078651685393,363,29,0.07988980716253444
hourly,20,2026-06-16 20:00:00+00:00,12,24,122,115,376,1.0,115,108,0.9391304347826087,108,115,0.9426229508196722,0.0,-0.0034925160370634645,356,3,0.008426966292134831,363,3,0.008264462809917356
hourly,21,2026-06-16 21:00:00+00:00,1,24,160,49,159,0.1,5,2,0.04081632653061224,2,2,0.03125,0.15622525792895978,0.009566326530612242,140,115,0.8214285714285714,464,393,0.8469827586206896
hourly,21,2026-06-16 21:00:00+00:00,1,24,160,49,159,0.25,13,5,0.10204081632653061,5,6,0.08125,0.006851254351515039,0.020790816326530612,140,110,0.7857142857142857,464,317,0.6831896551724138
hourly,21,2026-06-16 21:00:00+00:00,1,24,160,49,159,0.5,25,13,0.2653061224489796,13,13,0.15625,4.152518965527547e-05,0.10905612244897961,140,49,0.35,464,213,0.45905172413793105
hourly,21,2026-06-16 21:00:00+00:00,1,24,160,49,159,1.0,49,23,0.46938775510204084,23,24,0.30625,2.0947327982966204e-10,0.16313775510204082,140,8,0.05714285714285714,464,86,0.1853448275862069
hourly,21,2026-06-16 21:00:00+00:00,3,24,160,126,428,0.1,13,13,0.10317460317460317,13,13,0.08125,2.116989089512452e-10,0.021924603174603166,405,262,0.6469135802469136,464,317,0.6831896551724138
hourly,21,2026-06-16 21:00:00+00:00,3,24,160,126,428,0.25,32,32,0.25396825396825395,32,32,0.2,1.2073646640260743e-31,0.05396825396825394,405,107,0.2641975308641975,464,152,0.3275862068965517
hourly,21,2026-06-16 21:00:00+00:00,3,24,160,126,428,0.5,63,58,0.4603174603174603,56,60,0.39375,0.0,0.0665674603174603,405,19,0.04691358024691358,464,59,0.1271551724137931
hourly,21,2026-06-16 21:00:00+00:00,3,24,160,126,428,1.0,126,103,0.8174603174603174,92,115,0.7875,0.0,0.029960317460317465,405,5,0.012345679012345678,464,5,0.010775862068965518
hourly,21,2026-06-16 21:00:00+00:00,6,24,160,126,428,0.1,13,13,0.10317460317460317,13,13,0.08125,2.116989089512452e-10,0.021924603174603166,405,262,0.6469135802469136,464,317,0.6831896551724138
hourly,21,2026-06-16 21:00:00+00:00,6,24,160,126,428,0.25,32,32,0.25396825396825395,32,32,0.2,1.2073646640260743e-31,0.05396825396825394,405,107,0.2641975308641975,464,152,0.3275862068965517
hourly,21,2026-06-16 21:00:00+00:00,6,24,160,126,428,0.5,63,58,0.4603174603174603,56,60,0.39375,0.0,0.0665674603174603,405,19,0.04691358024691358,464,59,0.1271551724137931
hourly,21,2026-06-16 21:00:00+00:00,6,24,160,126,428,1.0,126,103,0.8174603174603174,92,115,0.7875,0.0,0.029960317460317465,405,5,0.012345679012345678,464,5,0.010775862068965518
hourly,21,2026-06-16 21:00:00+00:00,12,24,160,146,467,0.1,15,15,0.10273972602739725,15,15,0.09375,0.0,0.008989726027397255,449,276,0.6146993318485523,464,295,0.6357758620689655
hourly,21,2026-06-16 21:00:00+00:00,12,24,160,146,467,0.25,37,37,0.2534246575342466,37,37,0.23125,0.0,0.022174657534246578,449,100,0.22271714922049,464,127,0.27370689655172414
hourly,21,2026-06-16 21:00:00+00:00,12,24,160,146,467,0.5,73,71,0.4863013698630137,71,71,0.45625,0.0,0.03005136986301371,449,24,0.053452115812917596,464,34,0.07327586206896551
hourly,21,2026-06-16 21:00:00+00:00,12,24,160,146,467,1.0,146,134,0.9178082191780822,132,144,0.9125,0.0,0.0053082191780822185,449,3,0.0066815144766146995,464,3,0.00646551724137931
hourly,22,2026-06-16 22:00:00+00:00,1,24,213,56,142,0.1,6,2,0.03571428571428571,2,2,0.028169014084507043,0.15630931255061442,0.007545271629778669,140,120,0.8571428571428571,548,478,0.8722627737226277
hourly,22,2026-06-16 22:00:00+00:00,1,24,213,56,142,0.25,14,4,0.07142857142857142,4,4,0.06572769953051644,0.011901636265019456,0.005700871898054988,140,104,0.7428571428571429,548,400,0.7299270072992701
hourly,22,2026-06-16 22:00:00+00:00,1,24,213,56,142,0.5,28,11,0.19642857142857142,10,11,0.13145539906103287,9.640814732381698e-05,0.06497317236753855,140,82,0.5857142857142857,548,291,0.531021897810219
hourly,22,2026-06-16 22:00:00+00:00,1,24,213,56,142,1.0,56,22,0.39285714285714285,22,24,0.26291079812206575,1.4476331858345776e-09,0.1299463447350771,140,16,0.11428571428571428,548,154,0.28102189781021897
hourly,22,2026-06-16 22:00:00+00:00,3,24,213,159,453,0.1,16,16,0.10062893081761007,16,16,0.07511737089201878,4.3808400308646874e-11,0.025511559925591287,439,301,0.6856492027334852,548,389,0.7098540145985401
hourly,22,2026-06-16 22:00:00+00:00,3,24,213,159,453,0.25,40,40,0.25157232704402516,40,40,0.18779342723004694,9.697991300876783e-32,0.06377889981397822,439,145,0.33029612756264237,548,225,0.41058394160583944
hourly,22,2026-06-16 22:00:00+00:00,3,24,213,159,453,0.5,80,69,0.4339622641509434,68,75,0.3755868544600939,0.0,0.05837540969084953,439,30,0.0683371298405467,548,85,0.1551094890510949
hourly,22,2026-06-16 22:00:00+00:00,3,24,213,159,453,1.0,159,122,0.7672955974842768,105,141,0.7464788732394366,0.0,0.020816724244840157,439,6,0.01366742596810934,548,6,0.010948905109489052
hourly,22,2026-06-16 22:00:00+00:00,6,24,213,180,508,0.1,18,18,0.1,18,18,0.08450704225352113,1.7069610895675906e-17,0.01549295774647888,493,327,0.6632860040567952,548,374,0.6824817518248175
hourly,22,2026-06-16 22:00:00+00:00,6,24,213,180,508,0.25,45,45,0.25,44,45,0.2112676056338028,0.0,0.03873239436619719,493,153,0.3103448275862069,548,195,0.35583941605839414
hourly,22,2026-06-16 22:00:00+00:00,6,24,213,180,508,0.5,90,83,0.46111111111111114,82,83,0.4225352112676056,0.0,0.03857589984350551,493,22,0.04462474645030426,548,53,0.09671532846715329
hourly,22,2026-06-16 22:00:00+00:00,6,24,213,180,508,1.0,180,156,0.8666666666666667,147,169,0.8450704225352113,0.0,0.021596244131455444,493,6,0.012170385395537525,548,6,0.010948905109489052
hourly,22,2026-06-16 22:00:00+00:00,12,24,213,193,531,0.1,20,20,0.10362694300518134,20,20,0.09389671361502347,1.6532016161491635e-28,0.009730229390157871,519,331,0.6377649325626205,548,354,0.6459854014598541
hourly,22,2026-06-16 22:00:00+00:00,12,24,213,193,531,0.25,49,49,0.2538860103626943,49,49,0.2300469483568075,0.0,0.023839062005886813,519,158,0.3044315992292871,548,189,0.3448905109489051
hourly,22,2026-06-16 22:00:00+00:00,12,24,213,193,531,0.5,97,92,0.47668393782383417,92,94,0.45539906103286387,0.0,0.021284876790970297,519,37,0.07129094412331406,548,41,0.07481751824817519
hourly,22,2026-06-16 22:00:00+00:00,12,24,213,193,531,1.0,193,175,0.9067357512953368,173,188,0.9061032863849765,0.0,0.0006324649103602864,519,4,0.007707129094412331,548,4,0.0072992700729927005
hourly,23,2026-06-16 23:00:00+00:00,1,24,237,33,89,0.1,4,2,0.06060606060606061,2,2,0.016877637130801686,0.5466754404723154,0.04372842347525892,83,71,0.8554216867469879,577,523,0.9064124783362218
hourly,23,2026-06-16 23:00:00+00:00,1,24,237,33,89,0.25,9,3,0.09090909090909091,3,3,0.0379746835443038,0.2529186873940655,0.05293440736478711,83,60,0.7228915662650602,577,480,0.8318890814558059
hourly,23,2026-06-16 23:00:00+00:00,1,24,237,33,89,0.5,17,4,0.12121212121212122,4,4,0.07172995780590717,0.07088145582721164,0.049482163406214044,83,53,0.6385542168674698,577,422,0.7313691507798961
hourly,23,2026-06-16 23:00:00+00:00,1,24,237,33,89,1.0,33,7,0.21212121212121213,7,7,0.13924050632911392,0.004755145753294571,0.07288070579209821,83,19,0.2289156626506024,577,325,0.5632582322357019
hourly,23,2026-06-16 23:00:00+00:00,3,24,237,131,301,0.1,14,8,0.061068702290076333,8,8,0.05907172995780591,7.72792620527098e-06,0.001996972332270426,295,238,0.8067796610169492,577,439,0.7608318890814558
hourly,23,2026-06-16 23:00:00+00:00,3,24,237,131,301,0.25,33,24,0.183206106870229,24,24,0.13924050632911392,1.141173962260348e-13,0.04396560054111509,295,174,0.5898305084745763,577,325,0.5632582322357019
hourly,23,2026-06-16 23:00:00+00:00,3,24,237,131,301,0.5,66,46,0.3511450381679389,43,50,0.27848101265822783,5.851151723321697e-31,0.07266402550971107,295,89,0.3016949152542373,577,197,0.341421143847487
hourly,23,2026-06-16 23:00:00+00:00,3,24,237,131,301,1.0,131,81,0.6183206106870229,79,91,0.5527426160337553,0.0,0.06557799465326763,295,7,0.023728813559322035,577,15,0.025996533795493933
hourly,23,2026-06-16 23:00:00+00:00,6,24,237,205,538,0.1,21,21,0.1024390243902439,21,21,0.08860759493670886,2.216766461252448e-22,0.013831429453535035,523,345,0.6596558317399618,577,390,0.6759098786828422
hourly,23,2026-06-16 23:00:00+00:00,6,24,237,205,538,0.25,52,51,0.24878048780487805,51,52,0.21940928270042195,0.0,0.029371205104456094,523,195,0.372848948374761,577,244,0.42287694974003465
hourly,23,2026-06-16 23:00:00+00:00,6,24,237,205,538,0.5,103,96,0.4682926829268293,95,96,0.4345991561181435,0.0,0.033693526808685814,523,20,0.03824091778202677,577,52,0.09012131715771231
hourly,23,2026-06-16 23:00:00+00:00,6,24,237,205,538,1.0,205,179,0.8731707317073171,173,194,0.8649789029535865,0.0,0.00819182875373059,523,6,0.011472275334608031,577,6,0.010398613518197574
hourly,23,2026-06-16 23:00:00+00:00,12,24,237,215,552,0.1,22,22,0.10232558139534884,22,22,0.09282700421940929,1.7499141961404396e-31,0.009498577175939549,540,358,0.662962962962963,577,388,0.6724436741767764
hourly,23,2026-06-16 23:00:00+00:00,12,24,237,215,552,0.25,54,54,0.25116279069767444,54,54,0.22784810126582278,0.0,0.023314689431851665,540,199,0.3685185185185185,577,241,0.41767764298093585
hourly,23,2026-06-16 23:00:00+00:00,12,24,237,215,552,0.5,108,103,0.4790697674418605,100,104,0.45569620253164556,0.0,0.023373564910214917,540,37,0.06851851851851852,577,48,0.0831889081455806
hourly,23,2026-06-16 23:00:00+00:00,12,24,237,215,552,1.0,215,195,0.9069767441860465,193,207,0.9071729957805907,0.0,-0.00019625159454428331,540,4,0.007407407407407408,577,4,0.006932409012131715
hourly,24,2026-06-17 00:00:00+00:00,1,24,248,16,39,0.1,2,0,0.0,0,0,0.008064516129032258,0.874885725479953,-0.008064516129032258,34,34,1.0,587,562,0.9574105621805792
hourly,24,2026-06-17 00:00:00+00:00,1,24,248,16,39,0.25,4,0,0.0,0,0,0.016129032258064516,0.764563317753926,-0.016129032258064516,34,34,1.0,587,533,0.9080068143100511
hourly,24,2026-06-17 00:00:00+00:00,1,24,248,16,39,0.5,8,0,0.0,0,0,0.03225806451612903,0.581884261183255,-0.03225806451612903,34,34,1.0,587,507,0.8637137989778535
hourly,24,2026-06-17 00:00:00+00:00,1,24,248,16,39,1.0,16,0,0.0,0,0,0.06451612903225806,0.33222451323154095,-0.06451612903225806,34,34,1.0,587,439,0.747870528109029
hourly,24,2026-06-17 00:00:00+00:00,3,24,248,96,210,0.1,10,3,0.03125,3,4,0.04032258064516129,0.006643684860077693,-0.00907258064516129,204,178,0.8725490196078431,587,480,0.817717206132879
hourly,24,2026-06-17 00:00:00+00:00,3,24,248,96,210,0.25,24,9,0.09375,9,9,0.0967741935483871,3.6650042667603566e-06,-0.003024193548387094,204,166,0.8137254901960784,587,380,0.6473594548551959
hourly,24,2026-06-17 00:00:00+00:00,3,24,248,96,210,0.5,48,23,0.23958333333333334,23,24,0.1935483870967742,1.9335694791880796e-12,0.046034946236559154,204,129,0.6323529411764706,587,278,0.4735945485519591
hourly,24,2026-06-17 00:00:00+00:00,3,24,248,96,210,1.0,96,45,0.46875,43,52,0.3870967741935484,4.65706301572791e-29,0.08165322580645162,204,22,0.10784313725490197,587,121,0.2061328790459966
hourly,24,2026-06-17 00:00:00+00:00,6,24,248,216,548,0.1,22,22,0.10185185185185185,22,22,0.08870967741935484,3.973930828924295e-24,0.013142174432497003,533,357,0.6697936210131332,587,402,0.6848381601362862
hourly,24,2026-06-17 00:00:00+00:00,6,24,248,216,548,0.25,54,53,0.24537037037037038,53,54,0.21774193548387097,0.0,0.02762843488649941,533,223,0.41838649155722324,587,257,0.43781942078364566
hourly,24,2026-06-17 00:00:00+00:00,6,24,248,216,548,0.5,108,101,0.4675925925925926,101,101,0.43548387096774194,0.0,0.03210872162485068,533,24,0.0450281425891182,587,75,0.12776831345826234
hourly,24,2026-06-17 00:00:00+00:00,6,24,248,216,548,1.0,216,190,0.8796296296296297,184,205,0.8709677419354839,0.0,0.008661887694145776,533,4,0.0075046904315197,587,4,0.0068143100511073255
hourly,24,2026-06-17 00:00:00+00:00,12,24,248,222,554,0.1,23,23,0.1036036036036036,23,23,0.09274193548387097,1.6299374054276527e-29,0.010861668119732631,542,364,0.6715867158671587,587,400,0.6814310051107325
hourly,24,2026-06-17 00:00:00+00:00,12,24,248,222,554,0.25,56,56,0.25225225225225223,56,56,0.22580645161290322,0.0,0.02644580063934901,542,223,0.4114391143911439,587,249,0.424190800681431
hourly,24,2026-06-17 00:00:00+00:00,12,24,248,222,554,0.5,111,105,0.47297297297297297,102,105,0.4475806451612903,0.0,0.025392327811682658,542,26,0.04797047970479705,587,68,0.11584327086882454
hourly,24,2026-06-17 00:00:00+00:00,12,24,248,222,554,1.0,222,199,0.8963963963963963,196,212,0.8951612903225806,0.0,0.0012351060738157171,542,4,0.007380073800738007,587,4,0.0068143100511073255
hourly,25,2026-06-17 01:00:00+00:00,1,24,266,16,43,0.1,2,0,0.0,0,0,0.007518796992481203,0.8831039863810469,-0.007518796992481203,23,23,1.0,600,575,0.9583333333333334
hourly,25,2026-06-17 01:00:00+00:00,1,24,266,16,43,0.25,4,0,0.0,0,0,0.015037593984962405,0.7791136333356005,-0.015037593984962405,23,23,1.0,600,547,0.9116666666666666
hourly,25,2026-06-17 01:00:00+00:00,1,24,266,16,43,0.5,8,0,0.0,0,0,0.03007518796992481,0.6046209406695355,-0.03007518796992481,23,23,1.0,600,521,0.8683333333333333
hourly,25,2026-06-17 01:00:00+00:00,1,24,266,16,43,1.0,16,0,0.0,0,0,0.06015037593984962,0.3596403644085036,-0.06015037593984962,23,23,1.0,600,453,0.755
hourly,25,2026-06-17 01:00:00+00:00,3,24,266,58,134,0.1,6,2,0.034482758620689655,2,2,0.022556390977443608,0.22498418066722609,0.011926367643246047,126,112,0.8888888888888888,600,535,0.8916666666666667
hourly,25,2026-06-17 01:00:00+00:00,3,24,266,58,134,0.25,15,4,0.06896551724137931,4,4,0.05639097744360902,0.02227642243393246,0.01257453979777029,126,102,0.8095238095238095,600,457,0.7616666666666667
hourly,25,2026-06-17 01:00:00+00:00,3,24,266,58,134,0.5,29,8,0.13793103448275862,7,9,0.10902255639097744,0.0005021699873382594,0.02890847809178118,126,69,0.5476190476190477,600,382,0.6366666666666667
hourly,25,2026-06-17 01:00:00+00:00,3,24,266,58,134,1.0,58,16,0.27586206896551724,16,20,0.21804511278195488,7.937627056697121e-08,0.05781695618356236,126,24,0.19047619047619047,600,270,0.45
hourly,25,2026-06-17 01:00:00+00:00,6,24,266,214,516,0.1,22,22,0.102803738317757,22,22,0.08270676691729323,3.3368413929567343e-18,0.02009697140046378,498,346,0.6947791164658634,600,420,0.7
hourly,25,2026-06-17 01:00:00+00:00,6,24,266,214,516,0.25,54,54,0.2523364485981308,53,54,0.20300751879699247,0.0,0.049328929801138344,498,231,0.463855421686747,600,285,0.475
hourly,25,2026-06-17 01:00:00+00:00,6,24,266,214,516,0.5,107,96,0.4485981308411215,95,101,0.40225563909774437,0.0,0.04634249174337712,498,56,0.11244979919678715,600,107,0.17833333333333334
hourly,25,2026-06-17 01:00:00+00:00,6,24,266,214,516,1.0,214,173,0.8084112149532711,162,196,0.8045112781954887,0.0,0.0038999367577823296,498,6,0.012048192771084338,600,6,0.01
hourly,25,2026-06-17 01:00:00+00:00,12,24,266,235,572,0.1,24,24,0.10212765957446808,24,24,0.09022556390977443,3.0195510702972078e-28,0.011902095664693649,551,374,0.6787658802177858,600,416,0.6933333333333334
hourly,25,2026-06-17 01:00:00+00:00,12,24,266,235,572,0.25,59,58,0.24680851063829787,58,59,0.22180451127819548,0.0,0.02500399936010239,551,235,0.426497277676951,600,268,0.44666666666666666
hourly,25,2026-06-17 01:00:00+00:00,12,24,266,235,572,0.5,118,111,0.4723404255319149,109,111,0.44360902255639095,0.0,0.028731402975523956,551,26,0.047186932849364795,600,70,0.11666666666666667
hourly,25,2026-06-17 01:00:00+00:00,12,24,266,235,572,1.0,235,209,0.8893617021276595,204,224,0.8834586466165414,0.0,0.005903055511118138,551,4,0.007259528130671506,600,4,0.006666666666666667
hourly,26,2026-06-17 02:00:00+00:00,1,24,285,25,83,0.1,3,0,0.0,0,0,0.010526315789473684,0.758478338882093,-0.010526315789473684,70,70,1.0,645,601,0.931782945736434
hourly,26,2026-06-17 02:00:00+00:00,1,24,285,25,83,0.25,7,1,0.04,1,1,0.02456140350877193,0.5221226159919117,0.015438596491228071,70,52,0.7428571428571429,645,569,0.8821705426356589
hourly,26,2026-06-17 02:00:00+00:00,1,24,285,25,83,0.5,13,1,0.04,1,1,0.0456140350877193,0.2950385565187686,-0.0056140350877193,70,52,0.7428571428571429,645,514,0.7968992248062016
hourly,26,2026-06-17 02:00:00+00:00,1,24,285,25,83,1.0,25,3,0.12,3,3,0.08771929824561403,0.09045292127922887,0.032280701754385965,70,15,0.21428571428571427,645,442,0.6852713178294574
hourly,26,2026-06-17 02:00:00+00:00,3,24,285,50,134,0.1,5,0,0.0,0,1,0.017543859649122806,0.37829843242408473,-0.017543859649122806,121,121,1.0,645,586,0.9085271317829458
hourly,26,2026-06-17 02:00:00+00:00,3,24,285,50,134,0.25,13,1,0.02,1,1,0.0456140350877193,0.07669386373921089,-0.0256140350877193,121,101,0.8347107438016529,645,514,0.7968992248062016
hourly,26,2026-06-17 02:00:00+00:00,3,24,285,50,134,0.5,25,4,0.08,4,4,0.08771929824561403,0.006333787867587039,-0.0077192982456140286,121,75,0.6198347107438017,645,442,0.6852713178294574
hourly,26,2026-06-17 02:00:00+00:00,3,24,285,50,134,1.0,50,9,0.18,8,11,0.17543859649122806,2.261441586394573e-05,0.004561403508771933,121,48,0.39669421487603307,645,324,0.5023255813953489
hourly,26,2026-06-17 02:00:00+00:00,6,24,285,180,383,0.1,18,11,0.06111111111111111,11,12,0.06315789473684211,5.768044194905643e-09,-0.002046783625730998,375,300,0.8,645,485,0.751937984496124
hourly,26,2026-06-17 02:00:00+00:00,6,24,285,180,383,0.25,45,36,0.2,36,36,0.15789473684210525,1.736528073765147e-23,0.04210526315789476,375,214,0.5706666666666667,645,344,0.5333333333333333
hourly,26,2026-06-17 02:00:00+00:00,6,24,285,180,383,0.5,90,65,0.3611111111111111,63,69,0.3157894736842105,7.040547317069989e-59,0.045321637426900596,375,105,0.28,645,206,0.31937984496124033
hourly,26,2026-06-17 02:00:00+00:00,6,24,285,180,383,1.0,180,116,0.6444444444444445,111,128,0.631578947368421,0.0,0.012865497076023469,375,8,0.021333333333333333,645,8,0.012403100775193798
hourly,26,2026-06-17 02:00:00+00:00,12,24,285,257,617,0.1,26,26,0.10116731517509728,26,26,0.0912280701754386,7.376686900667617e-35,0.009939244999658675,596,400,0.6711409395973155,645,441,0.6837209302325581
hourly,26,2026-06-17 02:00:00+00:00,12,24,285,257,617,0.25,65,65,0.2529182879377432,65,65,0.22807017543859648,0.0,0.0248481124991467,596,243,0.4077181208053691,645,278,0.4310077519379845
hourly,26,2026-06-17 02:00:00+00:00,12,24,285,257,617,0.5,129,122,0.47470817120622566,120,124,0.45263157894736844,0.0,0.02207659225885722,596,23,0.03859060402684564,645,44,0.06821705426356589
hourly,26,2026-06-17 02:00:00+00:00,12,24,285,257,617,1.0,257,233,0.9066147859922179,229,248,0.9017543859649123,0.0,0.004860400027305589,596,4,0.006711409395973154,645,4,0.006201550387596899
hourly,27,2026-06-17 03:00:00+00:00,1,24,313,30,74,0.1,3,0,0.0,0,0,0.009584664536741214,0.738384451807605,-0.009584664536741214,60,60,1.0,681,638,0.9368575624082232
hourly,27,2026-06-17 03:00:00+00:00,1,24,313,30,74,0.25,8,2,0.06666666666666667,2,2,0.025559105431309903,0.44233136247728755,0.04110756123535676,60,50,0.8333333333333334,681,600,0.8810572687224669
hourly,27,2026-06-17 03:00:00+00:00,1,24,313,30,74,0.5,15,3,0.1,3,3,0.04792332268370607,0.21265027212545534,0.05207667731629394,60,36,0.6,681,533,0.7826725403817915
hourly,27,2026-06-17 03:00:00+00:00,1,24,313,30,74,1.0,30,4,0.13333333333333333,4,4,0.09584664536741214,0.041562732926853224,0.037486687965921195,60,33,0.55,681,446,0.6549192364170338
hourly,27,2026-06-17 03:00:00+00:00,3,24,313,65,169,0.1,7,1,0.015384615384615385,1,2,0.022364217252396165,0.19257180700529666,-0.00697960186778078,151,119,0.7880794701986755,681,606,0.8898678414096917
hourly,27,2026-06-17 03:00:00+00:00,3,24,313,65,169,0.25,17,4,0.06153846153846154,4,4,0.054313099041533544,0.016978829593130133,0.007225362496927998,151,87,0.5761589403973509,681,523,0.7679882525697503
hourly,27,2026-06-17 03:00:00+00:00,3,24,313,65,169,0.5,33,7,0.1076923076923077,7,7,0.10543130990415335,0.00028538015713560564,0.002260997788154348,151,68,0.4503311258278146,681,437,0.6417033773861968
hourly,27,2026-06-17 03:00:00+00:00,3,24,313,65,169,1.0,65,12,0.18461538461538463,11,14,0.20766773162939298,3.384847102827494e-08,-0.02305234701400835,151,51,0.33774834437086093,681,323,0.47430249632892807
hourly,27,2026-06-17 03:00:00+00:00,6,24,313,161,334,0.1,17,9,0.055900621118012424,9,9,0.054313099041533544,2.855884876153903e-06,0.0015875220764788797,320,254,0.79375,681,523,0.7679882525697503
hourly,27,2026-06-17 03:00:00+00:00,6,24,313,161,334,0.25,41,25,0.15527950310559005,25,26,0.13099041533546327,5.55189236820941e-15,0.024289087770126783,320,204,0.6375,681,407,0.5976505139500734
hourly,27,2026-06-17 03:00:00+00:00,6,24,313,161,334,0.5,81,50,0.3105590062111801,49,53,0.25878594249201275,9.744299679091758e-33,0.051773063719167345,320,139,0.434375,681,271,0.39794419970631423
hourly,27,2026-06-17 03:00:00+00:00,6,24,313,161,334,1.0,161,87,0.5403726708074534,82,100,0.5143769968051118,0.0,0.025995674002341596,320,9,0.028125,681,17,0.024963289280469897
hourly,27,2026-06-17 03:00:00+00:00,12,24,313,286,656,0.1,29,29,0.10139860139860139,29,29,0.0926517571884984,0.0,0.008746844210102994,631,423,0.6703645007923931,681,465,0.6828193832599119
hourly,27,2026-06-17 03:00:00+00:00,12,24,313,286,656,0.25,72,72,0.2517482517482518,72,72,0.23003194888178913,0.0,0.021716302866462645,631,262,0.4152139461172742,681,298,0.43759177679882527
hourly,27,2026-06-17 03:00:00+00:00,12,24,313,286,656,0.5,143,135,0.47202797202797203,134,138,0.45686900958466453,0.0,0.0151589624433075,631,20,0.03169572107765452,681,33,0.048458149779735685
hourly,27,2026-06-17 03:00:00+00:00,12,24,313,286,656,1.0,286,263,0.9195804195804196,259,277,0.9137380191693291,0.0,0.00584240041109052,631,4,0.006339144215530904,681,4,0.005873715124816446
hourly,28,2026-06-17 04:00:00+00:00,1,24,330,23,44,0.1,3,0,0.0,0,0,0.00909090909090909,0.8045924625452389,-0.00909090909090909,29,29,1.0,706,663,0.9390934844192634
hourly,28,2026-06-17 04:00:00+00:00,1,24,330,23,44,0.25,6,2,0.08695652173913043,2,2,0.01818181818181818,0.6460266011695566,0.06877470355731224,29,25,0.8620689655172413,706,636,0.9008498583569405
hourly,28,2026-06-17 04:00:00+00:00,1,24,330,23,44,0.5,12,3,0.13043478260869565,3,3,0.03636363636363636,0.4138325681957848,0.09407114624505929,29,25,0.8620689655172413,706,596,0.8441926345609065
hourly,28,2026-06-17 04:00:00+00:00,1,24,330,23,44,1.0,23,3,0.13043478260869565,3,3,0.0696969696969697,0.17872064150043226,0.06073781291172595,29,25,0.8620689655172413,706,511,0.7237960339943342
hourly,28,2026-06-17 04:00:00+00:00,3,24,330,71,176,0.1,8,2,0.028169014084507043,2,2,0.024242424242424242,0.14060720970273952,0.0039265898420828005,162,134,0.8271604938271605,706,626,0.886685552407932
hourly,28,2026-06-17 04:00:00+00:00,3,24,330,71,176,0.25,18,4,0.056338028169014086,4,4,0.05454545454545454,0.011184649758180532,0.001792573623559543,162,107,0.6604938271604939,706,543,0.7691218130311614
hourly,28,2026-06-17 04:00:00+00:00,3,24,330,71,176,0.5,36,6,0.08450704225352113,6,6,0.10909090909090909,9.21667843786464e-05,-0.02458386683738796,162,91,0.5617283950617284,706,458,0.6487252124645893
hourly,28,2026-06-17 04:00:00+00:00,3,24,330,71,176,1.0,71,13,0.18309859154929578,12,14,0.21515151515151515,2.8506449858835718e-09,-0.03205292360221937,162,81,0.5,706,328,0.46458923512747874
hourly,28,2026-06-17 04:00:00+00:00,6,24,330,123,276,0.1,13,6,0.04878048780487805,6,6,0.03939393939393939,0.002013082702002262,0.00938654841093866,266,221,0.8308270676691729,706,579,0.8201133144475921
hourly,28,2026-06-17 04:00:00+00:00,6,24,330,123,276,0.25,31,13,0.10569105691056911,13,13,0.09393939393939393,2.115948835649746e-07,0.011751662971175178,266,178,0.6691729323308271,706,472,0.6685552407932012
hourly,28,2026-06-17 04:00:00+00:00,6,24,330,123,276,0.5,62,22,0.17886178861788618,22,25,0.18787878787878787,4.678299679838185e-15,-0.009016999260901687,266,146,0.5488721804511278,706,354,0.5014164305949008
hourly,28,2026-06-17 04:00:00+00:00,6,24,330,123,276,1.0,123,49,0.3983739837398374,44,53,0.37272727272727274,1.4356405613585308e-34,0.02564671101256466,266,39,0.14661654135338345,706,179,0.2535410764872521
hourly,28,2026-06-17 04:00:00+00:00,12,24,330,302,678,0.1,31,31,0.10264900662251655,31,31,0.09393939393939393,0.0,0.00870961268312262,655,438,0.6687022900763359,706,472,0.6685552407932012
hourly,28,2026-06-17 04:00:00+00:00,12,24,330,302,678,0.25,76,76,0.25165562913907286,76,76,0.23030303030303031,0.0,0.02135259883604254,655,275,0.4198473282442748,706,307,0.4348441926345609
hourly,28,2026-06-17 04:00:00+00:00,12,24,330,302,678,0.5,151,143,0.4735099337748344,142,146,0.4575757575757576,0.0,0.015934176199076833,655,64,0.09770992366412214,706,78,0.11048158640226628
hourly,28,2026-06-17 04:00:00+00:00,12,24,330,302,678,1.0,302,278,0.9205298013245033,274,293,0.9151515151515152,0.0,0.005378286172988189,655,4,0.0061068702290076335,706,4,0.0056657223796034
hourly,29,2026-06-17 05:00:00+00:00,1,24,338,5,12,0.1,1,0,0.0,0,0,0.0029585798816568047,0.985207100591716,-0.0029585798816568047,6,6,1.0,711,700,0.9845288326300985
hourly,29,2026-06-17 05:00:00+00:00,1,24,338,5,12,0.25,2,0,0.0,0,0,0.005917159763313609,0.970589784559198,-0.005917159763313609,6,6,1.0,711,686,0.9648382559774965
hourly,29,2026-06-17 05:00:00+00:00,1,24,338,5,12,0.5,3,0,0.0,0,0,0.008875739644970414,0.9561464841937337,-0.008875739644970414,6,6,1.0,711,668,0.939521800281294
hourly,29,2026-06-17 05:00:00+00:00,1,24,338,5,12,1.0,5,0,0.0,0,0,0.014792899408284023,0.9277757063983704,-0.014792899408284023,6,6,1.0,711,647,0.909985935302391
hourly,29,2026-06-17 05:00:00+00:00,3,24,338,57,120,0.1,6,2,0.03508771929824561,2,2,0.01775147928994083,0.32717553080237277,0.017336240008304783,107,99,0.9252336448598131,711,641,0.9015471167369902
hourly,29,2026-06-17 05:00:00+00:00,3,24,338,57,120,0.25,15,3,0.05263157894736842,3,3,0.04437869822485207,0.05869262463954299,0.00825288072251635,107,89,0.8317757009345794,711,563,0.7918424753867792
hourly,29,2026-06-17 05:00:00+00:00,3,24,338,57,120,0.5,29,4,0.07017543859649122,4,4,0.08579881656804733,0.0036394358726163684,-0.015623377971556107,107,87,0.8130841121495327,711,498,0.70042194092827
hourly,29,2026-06-17 05:00:00+00:00,3,24,338,57,120,1.0,57,7,0.12280701754385964,7,7,0.16863905325443787,8.96734529157137e-06,-0.04583203571057823,107,78,0.7289719626168224,711,379,0.5330520393811533
hourly,29,2026-06-17 05:00:00+00:00,6,24,338,104,230,0.1,11,3,0.028846153846153848,3,3,0.03254437869822485,0.016257868124253935,-0.003698224852071004,210,176,0.8380952380952381,711,609,0.8565400843881856
hourly,29,2026-06-17 05:00:00+00:00,6,24,338,104,230,0.25,26,7,0.0673076923076923,6,7,0.07692307692307693,4.465914453545603e-05,-0.009615384615384623,210,149,0.7095238095238096,711,501,0.7046413502109705
hourly,29,2026-06-17 05:00:00+00:00,6,24,338,104,230,0.5,52,13,0.125,13,15,0.15384615384615385,6.739551271341148e-10,-0.028846153846153855,210,130,0.6190476190476191,711,399,0.5611814345991561
hourly,29,2026-06-17 05:00:00+00:00,6,24,338,104,230,1.0,104,31,0.2980769230769231,31,31,0.3076923076923077,1.795768973741935e-21,-0.009615384615384637,210,76,0.3619047619047619,711,235,0.33052039381153303
hourly,29,2026-06-17 05:00:00+00:00,12,24,338,310,685,0.1,31,31,0.1,31,31,0.09171597633136094,0.0,0.008284023668639062,660,445,0.6742424242424242,711,479,0.6736990154711674
hourly,29,2026-06-17 05:00:00+00:00,12,24,338,310,685,0.25,78,78,0.25161290322580643,78,78,0.23076923076923078,0.0,0.020843672456575646,660,277,0.4196969696969697,711,308,0.43319268635724334
hourly,29,2026-06-17 05:00:00+00:00,12,24,338,310,685,0.5,155,147,0.47419354838709676,146,150,0.45857988165680474,0.0,0.01561366673029202,660,72,0.10909090909090909,711,86,0.1209563994374121
hourly,29,2026-06-17 05:00:00+00:00,12,24,338,310,685,1.0,310,286,0.9225806451612903,282,301,0.9171597633136095,0.0,0.0054208818476808585,660,4,0.006060606060606061,711,4,0.005625879043600563
hourly,30,2026-06-17 06:00:00+00:00,1,24,343,3,10,0.1,1,0,0.0,0,0,0.0029154518950437317,0.9912536443148688,-0.0029154518950437317,4,4,1.0,717,706,0.9846582984658299
hourly,30,2026-06-17 06:00:00+00:00,1,24,343,3,10,0.25,1,0,0.0,0,0,0.0029154518950437317,0.9912536443148688,-0.0029154518950437317,4,4,1.0,717,706,0.9846582984658299
hourly,30,2026-06-17 06:00:00+00:00,1,24,343,3,10,0.5,2,0,0.0,0,0,0.0058309037900874635,0.982558436908598,-0.0058309037900874635,4,4,1.0,717,692,0.9651324965132496
hourly,30,2026-06-17 06:00:00+00:00,1,24,343,3,10,1.0,3,0,0.0,0,0,0.008746355685131196,0.973914227786235,-0.008746355685131196,4,4,1.0,717,674,0.9400278940027894
hourly,30,2026-06-17 06:00:00+00:00,3,24,343,37,75,0.1,4,1,0.02702702702702703,1,1,0.011661807580174927,0.632097329924848,0.015365219446852102,64,62,0.96875,717,662,0.9232914923291492
hourly,30,2026-06-17 06:00:00+00:00,3,24,343,37,75,0.25,10,2,0.05405405405405406,2,2,0.029154518950437316,0.31422859256196445,0.02489953510361674,64,53,0.828125,717,623,0.8688981868898187
hourly,30,2026-06-17 06:00:00+00:00,3,24,343,37,75,0.5,19,3,0.08108108108108109,3,3,0.05539358600583091,0.10737318620883042,0.02568749507525018,64,53,0.828125,717,551,0.7684797768479776
hourly,30,2026-06-17 06:00:00+00:00,3,24,343,37,75,1.0,37,4,0.10810810810810811,3,4,0.10787172011661808,0.011362168569243596,0.00023638799149003353,64,51,0.796875,717,467,0.6513249651324965
hourly,30,2026-06-17 06:00:00+00:00,6,24,343,98,217,0.1,10,2,0.02040816326530612,2,2,0.029154518950437316,0.03276503746087313,-0.008746355685131196,201,178,0.8855721393034826,717,623,0.8688981868898187
hourly,30,2026-06-17 06:00:00+00:00,6,24,343,98,217,0.25,25,6,0.061224489795918366,6,6,0.0728862973760933,0.00015331038681318593,-0.011661807580174932,201,146,0.7263681592039801,717,510,0.7112970711297071
hourly,30,2026-06-17 06:00:00+00:00,6,24,343,98,217,0.5,49,12,0.12244897959183673,12,12,0.14285714285714285,1.4678947510337175e-08,-0.020408163265306117,201,126,0.6268656716417911,717,420,0.5857740585774058
hourly,30,2026-06-17 06:00:00+00:00,6,24,343,98,217,1.0,98,26,0.2653061224489796,22,28,0.2857142857142857,3.3701873116632148e-18,-0.02040816326530609,201,83,0.4129353233830846,717,272,0.3793584379358438
hourly,30,2026-06-17 06:00:00+00:00,12,24,343,315,691,0.1,32,32,0.10158730158730159,32,32,0.09329446064139942,0.0,0.008292840945902172,666,448,0.6726726726726727,717,481,0.6708507670850767
hourly,30,2026-06-17 06:00:00+00:00,12,24,343,315,691,0.25,79,79,0.2507936507936508,79,79,0.2303206997084548,0.0,0.02047295108519598,666,290,0.43543543543543545,717,321,0.4476987447698745
hourly,30,2026-06-17 06:00:00+00:00,12,24,343,315,691,0.5,158,150,0.47619047619047616,149,153,0.4606413994169096,0.0,0.01554907677356654,666,83,0.12462462462462462,717,97,0.13528591352859135
hourly,30,2026-06-17 06:00:00+00:00,12,24,343,315,691,1.0,315,291,0.9238095238095239,287,306,0.9183673469387755,0.0,0.0054421768707483276,666,4,0.006006006006006006,717,4,0.005578800557880056
hourly,31,2026-06-17 07:00:00+00:00,1,24,350,11,24,0.1,2,0,0.0,0,0,0.005714285714285714,0.9380433892754809,-0.005714285714285714,11,11,1.0,728,703,0.9656593406593407
hourly,31,2026-06-17 07:00:00+00:00,1,24,350,11,24,0.25,3,0,0.0,0,0,0.008571428571428572,0.9083925924880376,-0.008571428571428572,11,11,1.0,728,685,0.9409340659340659
hourly,31,2026-06-17 07:00:00+00:00,1,24,350,11,24,0.5,6,0,0.0,0,0,0.017142857142857144,0.824478749995871,-0.017142857142857144,11,11,1.0,728,659,0.9052197802197802
hourly,31,2026-06-17 07:00:00+00:00,1,24,350,11,24,1.0,11,0,0.0,0,0,0.03142857142857143,0.7001444504013966,-0.03142857142857143,11,11,1.0,728,628,0.8626373626373627
hourly,31,2026-06-17 07:00:00+00:00,3,24,350,24,51,0.1,3,0,0.0,0,0,0.008571428571428572,0.8075571301537116,-0.008571428571428572,35,35,1.0,728,685,0.9409340659340659
hourly,31,2026-06-17 07:00:00+00:00,3,24,350,24,51,0.25,6,1,0.041666666666666664,1,1,0.017142857142857144,0.6508966161706351,0.02452380952380952,35,35,1.0,728,659,0.9052197802197802
hourly,31,2026-06-17 07:00:00+00:00,3,24,350,24,51,0.5,12,1,0.041666666666666664,1,1,0.03428571428571429,0.42036353046999203,0.007380952380952377,35,35,1.0,728,610,0.8379120879120879
hourly,31,2026-06-17 07:00:00+00:00,3,24,350,24,51,1.0,24,1,0.041666666666666664,1,1,0.06857142857142857,0.17105739151912797,-0.02690476190476191,35,35,1.0,728,529,0.7266483516483516
hourly,31,2026-06-17 07:00:00+00:00,6,24,350,92,209,0.1,10,2,0.021739130434782608,2,2,0.02857142857142857,0.045203326884611456,-0.0068322981366459624,192,170,0.8854166666666666,728,635,0.8722527472527473
hourly,31,2026-06-17 07:00:00+00:00,6,24,350,92,209,0.25,23,6,0.06521739130434782,6,6,0.06571428571428571,0.0006850865193695845,-0.0004968944099378869,192,138,0.71875,728,536,0.7362637362637363
hourly,31,2026-06-17 07:00:00+00:00,6,24,350,92,209,0.5,46,10,0.10869565217391304,10,10,0.13142857142857142,2.4915259658409494e-07,-0.022732919254658382,192,129,0.671875,728,442,0.6071428571428571
hourly,31,2026-06-17 07:00:00+00:00,6,24,350,92,209,1.0,92,20,0.21739130434782608,20,26,0.26285714285714284,2.9073740442157597e-15,-0.045465838509316764,192,100,0.5208333333333334,728,296,0.4065934065934066
hourly,31,2026-06-17 07:00:00+00:00,12,24,350,299,650,0.1,30,30,0.10033444816053512,30,30,0.08571428571428572,5.1983293894125856e-30,0.014620162446249405,628,437,0.695859872611465,728,498,0.6840659340659341
hourly,31,2026-06-17 07:00:00+00:00,12,24,350,299,650,0.25,75,75,0.2508361204013378,74,75,0.21428571428571427,0.0,0.03655040611562352,628,293,0.46656050955414013,728,351,0.48214285714285715
hourly,31,2026-06-17 07:00:00+00:00,12,24,350,299,650,0.5,150,139,0.46488294314381273,135,139,0.42857142857142855,0.0,0.036311514572384185,628,97,0.15445859872611464,728,141,0.1936813186813187
hourly,31,2026-06-17 07:00:00+00:00,12,24,350,299,650,1.0,299,253,0.8461538461538461,248,281,0.8542857142857143,0.0,-0.00813186813186817,628,4,0.006369426751592357,728,4,0.005494505494505495
hourly,32,2026-06-17 08:00:00+00:00,1,24,358,15,31,0.1,2,0,0.0,0,0,0.00558659217877095,0.917844232665133,-0.00558659217877095,12,12,1.0,740,715,0.9662162162162162
hourly,32,2026-06-17 08:00:00+00:00,1,24,358,15,31,0.25,4,0,0.0,0,0,0.0111731843575419,0.8420229493210597,-0.0111731843575419,12,12,1.0,740,686,0.927027027027027
hourly,32,2026-06-17 08:00:00+00:00,1,24,358,15,31,0.5,8,0,0.0,0,0,0.0223463687150838,0.7075901158586562,-0.0223463687150838,12,12,1.0,740,660,0.8918918918918919
hourly,32,2026-06-17 08:00:00+00:00,1,24,358,15,31,1.0,15,0,0.0,0,0,0.04189944134078212,0.5193227568614336,-0.04189944134078212,12,12,1.0,740,593,0.8013513513513514
hourly,32,2026-06-17 08:00:00+00:00,3,24,358,33,63,0.1,4,1,0.030303030303030304,1,1,0.0111731843575419,0.6780428980259058,0.019129845945488402,44,43,0.9772727272727273,740,686,0.927027027027027
hourly,32,2026-06-17 08:00:00+00:00,3,24,358,33,63,0.25,9,2,0.06060606060606061,2,2,0.025139664804469275,0.41447033842155856,0.03546639580159133,44,43,0.9772727272727273,740,655,0.8851351351351351
hourly,32,2026-06-17 08:00:00+00:00,3,24,358,33,63,0.5,17,3,0.09090909090909091,3,3,0.04748603351955307,0.1856488339552839,0.04342305738953784,44,42,0.9545454545454546,740,583,0.7878378378378378
hourly,32,2026-06-17 08:00:00+00:00,3,24,358,33,63,1.0,33,4,0.12121212121212122,4,4,0.09217877094972067,0.035036166103899334,0.029033350262400545,44,41,0.9318181818181818,740,498,0.672972972972973
hourly,32,2026-06-17 08:00:00+00:00,6,24,358,81,167,0.1,9,2,0.024691358024691357,2,2,0.025139664804469275,0.09646363170431606,-0.00044830677977791833,152,143,0.9407894736842105,740,655,0.8851351351351351
hourly,32,2026-06-17 08:00:00+00:00,6,24,358,81,167,0.25,21,5,0.06172839506172839,5,5,0.05865921787709497,0.003824783762599259,0.003069177184633419,152,133,0.875,740,565,0.7635135135135135
hourly,32,2026-06-17 08:00:00+00:00,6,24,358,81,167,0.5,41,6,0.07407407407407407,6,7,0.11452513966480447,1.299236736609815e-05,-0.0404510655907304,152,131,0.8618421052631579,740,472,0.6378378378378379
hourly,32,2026-06-17 08:00:00+00:00,6,24,358,81,167,1.0,81,15,0.18518518518518517,12,16,0.22625698324022347,3.8094679495613524e-11,-0.0410717980550383,152,91,0.5986842105263158,740,336,0.4540540540540541
hourly,32,2026-06-17 08:00:00+00:00,12,24,358,259,500,0.1,26,21,0.08108108108108109,21,21,0.07262569832402235,2.1023118578809145e-16,0.008455382757058733,479,370,0.7724425887265136,740,529,0.7148648648648649
hourly,32,2026-06-17 08:00:00+00:00,12,24,358,259,500,0.25,65,53,0.20463320463320464,53,55,0.18156424581005587,1.5402255493913361e-46,0.023068958823148772,479,284,0.592901878914405,740,384,0.518918918918919
hourly,32,2026-06-17 08:00:00+00:00,12,24,358,259,500,0.5,130,100,0.3861003861003861,98,108,0.36312849162011174,0.0,0.02297189448027437,479,135,0.2818371607515658,740,208,0.2810810810810811
hourly,32,2026-06-17 08:00:00+00:00,12,24,358,259,500,1.0,259,187,0.722007722007722,160,211,0.723463687150838,0.0,-0.001455965143115967,479,9,0.018789144050104383,740,9,0.012162162162162163
hourly,33,2026-06-17 09:00:00+00:00,1,24,359,6,17,0.1,1,0,0.0,0,0,0.002785515320334262,0.9832869080779945,-0.002785515320334262,12,12,1.0,748,737,0.9852941176470589
hourly,33,2026-06-17 09:00:00+00:00,1,24,359,6,17,0.25,2,0,0.0,0,0,0.005571030640668524,0.9668072392275252,-0.005571030640668524,12,12,1.0,748,723,0.9665775401069518
hourly,33,2026-06-17 09:00:00+00:00,1,24,359,6,17,0.5,3,0,0.0,0,0,0.008356545961002786,0.9505583780640374,-0.008356545961002786,12,12,1.0,748,705,0.9425133689839572
hourly,33,2026-06-17 09:00:00+00:00,1,24,359,6,17,1.0,6,0,0.0,0,0,0.016713091922005572,0.903170816701619,-0.016713091922005572,12,12,1.0,748,679,0.9077540106951871
hourly,33,2026-06-17 09:00:00+00:00,3,24,359,33,66,0.1,4,0,0.0,0,0,0.011142061281337047,0.6788171472563372,-0.011142061281337047,52,52,1.0,748,694,0.9278074866310161
hourly,33,2026-06-17 09:00:00+00:00,3,24,359,33,66,0.25,9,1,0.030303030303030304,1,1,0.025069637883008356,0.4155520119320214,0.005233392420021948,52,51,0.9807692307692307,748,664,0.8877005347593583
hourly,33,2026-06-17 09:00:00+00:00,3,24,359,33,66,0.5,17,2,0.06060606060606061,2,2,0.04735376044568245,0.18658769681461912,0.013252300160378157,52,50,0.9615384615384616,748,593,0.7927807486631016
hourly,33,2026-06-17 09:00:00+00:00,3,24,359,33,66,1.0,33,3,0.09090909090909091,3,3,0.09192200557103064,0.03539889519482451,-0.001012914661939729,52,22,0.4230769230769231,748,512,0.6844919786096256
hourly,33,2026-06-17 09:00:00+00:00,6,24,359,62,127,0.1,7,2,0.03225806451612903,2,2,0.019498607242339833,0.2619744623807221,0.012759457273789198,115,112,0.9739130434782609,748,675,0.9024064171122995
hourly,33,2026-06-17 09:00:00+00:00,6,24,359,62,127,0.25,16,4,0.06451612903225806,4,4,0.04456824512534819,0.04480106659524084,0.019947883906909873,115,111,0.9652173913043478,748,601,0.803475935828877
hourly,33,2026-06-17 09:00:00+00:00,6,24,359,62,127,0.5,31,6,0.0967741935483871,6,6,0.08635097493036212,0.002099840132205123,0.010423218618024976,115,98,0.8521739130434782,748,518,0.6925133689839572
hourly,33,2026-06-17 09:00:00+00:00,6,24,359,62,127,1.0,62,9,0.14516129032258066,9,10,0.17270194986072424,2.2240288182907592e-06,-0.02754065953814358,115,85,0.7391304347826086,748,406,0.5427807486631016
hourly,33,2026-06-17 09:00:00+00:00,12,24,359,217,424,0.1,22,12,0.055299539170506916,12,13,0.06128133704735376,4.768107757021064e-10,-0.005981797876846842,403,338,0.8387096774193549,748,563,0.7526737967914439
hourly,33,2026-06-17 09:00:00+00:00,12,24,359,217,424,0.25,55,36,0.16589861751152074,36,37,0.1532033426183844,2.961853219816146e-26,0.012695274893136349,403,271,0.6724565756823822,748,426,0.56951871657754
hourly,33,2026-06-17 09:00:00+00:00,12,24,359,217,424,0.5,109,78,0.35944700460829493,76,80,0.30362116991643456,9.069683840602344e-63,0.055825834691860365,403,136,0.337468982630273,748,276,0.3689839572192513
hourly,33,2026-06-17 09:00:00+00:00,12,24,359,217,424,1.0,217,140,0.6451612903225806,136,150,0.6044568245125348,0.0,0.04070446581004583,403,8,0.019851116625310174,748,11,0.014705882352941176
hourly,34,2026-06-17 10:00:00+00:00,1,24,357,5,16,0.1,1,0,0.0,0,0,0.0028011204481792717,0.9859943977591037,-0.0028011204481792717,7,7,1.0,746,734,0.9839142091152815
hourly,34,2026-06-17 10:00:00+00:00,1,24,357,5,16,0.25,2,0,0.0,0,0,0.0056022408963585435,0.9721461618355207,-0.0056022408963585435,7,7,1.0,746,720,0.9651474530831099
hourly,34,2026-06-17 10:00:00+00:00,1,24,357,5,16,0.5,3,0,0.0,0,0,0.008403361344537815,0.9584539623730486,-0.008403361344537815,7,7,1.0,746,709,0.9504021447721179
hourly,34,2026-06-17 10:00:00+00:00,1,24,357,5,16,1.0,5,1,0.2,1,1,0.014005602240896359,0.9315323909519013,0.18599439775910365,7,7,1.0,746,688,0.9222520107238605
hourly,34,2026-06-17 10:00:00+00:00,3,24,357,28,65,0.1,3,0,0.0,0,0,0.008403361344537815,0.7821155618442978,-0.008403361344537815,46,46,1.0,746,709,0.9504021447721179
hourly,34,2026-06-17 10:00:00+00:00,3,24,357,28,65,0.25,7,1,0.03571428571428571,1,1,0.0196078431372549,0.5616835092714608,0.01610644257703081,46,38,0.8260869565217391,746,678,0.9088471849865952
hourly,34,2026-06-17 10:00:00+00:00,3,24,357,28,65,0.5,14,2,0.07142857142857142,2,2,0.0392156862745098,0.31168139373501563,0.03221288515406162,46,6,0.13043478260869565,746,620,0.8310991957104558
hourly,34,2026-06-17 10:00:00+00:00,3,24,357,28,65,1.0,28,3,0.10714285714285714,3,3,0.0784313725490196,0.09234416576043979,0.02871148459383753,46,6,0.13043478260869565,746,532,0.7131367292225201
hourly,34,2026-06-17 10:00:00+00:00,6,24,357,49,105,0.1,5,2,0.04081632653061224,2,2,0.014005602240896359,0.47583831270431803,0.026810724289715884,84,76,0.9047619047619048,746,688,0.9222520107238605
hourly,34,2026-06-17 10:00:00+00:00,6,24,357,49,105,0.25,13,2,0.04081632653061224,2,3,0.036414565826330535,0.1415745459819913,0.004401760704281707,84,76,0.9047619047619048,746,627,0.8404825737265416
hourly,34,2026-06-17 10:00:00+00:00,6,24,357,49,105,0.5,25,5,0.10204081632653061,5,5,0.0700280112044818,0.021675263923705175,0.03201280512204882,84,57,0.6785714285714286,746,544,0.7292225201072386
hourly,34,2026-06-17 10:00:00+00:00,6,24,357,49,105,1.0,49,7,0.14285714285714285,7,7,0.13725490196078433,0.00040328302226442917,0.0056022408963585235,84,51,0.6071428571428571,746,447,0.599195710455764
hourly,34,2026-06-17 10:00:00+00:00,12,24,357,168,350,0.1,17,11,0.06547619047619048,11,11,0.047619047619047616,1.414245920897056e-05,0.017857142857142863,333,269,0.8078078078078078,746,603,0.8083109919571045
hourly,34,2026-06-17 10:00:00+00:00,12,24,357,168,350,0.25,42,22,0.13095238095238096,22,23,0.11764705882352941,2.2297505624379665e-13,0.013305322128851549,333,232,0.6966966966966966,746,476,0.6380697050938338
hourly,34,2026-06-17 10:00:00+00:00,12,24,357,168,350,0.5,84,44,0.2619047619047619,43,45,0.23529411764705882,7.336949800214059e-29,0.026610644257703098,333,160,0.4804804804804805,746,340,0.45576407506702415
hourly,34,2026-06-17 10:00:00+00:00,12,24,357,168,350,1.0,168,84,0.5,78,100,0.47058823529411764,5.901739331351954e-79,0.02941176470588236,333,15,0.04504504504504504,746,25,0.03351206434316354
hourly,35,2026-06-17 11:00:00+00:00,1,24,354,2,8,0.1,1,0,0.0,0,0,0.002824858757062147,0.9943502824858758,-0.002824858757062147,6,6,1.0,739,727,0.9837618403247632
hourly,35,2026-06-17 11:00:00+00:00,1,24,354,2,8,0.25,1,0,0.0,0,0,0.002824858757062147,0.9943502824858758,-0.002824858757062147,6,6,1.0,739,727,0.9837618403247632
hourly,35,2026-06-17 11:00:00+00:00,1,24,354,2,8,0.5,1,0,0.0,0,0,0.002824858757062147,0.9943502824858758,-0.002824858757062147,6,6,1.0,739,727,0.9837618403247632
hourly,35,2026-06-17 11:00:00+00:00,1,24,354,2,8,1.0,2,0,0.0,0,0,0.005649717514124294,0.9887165698372306,-0.005649717514124294,6,6,1.0,739,713,0.9648173207036536
hourly,35,2026-06-17 11:00:00+00:00,3,24,354,13,38,0.1,2,0,0.0,0,0,0.005649717514124294,0.9278020518237544,-0.005649717514124294,23,23,1.0,739,713,0.9648173207036536
hourly,35,2026-06-17 11:00:00+00:00,3,24,354,13,38,0.25,4,0,0.0,0,0,0.011299435028248588,0.8604426856875601,-0.011299435028248588,23,23,1.0,739,691,0.9350473612990527
hourly,35,2026-06-17 11:00:00+00:00,3,24,354,13,38,0.5,7,1,0.07692307692307693,1,1,0.01977401129943503,0.7678267127809276,0.0571490656236419,23,23,1.0,739,674,0.912043301759134
hourly,35,2026-06-17 11:00:00+00:00,3,24,354,13,38,1.0,13,1,0.07692307692307693,1,2,0.03672316384180791,0.6095740850862036,0.040199913081269016,23,23,1.0,739,623,0.8430311231393776
hourly,35,2026-06-17 11:00:00+00:00,6,24,354,45,95,0.1,5,2,0.044444444444444446,2,2,0.014124293785310734,0.5046299767436994,0.03032015065913371,74,67,0.9054054054054054,739,684,0.925575101488498
hourly,35,2026-06-17 11:00:00+00:00,6,24,354,45,95,0.25,12,2,0.044444444444444446,2,3,0.03389830508474576,0.19027840448250083,0.010546139359698684,74,67,0.9054054054054054,739,634,0.857916102841678
hourly,35,2026-06-17 11:00:00+00:00,6,24,354,45,95,0.5,23,5,0.1111111111111111,5,5,0.06497175141242938,0.03931896922252801,0.04613935969868173,74,41,0.5540540540540541,739,551,0.7456021650879567
hourly,35,2026-06-17 11:00:00+00:00,6,24,354,45,95,1.0,45,7,0.15555555555555556,7,7,0.1271186440677966,0.0014073387412949082,0.028436911487758953,74,40,0.5405405405405406,739,463,0.6265223274695535
hourly,35,2026-06-17 11:00:00+00:00,12,24,354,139,299,0.1,14,4,0.02877697841726619,4,4,0.03954802259887006,0.0007823298325088264,-0.010771044181603871,276,237,0.8586956521739131,739,617,0.8349120433017592
hourly,35,2026-06-17 11:00:00+00:00,12,24,354,139,299,0.25,35,12,0.08633093525179857,11,12,0.09887005649717515,8.002879455385796e-09,-0.01253912124537658,276,209,0.7572463768115942,739,513,0.6941813261163735
hourly,35,2026-06-17 11:00:00+00:00,12,24,354,139,299,0.5,70,26,0.18705035971223022,25,26,0.1977401129943503,3.2270008333502643e-18,-0.010689753282120074,276,162,0.5869565217391305,739,377,0.510148849797023
hourly,35,2026-06-17 11:00:00+00:00,12,24,354,139,299,1.0,139,62,0.4460431654676259,58,63,0.3926553672316384,5.981887702383565e-43,0.053387798235987494,276,30,0.10869565217391304,739,158,0.21380243572395127
hourly,36,2026-06-17 12:00:00+00:00,1,24,350,3,5,0.1,1,0,0.0,0,0,0.002857142857142857,0.9914285714285714,-0.002857142857142857,5,5,1.0,733,721,0.9836289222373806
hourly,36,2026-06-17 12:00:00+00:00,1,24,350,3,5,0.25,1,0,0.0,0,0,0.002857142857142857,0.9914285714285714,-0.002857142857142857,5,5,1.0,733,721,0.9836289222373806
hourly,36,2026-06-17 12:00:00+00:00,1,24,350,3,5,0.5,2,0,0.0,0,0,0.005714285714285714,0.9829062627916496,-0.005714285714285714,5,5,1.0,733,707,0.9645293315143247
hourly,36,2026-06-17 12:00:00+00:00,1,24,350,3,5,1.0,3,0,0.0,0,0,0.008571428571428572,0.9744329329399974,-0.008571428571428572,5,5,1.0,733,696,0.9495225102319236
hourly,36,2026-06-17 12:00:00+00:00,3,24,350,8,24,0.1,1,0,0.0,0,0,0.002857142857142857,0.9771428571428571,-0.002857142857142857,10,10,1.0,733,721,0.9836289222373806
hourly,36,2026-06-17 12:00:00+00:00,3,24,350,8,24,0.25,2,0,0.0,0,0,0.005714285714285714,0.9547441670077773,-0.005714285714285714,10,10,1.0,733,707,0.9645293315143247
hourly,36,2026-06-17 12:00:00+00:00,3,24,350,8,24,0.5,4,0,0.0,0,0,0.011428571428571429,0.911290641370337,-0.011428571428571429,10,10,1.0,733,685,0.9345156889495225
hourly,36,2026-06-17 12:00:00+00:00,3,24,350,8,24,1.0,8,1,0.125,1,1,0.022857142857142857,0.8295447886319269,0.10214285714285715,10,9,0.9,733,663,0.9045020463847203
hourly,36,2026-06-17 12:00:00+00:00,6,24,350,41,86,0.1,5,1,0.024390243902439025,1,1,0.014285714285714285,0.534306611774609,0.01010452961672474,70,65,0.9285714285714286,733,678,0.9249658935879945
hourly,36,2026-06-17 12:00:00+00:00,6,24,350,41,86,0.25,11,1,0.024390243902439025,1,1,0.03142857142857143,0.24862316016205735,-0.0070383275261324055,70,65,0.9285714285714286,733,638,0.8703956343792633
hourly,36,2026-06-17 12:00:00+00:00,6,24,350,41,86,0.5,21,4,0.0975609756097561,4,4,0.06,0.06723780900008641,0.0375609756097561,70,24,0.34285714285714286,733,553,0.7544338335607094
hourly,36,2026-06-17 12:00:00+00:00,6,24,350,41,86,1.0,41,4,0.0975609756097561,4,4,0.11714285714285715,0.004307773145012041,-0.019581881533101045,70,24,0.34285714285714286,733,480,0.654843110504775
hourly,36,2026-06-17 12:00:00+00:00,12,24,350,129,282,0.1,13,4,0.031007751937984496,4,4,0.037142857142857144,0.0022177829207421554,-0.006135105204872648,261,223,0.8544061302681992,733,620,0.8458390177353342
hourly,36,2026-06-17 12:00:00+00:00,12,24,350,129,282,0.25,33,10,0.07751937984496124,10,10,0.09428571428571429,9.876026886097318e-08,-0.016766334440753053,261,198,0.7586206896551724,733,521,0.7107776261937244
hourly,36,2026-06-17 12:00:00+00:00,12,24,350,129,282,0.5,65,20,0.15503875968992248,20,23,0.18571428571428572,1.6641877315920372e-15,-0.030675526024363242,261,160,0.6130268199233716,733,388,0.529331514324693
hourly,36,2026-06-17 12:00:00+00:00,12,24,350,129,282,1.0,129,52,0.40310077519379844,45,59,0.36857142857142855,1.65723617878927e-35,0.034529346622369894,261,39,0.14942528735632185,733,173,0.23601637107776263
hourly,37,2026-06-17 13:00:00+00:00,1,24,346,1,5,0.1,1,0,0.0,0,0,0.002890173410404624,0.9971098265895953,-0.002890173410404624,5,5,1.0,730,718,0.9835616438356164
hourly,37,2026-06-17 13:00:00+00:00,1,24,346,1,5,0.25,1,0,0.0,0,0,0.002890173410404624,0.9971098265895953,-0.002890173410404624,5,5,1.0,730,718,0.9835616438356164
hourly,37,2026-06-17 13:00:00+00:00,1,24,346,1,5,0.5,1,0,0.0,0,0,0.002890173410404624,0.9971098265895953,-0.002890173410404624,5,5,1.0,730,718,0.9835616438356164
hourly,37,2026-06-17 13:00:00+00:00,1,24,346,1,5,1.0,1,0,0.0,0,0,0.002890173410404624,0.9971098265895953,-0.002890173410404624,5,5,1.0,730,718,0.9835616438356164
hourly,37,2026-06-17 13:00:00+00:00,3,24,346,5,16,0.1,1,0,0.0,0,0,0.002890173410404624,0.9855491329479769,-0.002890173410404624,8,8,1.0,730,718,0.9835616438356164
hourly,37,2026-06-17 13:00:00+00:00,3,24,346,5,16,0.25,2,0,0.0,0,0,0.005780346820809248,0.9712658121806149,-0.005780346820809248,8,8,1.0,730,704,0.9643835616438357
hourly,37,2026-06-17 13:00:00+00:00,3,24,346,5,16,0.5,3,0,0.0,0,0,0.008670520231213872,0.9571485765384548,-0.008670520231213872,8,8,1.0,730,693,0.9493150684931507
hourly,37,2026-06-17 13:00:00+00:00,3,24,346,5,16,1.0,5,0,0.0,0,0,0.014450867052023121,0.9294065585663924,-0.014450867052023121,8,8,1.0,730,675,0.9246575342465754
hourly,37,2026-06-17 13:00:00+00:00,6,24,346,31,77,0.1,4,0,0.0,0,0,0.011560693641618497,0.6857903614288255,-0.011560693641618497,58,58,1.0,730,682,0.9342465753424658
hourly,37,2026-06-17 13:00:00+00:00,6,24,346,31,77,0.25,8,1,0.03225806451612903,1,1,0.023121387283236993,0.46812685441472357,0.009136677232892038,58,49,0.8448275862068966,730,660,0.9041095890410958
hourly,37,2026-06-17 13:00:00+00:00,6,24,346,31,77,0.5,16,3,0.0967741935483871,3,3,0.046242774566473986,0.21500404901933134,0.05053141898191311,58,15,0.25862068965517243,730,597,0.8178082191780822
hourly,37,2026-06-17 13:00:00+00:00,6,24,346,31,77,1.0,31,5,0.16129032258064516,4,5,0.08959537572254335,0.04731743769171945,0.07169494685810181,58,14,0.2413793103448276,730,520,0.7123287671232876
hourly,37,2026-06-17 13:00:00+00:00,12,24,346,117,264,0.1,12,4,0.03418803418803419,4,5,0.03468208092485549,0.006391032414307959,-0.0004940467368212964,245,213,0.8693877551020408,730,623,0.8534246575342466
hourly,37,2026-06-17 13:00:00+00:00,12,24,346,117,264,0.25,30,10,0.08547008547008547,9,10,0.08670520231213873,2.0995874852294485e-06,-0.001235116842053255,245,183,0.746938775510204,730,525,0.7191780821917808
hourly,37,2026-06-17 13:00:00+00:00,12,24,346,117,264,0.5,59,16,0.13675213675213677,16,18,0.17052023121387283,1.386263648738791e-12,-0.033768094461736065,245,157,0.6408163265306123,730,396,0.5424657534246575
hourly,37,2026-06-17 13:00:00+00:00,12,24,346,117,264,1.0,117,42,0.358974358974359,38,46,0.33815028901734107,6.878265862093871e-28,0.02082406995701791,245,80,0.32653061224489793,730,219,0.3
hourly,38,2026-06-17 14:00:00+00:00,1,24,346,3,6,0.1,1,0,0.0,0,0,0.002890173410404624,0.9913294797687862,-0.002890173410404624,4,4,1.0,732,720,0.9836065573770492
hourly,38,2026-06-17 14:00:00+00:00,1,24,346,3,6,0.25,1,0,0.0,0,0,0.002890173410404624,0.9913294797687862,-0.002890173410404624,4,4,1.0,732,720,0.9836065573770492
hourly,38,2026-06-17 14:00:00+00:00,1,24,346,3,6,0.5,2,0,0.0,0,0,0.005780346820809248,0.9827092234229706,-0.005780346820809248,4,4,1.0,732,706,0.9644808743169399
hourly,38,2026-06-17 14:00:00+00:00,1,24,346,3,6,1.0,3,0,0.0,0,0,0.008670520231213872,0.9741390848466075,-0.008670520231213872,4,4,1.0,732,695,0.9494535519125683
hourly,38,2026-06-17 14:00:00+00:00,3,24,346,5,11,0.1,1,0,0.0,0,0,0.002890173410404624,0.9855491329479769,-0.002890173410404624,8,8,1.0,732,720,0.9836065573770492
hourly,38,2026-06-17 14:00:00+00:00,3,24,346,5,11,0.25,2,0,0.0,0,0,0.005780346820809248,0.9712658121806149,-0.005780346820809248,8,8,1.0,732,706,0.9644808743169399
hourly,38,2026-06-17 14:00:00+00:00,3,24,346,5,11,0.5,3,0,0.0,0,0,0.008670520231213872,0.9571485765384548,-0.008670520231213872,8,8,1.0,732,695,0.9494535519125683
hourly,38,2026-06-17 14:00:00+00:00,3,24,346,5,11,1.0,5,0,0.0,0,0,0.014450867052023121,0.9294065585663924,-0.014450867052023121,8,8,1.0,732,677,0.924863387978142
hourly,38,2026-06-17 14:00:00+00:00,6,24,346,17,50,0.1,2,0,0.0,0,0,0.005780346820809248,0.9040127335176342,-0.005780346820809248,38,38,1.0,732,706,0.9644808743169399
hourly,38,2026-06-17 14:00:00+00:00,6,24,346,17,50,0.25,5,1,0.058823529411764705,1,1,0.014450867052023121,0.7761480895571478,0.044372662359741584,38,31,0.8157894736842105,732,677,0.924863387978142
hourly,38,2026-06-17 14:00:00+00:00,6,24,346,17,50,0.5,9,1,0.058823529411764705,1,1,0.02601156069364162,0.6319800005624846,0.032811968718123086,38,31,0.8157894736842105,732,653,0.8920765027322405
hourly,38,2026-06-17 14:00:00+00:00,6,24,346,17,50,1.0,17,2,0.11764705882352941,2,3,0.049132947976878616,0.4158314164517684,0.0685141108466508,38,13,0.34210526315789475,732,593,0.8101092896174863
hourly,38,2026-06-17 14:00:00+00:00,12,24,346,95,204,0.1,10,3,0.031578947368421054,3,3,0.028901734104046242,0.03838140873002555,0.0026772132643748114,191,176,0.9214659685863874,732,646,0.8825136612021858
hourly,38,2026-06-17 14:00:00+00:00,12,24,346,95,204,0.25,24,7,0.07368421052631578,7,7,0.06936416184971098,0.00032786977519681315,0.004320048676604807,191,165,0.8638743455497382,732,541,0.7390710382513661
hourly,38,2026-06-17 14:00:00+00:00,12,24,346,95,204,0.5,48,12,0.12631578947368421,12,12,0.13872832369942195,5.083543997345691e-08,-0.012412534225737737,191,141,0.7382198952879581,732,440,0.6010928961748634
hourly,38,2026-06-17 14:00:00+00:00,12,24,346,95,204,1.0,95,24,0.25263157894736843,21,31,0.2745664739884393,1.0518790691108744e-16,-0.02193489504107088,191,98,0.5130890052356021,732,285,0.38934426229508196
hourly,39,2026-06-17 15:00:00+00:00,3,24,346,3,10,0.1,1,0,0.0,0,0,0.002890173410404624,0.9913294797687862,-0.002890173410404624,7,7,1.0,731,719,0.9835841313269493
hourly,39,2026-06-17 15:00:00+00:00,3,24,346,3,10,0.25,1,0,0.0,0,0,0.002890173410404624,0.9913294797687862,-0.002890173410404624,7,7,1.0,731,719,0.9835841313269493
hourly,39,2026-06-17 15:00:00+00:00,3,24,346,3,10,0.5,2,0,0.0,0,0,0.005780346820809248,0.9827092234229706,-0.005780346820809248,7,7,1.0,731,705,0.9644322845417237
hourly,39,2026-06-17 15:00:00+00:00,3,24,346,3,10,1.0,3,0,0.0,0,0,0.008670520231213872,0.9741390848466075,-0.008670520231213872,7,7,1.0,731,694,0.9493844049247606
hourly,39,2026-06-17 15:00:00+00:00,6,24,346,10,31,0.1,1,0,0.0,0,0,0.002890173410404624,0.9710982658959537,-0.002890173410404624,14,14,1.0,731,719,0.9835841313269493
hourly,39,2026-06-17 15:00:00+00:00,6,24,346,10,31,0.25,3,0,0.0,0,0,0.008670520231213872,0.9155391386172755,-0.008670520231213872,14,14,1.0,731,694,0.9493844049247606
hourly,39,2026-06-17 15:00:00+00:00,6,24,346,10,31,0.5,5,1,0.1,1,1,0.014450867052023121,0.8628573560514511,0.08554913294797689,14,10,0.7142857142857143,731,676,0.9247606019151847
hourly,39,2026-06-17 15:00:00+00:00,6,24,346,10,31,1.0,10,1,0.1,1,1,0.028901734104046242,0.7428802945194437,0.07109826589595376,14,10,0.7142857142857143,731,645,0.8823529411764706
hourly,39,2026-06-17 15:00:00+00:00,12,24,346,73,154,0.1,8,2,0.0273972602739726,2,2,0.023121387283236993,0.14693921702913407,0.004275872990735608,142,138,0.971830985915493,731,661,0.9042407660738714
hourly,39,2026-06-17 15:00:00+00:00,12,24,346,73,154,0.25,19,7,0.0958904109589041,7,7,0.05491329479768786,0.009656505929282973,0.04097711616121624,142,124,0.8732394366197183,731,568,0.7770177838577291
hourly,39,2026-06-17 15:00:00+00:00,12,24,346,73,154,0.5,37,9,0.1232876712328767,9,9,0.1069364161849711,8.893406720163586e-05,0.016351255047905605,142,122,0.8591549295774648,731,500,0.6839945280437757
hourly,39,2026-06-17 15:00:00+00:00,12,24,346,73,154,1.0,73,16,0.2191780821917808,14,19,0.21098265895953758,2.7199764958458937e-09,0.008195423232243232,142,80,0.5633802816901409,731,359,0.4911080711354309
hourly,40,2026-06-17 16:00:00+00:00,1,24,347,2,6,0.1,1,0,0.0,0,0,0.002881844380403458,0.9942363112391931,-0.002881844380403458,4,4,1.0,734,722,0.9836512261580381
hourly,40,2026-06-17 16:00:00+00:00,1,24,347,2,6,0.25,1,0,0.0,0,0,0.002881844380403458,0.9942363112391931,-0.002881844380403458,4,4,1.0,734,722,0.9836512261580381
hourly,40,2026-06-17 16:00:00+00:00,1,24,347,2,6,0.5,1,0,0.0,0,0,0.002881844380403458,0.9942363112391931,-0.002881844380403458,4,4,1.0,734,722,0.9836512261580381
hourly,40,2026-06-17 16:00:00+00:00,1,24,347,2,6,1.0,2,0,0.0,0,0,0.005763688760806916,0.9884892805383885,-0.005763688760806916,4,4,1.0,734,708,0.9645776566757494
hourly,40,2026-06-17 16:00:00+00:00,3,24,347,4,11,0.1,1,0,0.0,0,0,0.002881844380403458,0.9884726224783862,-0.002881844380403458,7,7,1.0,734,722,0.9836512261580381
hourly,40,2026-06-17 16:00:00+00:00,3,24,347,4,11,0.25,1,0,0.0,0,0,0.002881844380403458,0.9884726224783862,-0.002881844380403458,7,7,1.0,734,722,0.9836512261580381
hourly,40,2026-06-17 16:00:00+00:00,3,24,347,4,11,0.5,2,0,0.0,0,0,0.005763688760806916,0.9770451933167863,-0.005763688760806916,7,7,1.0,734,708,0.9645776566757494
hourly,40,2026-06-17 16:00:00+00:00,3,24,347,4,11,1.0,4,0,0.0,0,0,0.011527377521613832,0.9544878641148316,-0.011527377521613832,7,7,1.0,734,686,0.9346049046321526
hourly,40,2026-06-17 16:00:00+00:00,6,24,347,7,22,0.1,1,0,0.0,0,0,0.002881844380403458,0.9798270893371758,-0.002881844380403458,10,10,1.0,734,722,0.9836512261580381
hourly,40,2026-06-17 16:00:00+00:00,6,24,347,7,22,0.25,2,0,0.0,0,0,0.005763688760806916,0.9600039979344006,-0.005763688760806916,10,10,1.0,734,708,0.9645776566757494
hourly,40,2026-06-17 16:00:00+00:00,6,24,347,7,22,0.5,4,0,0.0,0,0,0.011527377521613832,0.9213870524832813,-0.011527377521613832,10,10,1.0,734,686,0.9346049046321526
hourly,40,2026-06-17 16:00:00+00:00,6,24,347,7,22,1.0,7,0,0.0,0,0,0.020172910662824207,0.8659604377710456,-0.020172910662824207,10,10,1.0,734,669,0.9114441416893733
hourly,40,2026-06-17 16:00:00+00:00,12,24,347,53,120,0.1,6,2,0.03773584905660377,2,2,0.01729106628242075,0.3670145607122232,0.02044478277418302,101,92,0.9108910891089109,734,675,0.9196185286103542
hourly,40,2026-06-17 16:00:00+00:00,12,24,347,53,120,0.25,14,4,0.07547169811320754,4,4,0.040345821325648415,0.09356612189681257,0.03512587678755913,101,71,0.7029702970297029,734,614,0.8365122615803815
hourly,40,2026-06-17 16:00:00+00:00,12,24,347,53,120,0.5,27,6,0.11320754716981132,6,6,0.07780979827089338,0.009388545274392975,0.03539774889891795,101,70,0.693069306930693,734,533,0.726158038147139
hourly,40,2026-06-17 16:00:00+00:00,12,24,347,53,120,1.0,53,9,0.16981132075471697,9,9,0.15273775216138327,6.838503466391025e-05,0.0170735685933337,101,55,0.5445544554455446,734,440,0.5994550408719346
hourly,41,2026-06-17 17:00:00+00:00,1,24,358,12,36,0.1,2,0,0.0,0,0,0.00558659217877095,0.9339937092155298,-0.00558659217877095,10,10,1.0,760,734,0.9657894736842105
hourly,41,2026-06-17 17:00:00+00:00,1,24,358,12,36,0.25,3,0,0.0,0,0,0.008379888268156424,0.9025107751970288,-0.008379888268156424,10,10,1.0,760,723,0.9513157894736842
hourly,41,2026-06-17 17:00:00+00:00,1,24,358,12,36,0.5,6,0,0.0,0,0,0.01675977653631285,0.8138056118329734,-0.01675977653631285,10,10,1.0,760,701,0.9223684210526316
hourly,41,2026-06-17 17:00:00+00:00,1,24,358,12,36,1.0,12,0,0.0,0,0,0.0335195530726257,0.6598998219164893,-0.0335195530726257,10,10,1.0,760,653,0.8592105263157894
hourly,41,2026-06-17 17:00:00+00:00,3,24,358,17,45,0.1,2,0,0.0,0,0,0.00558659217877095,0.9071561585528066,-0.00558659217877095,10,10,1.0,760,734,0.9657894736842105
hourly,41,2026-06-17 17:00:00+00:00,3,24,358,17,45,0.25,5,0,0.0,0,0,0.013966480446927373,0.7829729160750807,-0.013966480446927373,10,10,1.0,760,705,0.9276315789473685
hourly,41,2026-06-17 17:00:00+00:00,3,24,358,17,45,0.5,9,0,0.0,0,0,0.025139664804469275,0.6421389220164244,-0.025139664804469275,10,10,1.0,760,681,0.8960526315789473
hourly,41,2026-06-17 17:00:00+00:00,3,24,358,17,45,1.0,17,0,0.0,0,0,0.04748603351955307,0.4288638688734048,-0.04748603351955307,10,10,1.0,760,622,0.8184210526315789
hourly,41,2026-06-17 17:00:00+00:00,6,24,358,20,50,0.1,2,0,0.0,0,0,0.00558659217877095,0.8912414127662238,-0.00558659217877095,13,13,1.0,760,734,0.9657894736842105
hourly,41,2026-06-17 17:00:00+00:00,6,24,358,20,50,0.25,5,0,0.0,0,0,0.013966480446927373,0.7489352925086189,-0.013966480446927373,13,13,1.0,760,705,0.9276315789473685
hourly,41,2026-06-17 17:00:00+00:00,6,24,358,20,50,0.5,10,0,0.0,0,0,0.027932960893854747,0.5585299789893152,-0.027932960893854747,13,13,1.0,760,674,0.8868421052631579
hourly,41,2026-06-17 17:00:00+00:00,6,24,358,20,50,1.0,20,0,0.0,0,0,0.055865921787709494,0.30655088105916933,-0.055865921787709494,13,13,1.0,760,585,0.7697368421052632
hourly,41,2026-06-17 17:00:00+00:00,12,24,358,64,141,0.1,7,2,0.03125,2,2,0.019553072625698324,0.24867314956526282,0.011696927374301676,120,113,0.9416666666666667,760,695,0.9144736842105263
hourly,41,2026-06-17 17:00:00+00:00,12,24,358,64,141,0.25,16,4,0.0625,4,4,0.0446927374301676,0.039690544806625525,0.0178072625698324,120,80,0.6666666666666666,760,627,0.825
hourly,41,2026-06-17 17:00:00+00:00,12,24,358,64,141,0.5,32,7,0.109375,6,8,0.0893854748603352,0.0013264048264382535,0.0199895251396648,120,78,0.65,760,546,0.718421052631579
hourly,41,2026-06-17 17:00:00+00:00,12,24,358,64,141,1.0,64,12,0.1875,11,14,0.1787709497206704,8.151435787432737e-07,0.008729050279329603,120,43,0.35833333333333334,760,403,0.5302631578947369
hourly,42,2026-06-17 18:00:00+00:00,1,24,363,6,18,0.1,1,0,0.0,0,0,0.0027548209366391185,0.9834710743801653,-0.0027548209366391185,9,9,1.0,773,761,0.9844760672703752
hourly,42,2026-06-17 18:00:00+00:00,1,24,363,6,18,0.25,2,0,0.0,0,0,0.005509641873278237,0.9671704488379526,-0.005509641873278237,9,9,1.0,773,747,0.9663648124191462
hourly,42,2026-06-17 18:00:00+00:00,1,24,363,6,18,0.5,3,0,0.0,0,0,0.008264462809917356,0.9510955937326127,-0.008264462809917356,9,9,1.0,773,736,0.9521345407503234
hourly,42,2026-06-17 18:00:00+00:00,1,24,363,6,18,1.0,6,0,0.0,0,0,0.01652892561983471,0.904200670131123,-0.01652892561983471,9,9,1.0,773,715,0.92496765847348
hourly,42,2026-06-17 18:00:00+00:00,3,24,363,21,62,0.1,3,0,0.0,0,0,0.008264462809917356,0.8358666631420338,-0.008264462809917356,16,16,1.0,773,736,0.9521345407503234
hourly,42,2026-06-17 18:00:00+00:00,3,24,363,21,62,0.25,6,0,0.0,0,0,0.01652892561983471,0.6975949499501892,-0.01652892561983471,16,16,1.0,773,715,0.92496765847348
hourly,42,2026-06-17 18:00:00+00:00,3,24,363,21,62,0.5,11,0,0.0,0,0,0.030303030303030304,0.5142705582470242,-0.030303030303030304,16,16,1.0,773,678,0.8771021992238034
hourly,42,2026-06-17 18:00:00+00:00,3,24,363,21,62,1.0,21,1,0.047619047619047616,1,1,0.05785123966942149,0.2757120381216488,-0.010232192050373873,16,10,0.625,773,590,0.7632600258732212
hourly,42,2026-06-17 18:00:00+00:00,6,24,363,24,68,0.1,3,0,0.0,0,0,0.008264462809917356,0.8139990572028928,-0.008264462809917356,16,16,1.0,773,736,0.9521345407503234
hourly,42,2026-06-17 18:00:00+00:00,6,24,363,24,68,0.25,6,0,0.0,0,0,0.01652892561983471,0.6614156658761631,-0.01652892561983471,16,16,1.0,773,715,0.92496765847348
hourly,42,2026-06-17 18:00:00+00:00,6,24,363,24,68,0.5,12,0,0.0,0,0,0.03305785123966942,0.43431144255351567,-0.03305785123966942,16,16,1.0,773,667,0.8628719275549805
hourly,42,2026-06-17 18:00:00+00:00,6,24,363,24,68,1.0,24,1,0.041666666666666664,1,1,0.06611570247933884,0.1830442467180045,-0.02444903581267218,16,14,0.875,773,576,0.7451487710219923
hourly,42,2026-06-17 18:00:00+00:00,12,24,363,65,146,0.1,7,1,0.015384615384615385,1,1,0.01928374655647383,0.24809251005794755,-0.0038991311718584443,124,120,0.967741935483871,773,709,0.9172056921086675
hourly,42,2026-06-17 18:00:00+00:00,12,24,363,65,146,0.25,17,3,0.046153846153846156,3,4,0.046831955922865015,0.032102093534777686,-0.0006781097690188587,124,89,0.717741935483871,773,635,0.8214747736093143
hourly,42,2026-06-17 18:00:00+00:00,12,24,363,65,146,0.5,33,7,0.1076923076923077,7,7,0.09090909090909091,0.0010582032036647242,0.016783216783216787,124,53,0.4274193548387097,773,549,0.7102199223803364
hourly,42,2026-06-17 18:00:00+00:00,12,24,363,65,146,1.0,65,10,0.15384615384615385,9,12,0.1790633608815427,6.359628691461003e-07,-0.02521720703538885,124,32,0.25806451612903225,773,412,0.5329883570504528
hourly,43,2026-06-17 19:00:00+00:00,1,24,346,3,12,0.1,1,0,0.0,0,0,0.002890173410404624,0.9913294797687862,-0.002890173410404624,7,7,1.0,728,716,0.9835164835164835
hourly,43,2026-06-17 19:00:00+00:00,1,24,346,3,12,0.25,1,0,0.0,0,0,0.002890173410404624,0.9913294797687862,-0.002890173410404624,7,7,1.0,728,716,0.9835164835164835
hourly,43,2026-06-17 19:00:00+00:00,1,24,346,3,12,0.5,2,0,0.0,0,0,0.005780346820809248,0.9827092234229706,-0.005780346820809248,7,7,1.0,728,702,0.9642857142857143
hourly,43,2026-06-17 19:00:00+00:00,1,24,346,3,12,1.0,3,0,0.0,0,0,0.008670520231213872,0.9741390848466075,-0.008670520231213872,7,7,1.0,728,689,0.9464285714285714
hourly,43,2026-06-17 19:00:00+00:00,3,24,346,20,65,0.1,2,0,0.0,0,0,0.005780346820809248,0.8875764429923766,-0.005780346820809248,19,19,1.0,728,702,0.9642857142857143
hourly,43,2026-06-17 19:00:00+00:00,3,24,346,20,65,0.25,5,0,0.0,0,0,0.014450867052023121,0.7411916238467426,-0.014450867052023121,19,19,1.0,728,677,0.929945054945055
hourly,43,2026-06-17 19:00:00+00:00,3,24,346,20,65,0.5,10,0,0.0,0,0,0.028901734104046242,0.5468685943219878,-0.028901734104046242,19,19,1.0,728,644,0.8846153846153846
hourly,43,2026-06-17 19:00:00+00:00,3,24,346,20,65,1.0,20,1,0.05,1,1,0.057803468208092484,0.29349895360875317,-0.007803468208092482,19,11,0.5789473684210527,728,569,0.7815934065934066
hourly,43,2026-06-17 19:00:00+00:00,6,24,346,26,75,0.1,3,0,0.0,0,0,0.008670520231213872,0.7905223352834941,-0.008670520231213872,19,19,1.0,728,689,0.9464285714285714
hourly,43,2026-06-17 19:00:00+00:00,6,24,346,26,75,0.25,7,0,0.0,0,0,0.02023121387283237,0.5759001206174484,-0.02023121387283237,19,19,1.0,728,664,0.9120879120879121
hourly,43,2026-06-17 19:00:00+00:00,6,24,346,26,75,0.5,13,0,0.0,0,1,0.03757225433526012,0.355468015187637,-0.03757225433526012,19,19,1.0,728,619,0.8502747252747253
hourly,43,2026-06-17 19:00:00+00:00,6,24,346,26,75,1.0,26,2,0.07692307692307693,2,2,0.07514450867052024,0.12105355886261505,0.001778568252556692,19,15,0.7894736842105263,728,547,0.7513736263736264
hourly,43,2026-06-17 19:00:00+00:00,12,24,346,55,139,0.1,6,1,0.01818181818181818,1,1,0.017341040462427744,0.3509950612968235,0.000840777719390437,104,101,0.9711538461538461,728,670,0.9203296703296703
hourly,43,2026-06-17 19:00:00+00:00,12,24,346,55,139,0.25,14,2,0.03636363636363636,2,3,0.04046242774566474,0.08418080973971441,-0.004098791382028379,104,88,0.8461538461538461,728,615,0.8447802197802198
hourly,43,2026-06-17 19:00:00+00:00,12,24,346,55,139,0.5,28,5,0.09090909090909091,5,6,0.08092485549132948,0.00630422950045686,0.00998423541776143,104,37,0.3557692307692308,728,536,0.7362637362637363
hourly,43,2026-06-17 19:00:00+00:00,12,24,346,55,139,1.0,55,7,0.12727272727272726,7,7,0.15895953757225434,2.924465013250169e-05,-0.03168681029952708,104,30,0.28846153846153844,728,436,0.5989010989010989
hourly,44,2026-06-17 20:00:00+00:00,1,24,300,4,11,0.1,1,0,0.0,0,0,0.0033333333333333335,0.9866666666666667,-0.0033333333333333335,5,5,1.0,567,551,0.9717813051146384
hourly,44,2026-06-17 20:00:00+00:00,1,24,300,4,11,0.25,1,0,0.0,0,0,0.0033333333333333335,0.9866666666666667,-0.0033333333333333335,5,5,1.0,567,551,0.9717813051146384
hourly,44,2026-06-17 20:00:00+00:00,1,24,300,4,11,0.5,2,0,0.0,0,0,0.006666666666666667,0.9734671125975474,-0.006666666666666667,5,5,1.0,567,538,0.9488536155202821
hourly,44,2026-06-17 20:00:00+00:00,1,24,300,4,11,1.0,4,0,0.0,0,0,0.013333333333333334,0.9474657538853629,-0.013333333333333334,5,5,1.0,567,516,0.91005291005291
hourly,44,2026-06-17 20:00:00+00:00,3,24,300,14,37,0.1,2,0,0.0,0,0,0.006666666666666667,0.908695652173913,-0.006666666666666667,15,15,1.0,567,538,0.9488536155202821
hourly,44,2026-06-17 20:00:00+00:00,3,24,300,14,37,0.25,4,0,0.0,0,0,0.013333333333333334,0.8251834559975791,-0.013333333333333334,15,15,1.0,567,516,0.91005291005291
hourly,44,2026-06-17 20:00:00+00:00,3,24,300,14,37,0.5,7,1,0.07142857142857142,1,1,0.023333333333333334,0.7131861725908009,0.048095238095238094,15,12,0.8,567,491,0.8659611992945326
hourly,44,2026-06-17 20:00:00+00:00,3,24,300,14,37,1.0,14,1,0.07142857142857142,1,1,0.04666666666666667,0.5043975663155205,0.024761904761904756,15,12,0.8,567,463,0.8165784832451499
hourly,44,2026-06-17 20:00:00+00:00,6,24,300,31,80,0.1,4,0,0.0,0,0,0.013333333333333334,0.6449333208481152,-0.013333333333333334,20,20,1.0,567,516,0.91005291005291
hourly,44,2026-06-17 20:00:00+00:00,6,24,300,31,80,0.25,8,1,0.03225806451612903,1,1,0.02666666666666667,0.41332624102511806,0.005591397849462363,20,19,0.95,567,486,0.8571428571428571
hourly,44,2026-06-17 20:00:00+00:00,6,24,300,31,80,0.5,16,1,0.03225806451612903,1,1,0.05333333333333334,0.16646246856183233,-0.021075268817204305,20,19,0.95,567,455,0.8024691358024691
hourly,44,2026-06-17 20:00:00+00:00,6,24,300,31,80,1.0,31,3,0.0967741935483871,3,3,0.10333333333333333,0.02805007316699974,-0.0065591397849462385,20,19,0.95,567,404,0.7125220458553791
hourly,44,2026-06-17 20:00:00+00:00,12,24,300,45,120,0.1,5,1,0.022222222222222223,1,1,0.016666666666666666,0.4410743603696624,0.005555555555555557,97,79,0.8144329896907216,567,507,0.8941798941798942
hourly,44,2026-06-17 20:00:00+00:00,12,24,300,45,120,0.25,12,3,0.06666666666666667,3,3,0.04,0.13667282548136814,0.026666666666666665,97,45,0.4639175257731959,567,467,0.8236331569664903
hourly,44,2026-06-17 20:00:00+00:00,12,24,300,45,120,0.5,23,5,0.1111111111111111,4,5,0.07666666666666666,0.020335480208012718,0.034444444444444444,97,36,0.3711340206185567,567,430,0.7583774250440917
hourly,44,2026-06-17 20:00:00+00:00,12,24,300,45,120,1.0,45,8,0.17777777777777778,7,9,0.15,0.00034667657173404506,0.02777777777777779,97,34,0.35051546391752575,567,358,0.6313932980599647
hourly,45,2026-06-17 21:00:00+00:00,1,24,255,3,4,0.1,1,0,0.0,0,0,0.00392156862745098,0.9882352941176471,-0.00392156862745098,2,2,1.0,475,459,0.9663157894736842
hourly,45,2026-06-17 21:00:00+00:00,1,24,255,3,4,0.25,1,0,0.0,0,0,0.00392156862745098,0.9882352941176471,-0.00392156862745098,2,2,1.0,475,459,0.9663157894736842
hourly,45,2026-06-17 21:00:00+00:00,1,24,255,3,4,0.5,2,0,0.0,0,0,0.00784313725490196,0.9765632237146827,-0.00784313725490196,2,2,1.0,475,443,0.9326315789473684
hourly,45,2026-06-17 21:00:00+00:00,1,24,255,3,4,1.0,3,0,0.0,0,0,0.011764705882352941,0.9649834226429671,-0.011764705882352941,2,2,1.0,475,435,0.9157894736842105
hourly,45,2026-06-17 21:00:00+00:00,3,24,255,12,27,0.1,2,0,0.0,0,0,0.00784313725490196,0.9079203334877258,-0.00784313725490196,11,11,1.0,475,443,0.9326315789473684
hourly,45,2026-06-17 21:00:00+00:00,3,24,255,12,27,0.25,3,0,0.0,0,0,0.011764705882352941,0.86485691846064,-0.011764705882352941,11,11,1.0,475,435,0.9157894736842105
hourly,45,2026-06-17 21:00:00+00:00,3,24,255,12,27,0.5,6,1,0.08333333333333333,1,1,0.023529411764705882,0.7466483207873743,0.05980392156862745,11,10,0.9090909090909091,475,410,0.8631578947368421
hourly,45,2026-06-17 21:00:00+00:00,3,24,255,12,27,1.0,12,1,0.08333333333333333,1,1,0.047058823529411764,0.5534330212668035,0.036274509803921565,11,10,0.9090909090909091,475,392,0.8252631578947368
hourly,45,2026-06-17 21:00:00+00:00,6,24,255,33,84,0.1,4,0,0.0,0,0,0.01568627450980392,0.5724230123408487,-0.01568627450980392,24,24,1.0,475,426,0.8968421052631579
hourly,45,2026-06-17 21:00:00+00:00,6,24,255,33,84,0.25,9,1,0.030303030303030304,1,1,0.03529411764705882,0.28117557071457117,-0.004991087344028519,24,24,1.0,475,398,0.8378947368421052
hourly,45,2026-06-17 21:00:00+00:00,6,24,255,33,84,0.5,17,1,0.030303030303030304,1,1,0.06666666666666667,0.08723748647450313,-0.03636363636363636,24,24,1.0,475,371,0.7810526315789473
hourly,45,2026-06-17 21:00:00+00:00,6,24,255,33,84,1.0,33,5,0.15151515151515152,3,5,0.12941176470588237,0.0073542480091250495,0.022103386809269154,24,21,0.875,475,327,0.6884210526315789
hourly,45,2026-06-17 21:00:00+00:00,12,24,255,40,108,0.1,4,1,0.025,1,1,0.01568627450980392,0.5031213402440017,0.00931372549019608,79,79,1.0,475,426,0.8968421052631579
hourly,45,2026-06-17 21:00:00+00:00,12,24,255,40,108,0.25,10,2,0.05,2,3,0.0392156862745098,0.1755192914799894,0.0107843137254902,79,61,0.7721518987341772,475,396,0.8336842105263158
hourly,45,2026-06-17 21:00:00+00:00,12,24,255,40,108,0.5,20,4,0.1,3,4,0.0784313725490196,0.02845652526477013,0.0215686274509804,79,47,0.5949367088607594,475,361,0.76
hourly,45,2026-06-17 21:00:00+00:00,12,24,255,40,108,1.0,40,9,0.225,9,10,0.1568627450980392,0.0005711767323394235,0.06813725490196079,79,35,0.4430379746835443,475,302,0.6357894736842106
hourly,46,2026-06-17 22:00:00+00:00,1,24,204,6,7,0.1,1,0,0.0,0,0,0.004901960784313725,0.9705882352941176,-0.004901960784313725,7,7,1.0,403,385,0.9553349875930521
hourly,46,2026-06-17 22:00:00+00:00,1,24,204,6,7,0.25,2,0,0.0,0,0,0.00980392156862745,0.9419008982903506,-0.00980392156862745,7,7,1.0,403,376,0.9330024813895782
hourly,46,2026-06-17 22:00:00+00:00,1,24,204,6,7,0.5,3,0,0.0,0,0,0.014705882352941176,0.9139236438856867,-0.014705882352941176,7,7,1.0,403,358,0.8883374689826302
hourly,46,2026-06-17 22:00:00+00:00,1,24,204,6,7,1.0,6,0,0.0,0,0,0.029411764705882353,0.8341121239908169,-0.029411764705882353,7,7,1.0,403,334,0.8287841191066998
hourly,46,2026-06-17 22:00:00+00:00,3,24,204,11,25,0.1,2,0,0.0,0,0,0.00980392156862745,0.8948130976528542,-0.00980392156862745,9,9,1.0,403,376,0.9330024813895782
hourly,46,2026-06-17 22:00:00+00:00,3,24,204,11,25,0.25,3,0,0.0,0,0,0.014705882352941176,0.8460856517410652,-0.014705882352941176,9,9,1.0,403,358,0.8883374689826302
hourly,46,2026-06-17 22:00:00+00:00,3,24,204,11,25,0.5,6,1,0.09090909090909091,1,1,0.029411764705882353,0.7140168406405247,0.06149732620320856,9,9,1.0,403,334,0.8287841191066998
hourly,46,2026-06-17 22:00:00+00:00,3,24,204,11,25,1.0,11,1,0.09090909090909091,1,1,0.05392156862745098,0.534908892605567,0.03698752228163993,9,9,1.0,403,317,0.7866004962779156
hourly,46,2026-06-17 22:00:00+00:00,6,24,204,32,85,0.1,4,1,0.03125,1,1,0.0196078431372549,0.5025584170063209,0.011642156862745098,21,21,1.0,403,346,0.858560794044665
hourly,46,2026-06-17 22:00:00+00:00,6,24,204,32,85,0.25,8,1,0.03125,1,1,0.0392156862745098,0.2487653267702589,-0.007965686274509803,21,21,1.0,403,329,0.8163771712158809
hourly,46,2026-06-17 22:00:00+00:00,6,24,204,32,85,0.5,16,1,0.03125,1,1,0.0784313725490196,0.05808129812579503,-0.04718137254901961,21,21,1.0,403,299,0.7419354838709677
hourly,46,2026-06-17 22:00:00+00:00,6,24,204,32,85,1.0,32,6,0.1875,6,7,0.1568627450980392,0.0025523536144576226,0.030637254901960786,21,11,0.5238095238095238,403,234,0.5806451612903226
hourly,46,2026-06-17 22:00:00+00:00,12,24,204,40,105,0.1,4,1,0.025,1,1,0.0196078431372549,0.4146662705990862,0.0053921568627451,65,49,0.7538461538461538,403,346,0.858560794044665
hourly,46,2026-06-17 22:00:00+00:00,12,24,204,40,105,0.25,10,1,0.025,1,1,0.049019607843137254,0.10664087073109929,-0.024019607843137253,65,49,0.7538461538461538,403,323,0.8014888337468983
hourly,46,2026-06-17 22:00:00+00:00,12,24,204,40,105,0.5,20,3,0.075,2,3,0.09803921568627451,0.00995269365297175,-0.02303921568627451,65,42,0.6461538461538462,403,281,0.6972704714640199
hourly,46,2026-06-17 22:00:00+00:00,12,24,204,40,105,1.0,40,9,0.225,8,10,0.19607843137254902,5.410395962912477e-05,0.02892156862745099,65,24,0.36923076923076925,403,211,0.5235732009925558
hourly,47,2026-06-17 23:00:00+00:00,1,24,176,3,6,0.1,1,0,0.0,0,0,0.005681818181818182,0.9829545454545454,-0.005681818181818182,6,6,1.0,350,332,0.9485714285714286
hourly,47,2026-06-17 23:00:00+00:00,1,24,176,3,6,0.25,1,0,0.0,0,0,0.005681818181818182,0.9829545454545454,-0.005681818181818182,6,6,1.0,350,332,0.9485714285714286
hourly,47,2026-06-17 23:00:00+00:00,1,24,176,3,6,0.5,2,0,0.0,0,0,0.011363636363636364,0.9661038961038961,-0.011363636363636364,6,6,1.0,350,323,0.9228571428571428
hourly,47,2026-06-17 23:00:00+00:00,1,24,176,3,6,1.0,3,0,0.0,0,0,0.017045454545454544,0.9494469323779668,-0.017045454545454544,6,6,1.0,350,315,0.9
hourly,47,2026-06-17 23:00:00+00:00,3,24,176,8,15,0.1,1,0,0.0,0,0,0.005681818181818182,0.9545454545454546,-0.005681818181818182,15,15,1.0,350,332,0.9485714285714286
hourly,47,2026-06-17 23:00:00+00:00,3,24,176,8,15,0.25,2,0,0.0,0,0,0.011363636363636364,0.9109090909090909,-0.011363636363636364,15,15,1.0,350,323,0.9228571428571428
hourly,47,2026-06-17 23:00:00+00:00,3,24,176,8,15,0.5,4,0,0.0,0,0,0.022727272727272728,0.8288419374127964,-0.022727272727272728,15,15,1.0,350,301,0.86
hourly,47,2026-06-17 23:00:00+00:00,3,24,176,8,15,1.0,8,0,0.0,0,0,0.045454545454545456,0.6838862577417796,-0.045454545454545456,15,15,1.0,350,282,0.8057142857142857
hourly,47,2026-06-17 23:00:00+00:00,6,24,176,21,52,0.1,3,0,0.0,0,0,0.017045454545454544,0.6814655172413793,-0.017045454545454544,28,28,1.0,350,315,0.9
hourly,47,2026-06-17 23:00:00+00:00,6,24,176,21,52,0.25,6,1,0.047619047619047616,1,1,0.03409090909090909,0.46108927321525417,0.013528138528138528,28,28,1.0,350,288,0.8228571428571428
hourly,47,2026-06-17 23:00:00+00:00,6,24,176,21,52,0.5,11,1,0.047619047619047616,1,1,0.0625,0.2364839814539088,-0.014880952380952384,28,28,1.0,350,270,0.7714285714285715
hourly,47,2026-06-17 23:00:00+00:00,6,24,176,21,52,1.0,21,5,0.23809523809523808,4,5,0.11931818181818182,0.058152467814234624,0.11877705627705626,28,17,0.6071428571428571,350,230,0.6571428571428571
hourly,47,2026-06-17 23:00:00+00:00,12,24,176,39,98,0.1,4,1,0.02564102564102564,1,1,0.022727272727272728,0.3635398088059041,0.0029137529137529122,76,60,0.7894736842105263,350,301,0.86
hourly,47,2026-06-17 23:00:00+00:00,12,24,176,39,98,0.25,10,2,0.05128205128205128,1,2,0.056818181818181816,0.07570175334244565,-0.005536130536130536,76,59,0.7763157894736842,350,276,0.7885714285714286
hourly,47,2026-06-17 23:00:00+00:00,12,24,176,39,98,0.5,20,8,0.20512820512820512,6,8,0.11363636363636363,0.004766879878454778,0.09149184149184149,76,33,0.4342105263157895,350,232,0.6628571428571428
hourly,47,2026-06-17 23:00:00+00:00,12,24,176,39,98,1.0,39,10,0.2564102564102564,10,15,0.2215909090909091,1.3469610969376194e-05,0.0348193473193473,76,19,0.25,350,157,0.44857142857142857
hourly,48,2026-06-18 00:00:00+00:00,1,24,166,1,3,0.1,1,0,0.0,0,0,0.006024096385542169,0.9939759036144579,-0.006024096385542169,3,3,1.0,335,317,0.9462686567164179
hourly,48,2026-06-18 00:00:00+00:00,1,24,166,1,3,0.25,1,0,0.0,0,0,0.006024096385542169,0.9939759036144579,-0.006024096385542169,3,3,1.0,335,317,0.9462686567164179
hourly,48,2026-06-18 00:00:00+00:00,1,24,166,1,3,0.5,1,0,0.0,0,0,0.006024096385542169,0.9939759036144579,-0.006024096385542169,3,3,1.0,335,317,0.9462686567164179
hourly,48,2026-06-18 00:00:00+00:00,1,24,166,1,3,1.0,1,0,0.0,0,0,0.006024096385542169,0.9939759036144579,-0.006024096385542169,3,3,1.0,335,317,0.9462686567164179
hourly,48,2026-06-18 00:00:00+00:00,3,24,166,8,15,0.1,1,0,0.0,0,0,0.006024096385542169,0.9518072289156626,-0.006024096385542169,13,13,1.0,335,317,0.9462686567164179
hourly,48,2026-06-18 00:00:00+00:00,3,24,166,8,15,0.25,2,0,0.0,0,0,0.012048192771084338,0.9056589996349033,-0.012048192771084338,13,13,1.0,335,308,0.9194029850746268
hourly,48,2026-06-18 00:00:00+00:00,3,24,166,8,15,0.5,4,0,0.0,0,0,0.024096385542168676,0.8191992597326037,-0.024096385542168676,13,13,1.0,335,288,0.8597014925373134
hourly,48,2026-06-18 00:00:00+00:00,3,24,166,8,15,1.0,8,0,0.0,0,0,0.04819277108433735,0.6676736554618555,-0.04819277108433735,13,13,1.0,335,268,0.8
hourly,48,2026-06-18 00:00:00+00:00,6,24,166,16,39,0.1,2,0,0.0,0,0,0.012048192771084338,0.8159912376779846,-0.012048192771084338,37,37,1.0,335,308,0.9194029850746268
hourly,48,2026-06-18 00:00:00+00:00,6,24,166,16,39,0.25,4,1,0.0625,1,1,0.024096385542168676,0.6640994077106926,0.038403614457831324,37,27,0.7297297297297297,335,288,0.8597014925373134
hourly,48,2026-06-18 00:00:00+00:00,6,24,166,16,39,0.5,8,1,0.0625,1,1,0.04819277108433735,0.4363093128543773,0.014307228915662648,37,27,0.7297297297297297,335,268,0.8
hourly,48,2026-06-18 00:00:00+00:00,6,24,166,16,39,1.0,16,5,0.3125,5,5,0.0963855421686747,0.18191620333978725,0.2161144578313253,37,13,0.35135135135135137,335,226,0.6746268656716418
hourly,48,2026-06-18 00:00:00+00:00,12,24,166,38,100,0.1,4,1,0.02631578947368421,1,1,0.024096385542168676,0.3496799762815494,0.002219403931515533,78,43,0.5512820512820513,335,288,0.8597014925373134
hourly,48,2026-06-18 00:00:00+00:00,12,24,166,38,100,0.25,10,2,0.05263157894736842,1,2,0.060240963855421686,0.06830558766742582,-0.007609384908053268,78,43,0.5512820512820513,335,261,0.7791044776119403
hourly,48,2026-06-18 00:00:00+00:00,12,24,166,38,100,0.5,19,7,0.18421052631578946,6,7,0.1144578313253012,0.005123522950365352,0.06975269499048826,78,20,0.2564102564102564,335,220,0.6567164179104478
hourly,48,2026-06-18 00:00:00+00:00,12,24,166,38,100,1.0,38,10,0.2631578947368421,10,15,0.2289156626506024,1.1116390159726851e-05,0.03424223208623969,78,11,0.14102564102564102,335,143,0.42686567164179107
hourly,49,2026-06-18 01:00:00+00:00,1,24,154,2,5,0.1,1,0,0.0,0,0,0.006493506493506494,0.987012987012987,-0.006493506493506494,5,5,1.0,320,301,0.940625
hourly,49,2026-06-18 01:00:00+00:00,1,24,154,2,5,0.25,1,0,0.0,0,0,0.006493506493506494,0.987012987012987,-0.006493506493506494,5,5,1.0,320,301,0.940625
hourly,49,2026-06-18 01:00:00+00:00,1,24,154,2,5,0.5,1,0,0.0,0,0,0.006493506493506494,0.987012987012987,-0.006493506493506494,5,5,1.0,320,301,0.940625
hourly,49,2026-06-18 01:00:00+00:00,1,24,154,2,5,1.0,2,0,0.0,0,0,0.012987012987012988,0.9741108564637977,-0.012987012987012988,5,5,1.0,320,292,0.9125
hourly,49,2026-06-18 01:00:00+00:00,3,24,154,5,12,0.1,1,0,0.0,0,0,0.006493506493506494,0.9675324675324676,-0.006493506493506494,12,12,1.0,320,301,0.940625
hourly,49,2026-06-18 01:00:00+00:00,3,24,154,5,12,0.25,2,0,0.0,0,0,0.012987012987012988,0.9359137594431712,-0.012987012987012988,12,12,1.0,320,292,0.9125
hourly,49,2026-06-18 01:00:00+00:00,3,24,154,5,12,0.5,3,0,0.0,0,0,0.01948051948051948,0.9051271226193827,-0.01948051948051948,12,12,1.0,320,284,0.8875
hourly,49,2026-06-18 01:00:00+00:00,3,24,154,5,12,1.0,5,0,0.0,0,0,0.032467532467532464,0.8459841583157762,-0.032467532467532464,12,12,1.0,320,266,0.83125
hourly,49,2026-06-18 01:00:00+00:00,6,24,154,13,32,0.1,2,0,0.0,0,0,0.012987012987012988,0.8377896613190731,-0.012987012987012988,29,29,1.0,320,292,0.9125
hourly,49,2026-06-18 01:00:00+00:00,6,24,154,13,32,0.25,4,1,0.07692307692307693,1,1,0.025974025974025976,0.7001778182041852,0.05094905094905095,29,27,0.9310344827586207,320,274,0.85625
hourly,49,2026-06-18 01:00:00+00:00,6,24,154,13,32,0.5,7,1,0.07692307692307693,1,1,0.045454545454545456,0.5324297931209115,0.03146853146853147,29,27,0.9310344827586207,320,257,0.803125
hourly,49,2026-06-18 01:00:00+00:00,6,24,154,13,32,1.0,13,3,0.23076923076923078,3,3,0.08441558441558442,0.3023931933895588,0.14635364635364637,29,18,0.6206896551724138,320,225,0.703125
hourly,49,2026-06-18 01:00:00+00:00,12,24,154,39,102,0.1,4,1,0.02564102564102564,1,1,0.025974025974025976,0.3068078525811288,-0.0003330003330003356,64,46,0.71875,320,274,0.85625
hourly,49,2026-06-18 01:00:00+00:00,12,24,154,39,102,0.25,10,2,0.05128205128205128,2,2,0.06493506493506493,0.048589742288110964,-0.013653013653013649,64,46,0.71875,320,242,0.75625
hourly,49,2026-06-18 01:00:00+00:00,12,24,154,39,102,0.5,20,8,0.20512820512820512,8,8,0.12987012987012986,0.0018264554723885001,0.07525807525807526,64,11,0.171875,320,191,0.596875
hourly,49,2026-06-18 01:00:00+00:00,12,24,154,39,102,1.0,39,12,0.3076923076923077,10,15,0.2532467532467532,1.4686832735347033e-06,0.05444555444555449,64,11,0.171875,320,132,0.4125
hourly,50,2026-06-18 02:00:00+00:00,1,24,132,1,4,0.1,1,0,0.0,0,0,0.007575757575757576,0.9924242424242424,-0.007575757575757576,4,4,1.0,264,256,0.9696969696969697
hourly,50,2026-06-18 02:00:00+00:00,1,24,132,1,4,0.25,1,0,0.0,0,0,0.007575757575757576,0.9924242424242424,-0.007575757575757576,4,4,1.0,264,256,0.9696969696969697
hourly,50,2026-06-18 02:00:00+00:00,1,24,132,1,4,0.5,1,0,0.0,0,0,0.007575757575757576,0.9924242424242424,-0.007575757575757576,4,4,1.0,264,256,0.9696969696969697
hourly,50,2026-06-18 02:00:00+00:00,1,24,132,1,4,1.0,1,0,0.0,0,0,0.007575757575757576,0.9924242424242424,-0.007575757575757576,4,4,1.0,264,256,0.9696969696969697
hourly,50,2026-06-18 02:00:00+00:00,3,24,132,5,14,0.1,1,0,0.0,0,0,0.007575757575757576,0.9621212121212122,-0.007575757575757576,10,10,1.0,264,256,0.9696969696969697
hourly,50,2026-06-18 02:00:00+00:00,3,24,132,5,14,0.25,2,0,0.0,0,0,0.015151515151515152,0.9253990284524636,-0.015151515151515152,10,10,1.0,264,246,0.9318181818181818
hourly,50,2026-06-18 02:00:00+00:00,3,24,132,5,14,0.5,3,0,0.0,0,0,0.022727272727272728,0.8898067581273689,-0.022727272727272728,10,10,1.0,264,239,0.9053030303030303
hourly,50,2026-06-18 02:00:00+00:00,3,24,132,5,14,1.0,5,0,0.0,0,0,0.03787878787878788,0.8219072598691031,-0.03787878787878788,10,10,1.0,264,230,0.8712121212121212
hourly,50,2026-06-18 02:00:00+00:00,6,24,132,11,27,0.1,2,0,0.0,0,0,0.015151515151515152,0.8396946564885496,-0.015151515151515152,27,27,1.0,264,246,0.9318181818181818
hourly,50,2026-06-18 02:00:00+00:00,6,24,132,11,27,0.25,3,0,0.0,0,0,0.022727272727272728,0.7686435701702877,-0.022727272727272728,27,27,1.0,264,239,0.9053030303030303
hourly,50,2026-06-18 02:00:00+00:00,6,24,132,11,27,0.5,6,0,0.0,0,0,0.045454545454545456,0.5870126441344663,-0.045454545454545456,27,27,1.0,264,229,0.8674242424242424
hourly,50,2026-06-18 02:00:00+00:00,6,24,132,11,27,1.0,11,2,0.18181818181818182,2,3,0.08333333333333333,0.3688946928102397,0.0984848484848485,27,13,0.48148148148148145,264,202,0.7651515151515151
hourly,50,2026-06-18 02:00:00+00:00,12,24,132,40,103,0.1,4,1,0.025,1,1,0.030303030303030304,0.23125090779981602,-0.0053030303030303025,81,63,0.7777777777777778,264,234,0.8863636363636364
hourly,50,2026-06-18 02:00:00+00:00,12,24,132,40,103,0.25,10,4,0.1,4,4,0.07575757575757576,0.023106761467355245,0.024242424242424246,81,33,0.4074074074074074,264,206,0.7803030303030303
hourly,50,2026-06-18 02:00:00+00:00,12,24,132,40,103,0.5,20,8,0.2,8,10,0.15151515151515152,0.000358665325103009,0.04848484848484849,81,13,0.16049382716049382,264,158,0.5984848484848485
hourly,50,2026-06-18 02:00:00+00:00,12,24,132,40,103,1.0,40,15,0.375,14,16,0.30303030303030304,1.7153124671338337e-08,0.07196969696969696,81,8,0.09876543209876543,264,97,0.36742424242424243
hourly,51,2026-06-18 03:00:00+00:00,3,24,108,4,10,0.1,1,0,0.0,0,0,0.009259259259259259,0.9629629629629629,-0.009259259259259259,10,10,1.0,218,205,0.9403669724770642
hourly,51,2026-06-18 03:00:00+00:00,3,24,108,4,10,0.25,1,0,0.0,0,0,0.009259259259259259,0.9629629629629629,-0.009259259259259259,10,10,1.0,218,205,0.9403669724770642
hourly,51,2026-06-18 03:00:00+00:00,3,24,108,4,10,0.5,2,0,0.0,0,0,0.018518518518518517,0.9269643475250952,-0.018518518518518517,10,10,1.0,218,194,0.8899082568807339
hourly,51,2026-06-18 03:00:00+00:00,3,24,108,4,10,1.0,4,0,0.0,0,0,0.037037037037037035,0.8580041966040908,-0.037037037037037035,10,10,1.0,218,184,0.8440366972477065
hourly,51,2026-06-18 03:00:00+00:00,6,24,108,10,24,0.1,1,0,0.0,0,0,0.009259259259259259,0.9074074074074074,-0.009259259259259259,22,22,1.0,218,205,0.9403669724770642
hourly,51,2026-06-18 03:00:00+00:00,6,24,108,10,24,0.25,3,0,0.0,0,0,0.027777777777777776,0.7449989223926801,-0.027777777777777776,22,22,1.0,218,190,0.8715596330275229
hourly,51,2026-06-18 03:00:00+00:00,6,24,108,10,24,0.5,5,1,0.1,1,1,0.046296296296296294,0.6092344667551862,0.05370370370370371,22,13,0.5909090909090909,218,174,0.7981651376146789
hourly,51,2026-06-18 03:00:00+00:00,6,24,108,10,24,1.0,10,3,0.3,3,4,0.09259259259259259,0.36168890315745306,0.2074074074074074,22,8,0.36363636363636365,218,144,0.6605504587155964
hourly,51,2026-06-18 03:00:00+00:00,12,24,108,40,103,0.1,4,2,0.05,2,2,0.037037037037037035,0.15196315795857324,0.012962962962962968,81,63,0.7777777777777778,218,184,0.8440366972477065
hourly,51,2026-06-18 03:00:00+00:00,12,24,108,40,103,0.25,10,7,0.175,6,7,0.09259259259259259,0.007508554128637965,0.0824074074074074,81,26,0.32098765432098764,218,144,0.6605504587155964
hourly,51,2026-06-18 03:00:00+00:00,12,24,108,40,103,0.5,20,9,0.225,9,12,0.18518518518518517,2.797395867500299e-05,0.03981481481481483,81,11,0.13580246913580246,218,106,0.48623853211009177
hourly,51,2026-06-18 03:00:00+00:00,12,24,108,40,103,1.0,40,17,0.425,16,18,0.37037037037037035,1.5229180209209878e-11,0.05462962962962964,81,6,0.07407407407407407,218,10,0.045871559633027525
hourly,52,2026-06-18 04:00:00+00:00,3,24,88,2,5,0.1,1,0,0.0,0,0,0.011363636363636364,0.9772727272727273,-0.011363636363636364,5,5,1.0,185,172,0.9297297297297298
hourly,52,2026-06-18 04:00:00+00:00,3,24,88,2,5,0.25,1,0,0.0,0,0,0.011363636363636364,0.9772727272727273,-0.011363636363636364,5,5,1.0,185,172,0.9297297297297298
hourly,52,2026-06-18 04:00:00+00:00,3,24,88,2,5,0.5,1,0,0.0,0,0,0.011363636363636364,0.9772727272727273,-0.011363636363636364,5,5,1.0,185,172,0.9297297297297298
hourly,52,2026-06-18 04:00:00+00:00,3,24,88,2,5,1.0,2,0,0.0,0,0,0.022727272727272728,0.9548066875653083,-0.022727272727272728,5,5,1.0,185,161,0.8702702702702703
hourly,52,2026-06-18 04:00:00+00:00,6,24,88,6,17,0.1,1,0,0.0,0,0,0.011363636363636364,0.9318181818181818,-0.011363636363636364,17,17,1.0,185,172,0.9297297297297298
hourly,52,2026-06-18 04:00:00+00:00,6,24,88,6,17,0.25,2,0,0.0,0,0,0.022727272727272728,0.8675548589341693,-0.022727272727272728,17,17,1.0,185,161,0.8702702702702703
hourly,52,2026-06-18 04:00:00+00:00,6,24,88,6,17,0.5,3,0,0.0,0,0,0.03409090909090909,0.8070277757527156,-0.03409090909090909,17,17,1.0,185,153,0.827027027027027
hourly,52,2026-06-18 04:00:00+00:00,6,24,88,6,17,1.0,6,2,0.3333333333333333,2,2,0.06818181818181818,0.6461369796370254,0.26515151515151514,17,5,0.29411764705882354,185,130,0.7027027027027027
hourly,52,2026-06-18 04:00:00+00:00,12,24,88,36,97,0.1,4,2,0.05555555555555555,2,2,0.045454545454545456,0.11609681417219508,0.010101010101010097,75,48,0.64,185,143,0.772972972972973
hourly,52,2026-06-18 04:00:00+00:00,12,24,88,36,97,0.25,9,6,0.16666666666666666,5,7,0.10227272727272728,0.006439263289261911,0.06439393939393938,75,23,0.30666666666666664,185,115,0.6216216216216216
hourly,52,2026-06-18 04:00:00+00:00,12,24,88,36,97,0.5,18,8,0.2222222222222222,8,11,0.20454545454545456,1.7643532832458874e-05,0.017676767676767652,75,11,0.14666666666666667,185,40,0.21621621621621623
hourly,52,2026-06-18 04:00:00+00:00,12,24,88,36,97,1.0,36,17,0.4722222222222222,16,18,0.4090909090909091,1.6763855809931382e-12,0.0631313131313131,75,4,0.05333333333333334,185,6,0.032432432432432434
hourly,53,2026-06-18 05:00:00+00:00,1,24,84,2,3,0.1,1,0,0.0,0,0,0.011904761904761904,0.9761904761904762,-0.011904761904761904,3,3,1.0,171,158,0.9239766081871345
hourly,53,2026-06-18 05:00:00+00:00,1,24,84,2,3,0.25,1,0,0.0,0,0,0.011904761904761904,0.9761904761904762,-0.011904761904761904,3,3,1.0,171,158,0.9239766081871345
hourly,53,2026-06-18 05:00:00+00:00,1,24,84,2,3,0.5,1,0,0.0,0,0,0.011904761904761904,0.9761904761904762,-0.011904761904761904,3,3,1.0,171,158,0.9239766081871345
hourly,53,2026-06-18 05:00:00+00:00,1,24,84,2,3,1.0,2,0,0.0,0,0,0.023809523809523808,0.9526678141135972,-0.023809523809523808,3,3,1.0,171,147,0.8596491228070176
hourly,53,2026-06-18 05:00:00+00:00,3,24,84,3,5,0.1,1,0,0.0,0,0,0.011904761904761904,0.9642857142857143,-0.011904761904761904,5,5,1.0,171,158,0.9239766081871345
hourly,53,2026-06-18 05:00:00+00:00,3,24,84,3,5,0.25,1,0,0.0,0,0,0.011904761904761904,0.9642857142857143,-0.011904761904761904,5,5,1.0,171,158,0.9239766081871345
hourly,53,2026-06-18 05:00:00+00:00,3,24,84,3,5,0.5,2,0,0.0,0,0,0.023809523809523808,0.9294320137693631,-0.023809523809523808,5,5,1.0,171,147,0.8596491228070176
hourly,53,2026-06-18 05:00:00+00:00,3,24,84,3,5,1.0,3,0,0.0,0,0,0.03571428571428571,0.8954284035095084,-0.03571428571428571,5,5,1.0,171,142,0.8304093567251462
hourly,53,2026-06-18 05:00:00+00:00,6,24,84,5,16,0.1,1,0,0.0,0,0,0.011904761904761904,0.9404761904761905,-0.011904761904761904,12,12,1.0,171,158,0.9239766081871345
hourly,53,2026-06-18 05:00:00+00:00,6,24,84,5,16,0.25,2,0,0.0,0,0,0.023809523809523808,0.8838209982788297,-0.023809523809523808,12,12,1.0,171,147,0.8596491228070176
hourly,53,2026-06-18 05:00:00+00:00,6,24,84,5,16,0.5,3,0,0.0,0,0,0.03571428571428571,0.8299294739935351,-0.03571428571428571,12,12,1.0,171,142,0.8304093567251462
hourly,53,2026-06-18 05:00:00+00:00,6,24,84,5,16,1.0,5,2,0.4,2,2,0.05952380952380952,0.7300305558276466,0.3404761904761905,12,7,0.5833333333333334,171,125,0.7309941520467836
hourly,53,2026-06-18 05:00:00+00:00,12,24,84,23,62,0.1,3,1,0.043478260869565216,1,1,0.03571428571428571,0.3777129423617816,0.007763975155279504,58,44,0.7586206896551724,171,142,0.8304093567251462
hourly,53,2026-06-18 05:00:00+00:00,12,24,84,23,62,0.25,6,4,0.17391304347826086,4,4,0.07142857142857142,0.13659998299947415,0.10248447204968944,58,25,0.43103448275862066,171,118,0.6900584795321637
hourly,53,2026-06-18 05:00:00+00:00,12,24,84,23,62,0.5,12,6,0.2608695652173913,5,7,0.14285714285714285,0.01541742075676143,0.11801242236024845,58,8,0.13793103448275862,171,68,0.39766081871345027
hourly,53,2026-06-18 05:00:00+00:00,12,24,84,23,62,1.0,23,11,0.4782608695652174,11,13,0.27380952380952384,0.00014862946919998955,0.20445134575569357,58,5,0.08620689655172414,171,18,0.10526315789473684
hourly,54,2026-06-18 06:00:00+00:00,3,24,80,2,3,0.1,1,0,0.0,0,0,0.0125,0.975,-0.0125,3,3,1.0,165,152,0.9212121212121213
hourly,54,2026-06-18 06:00:00+00:00,3,24,80,2,3,0.25,1,0,0.0,0,0,0.0125,0.975,-0.0125,3,3,1.0,165,152,0.9212121212121213
hourly,54,2026-06-18 06:00:00+00:00,3,24,80,2,3,0.5,1,0,0.0,0,0,0.0125,0.975,-0.0125,3,3,1.0,165,152,0.9212121212121213
hourly,54,2026-06-18 06:00:00+00:00,3,24,80,2,3,1.0,2,0,0.0,0,0,0.025,0.9503164556962025,-0.025,3,3,1.0,165,141,0.8545454545454545
hourly,54,2026-06-18 06:00:00+00:00,6,24,80,5,14,0.1,1,0,0.0,0,0,0.0125,0.9375,-0.0125,12,12,1.0,165,152,0.9212121212121213
hourly,54,2026-06-18 06:00:00+00:00,6,24,80,5,14,0.25,2,0,0.0,0,0,0.025,0.8781645569620253,-0.025,12,12,1.0,165,141,0.8545454545454545
hourly,54,2026-06-18 06:00:00+00:00,6,24,80,5,14,0.5,3,0,0.0,0,0,0.0375,0.8218719571567673,-0.0375,12,12,1.0,165,134,0.8121212121212121
hourly,54,2026-06-18 06:00:00+00:00,6,24,80,5,14,1.0,5,2,0.4,2,2,0.0625,0.7179441977076887,0.3375,12,7,0.5833333333333334,165,117,0.7090909090909091
hourly,54,2026-06-18 06:00:00+00:00,12,24,80,18,50,0.1,2,1,0.05555555555555555,1,1,0.025,0.5984177215189873,0.03055555555555555,46,36,0.782608695652174,165,141,0.8545454545454545
hourly,54,2026-06-18 06:00:00+00:00,12,24,80,18,50,0.25,5,3,0.16666666666666666,3,3,0.0625,0.2691762767545579,0.10416666666666666,46,24,0.5217391304347826,165,117,0.7090909090909091
hourly,54,2026-06-18 06:00:00+00:00,12,24,80,18,50,0.5,9,5,0.2777777777777778,5,5,0.1125,0.08747979849505773,0.1652777777777778,46,8,0.17391304347826086,165,94,0.5696969696969697
hourly,54,2026-06-18 06:00:00+00:00,12,24,80,18,50,1.0,18,10,0.5555555555555556,9,10,0.225,0.005205538681063046,0.3305555555555556,46,4,0.08695652173913043,165,28,0.1696969696969697
hourly,55,2026-06-18 07:00:00+00:00,1,24,70,2,4,0.1,1,0,0.0,0,0,0.014285714285714285,0.9714285714285714,-0.014285714285714285,2,2,1.0,152,139,0.9144736842105263
hourly,55,2026-06-18 07:00:00+00:00,1,24,70,2,4,0.25,1,0,0.0,0,0,0.014285714285714285,0.9714285714285714,-0.014285714285714285,2,2,1.0,152,139,0.9144736842105263
hourly,55,2026-06-18 07:00:00+00:00,1,24,70,2,4,0.5,1,0,0.0,0,0,0.014285714285714285,0.9714285714285714,-0.014285714285714285,2,2,1.0,152,139,0.9144736842105263
hourly,55,2026-06-18 07:00:00+00:00,1,24,70,2,4,1.0,2,0,0.0,0,0,0.02857142857142857,0.9432712215320911,-0.02857142857142857,2,2,1.0,152,126,0.8289473684210527
hourly,55,2026-06-18 07:00:00+00:00,3,24,70,4,7,0.1,1,0,0.0,0,0,0.014285714285714285,0.9428571428571428,-0.014285714285714285,7,7,1.0,152,139,0.9144736842105263
hourly,55,2026-06-18 07:00:00+00:00,3,24,70,4,7,0.25,1,0,0.0,0,0,0.014285714285714285,0.9428571428571428,-0.014285714285714285,7,7,1.0,152,139,0.9144736842105263
hourly,55,2026-06-18 07:00:00+00:00,3,24,70,4,7,0.5,2,0,0.0,0,0,0.02857142857142857,0.8881987577639752,-0.02857142857142857,7,7,1.0,152,126,0.8289473684210527
hourly,55,2026-06-18 07:00:00+00:00,3,24,70,4,7,1.0,4,1,0.25,1,1,0.05714285714285714,0.7860442035347559,0.19285714285714287,7,3,0.42857142857142855,152,108,0.7105263157894737
hourly,55,2026-06-18 07:00:00+00:00,6,24,70,6,12,0.1,1,0,0.0,0,0,0.014285714285714285,0.9142857142857143,-0.014285714285714285,12,12,1.0,152,139,0.9144736842105263
hourly,55,2026-06-18 07:00:00+00:00,6,24,70,6,12,0.25,2,0,0.0,0,0,0.02857142857142857,0.8347826086956521,-0.02857142857142857,12,12,1.0,152,126,0.8289473684210527
hourly,55,2026-06-18 07:00:00+00:00,6,24,70,6,12,0.5,3,0,0.0,0,1,0.04285714285714286,0.7611253196930946,-0.04285714285714286,12,12,1.0,152,119,0.7828947368421053
hourly,55,2026-06-18 07:00:00+00:00,6,24,70,6,12,1.0,6,2,0.3333333333333333,2,3,0.08571428571428572,0.5718171434245793,0.2476190476190476,12,7,0.5833333333333334,152,94,0.618421052631579
hourly,55,2026-06-18 07:00:00+00:00,12,24,70,17,42,0.1,2,1,0.058823529411764705,1,1,0.02857142857142857,0.5706004140786749,0.030252100840336135,37,35,0.9459459459459459,152,126,0.8289473684210527
hourly,55,2026-06-18 07:00:00+00:00,12,24,70,17,42,0.25,5,3,0.17647058823529413,3,3,0.07142857142857142,0.23710498888954437,0.1050420168067227,37,24,0.6486486486486487,152,101,0.6644736842105263
hourly,55,2026-06-18 07:00:00+00:00,12,24,70,17,42,0.5,9,5,0.29411764705882354,5,5,0.12857142857142856,0.06814351993697203,0.16554621848739498,37,7,0.1891891891891892,152,67,0.4407894736842105
hourly,55,2026-06-18 07:00:00+00:00,12,24,70,17,42,1.0,17,7,0.4117647058823529,6,8,0.24285714285714285,0.004101175353953656,0.16890756302521007,37,5,0.13513513513513514,152,23,0.1513157894736842
hourly,56,2026-06-18 08:00:00+00:00,1,24,56,1,2,0.1,1,0,0.0,0,0,0.017857142857142856,0.9821428571428571,-0.017857142857142856,2,2,1.0,133,118,0.8872180451127819
hourly,56,2026-06-18 08:00:00+00:00,1,24,56,1,2,0.25,1,0,0.0,0,0,0.017857142857142856,0.9821428571428571,-0.017857142857142856,2,2,1.0,133,118,0.8872180451127819
hourly,56,2026-06-18 08:00:00+00:00,1,24,56,1,2,0.5,1,0,0.0,0,0,0.017857142857142856,0.9821428571428571,-0.017857142857142856,2,2,1.0,133,118,0.8872180451127819
hourly,56,2026-06-18 08:00:00+00:00,1,24,56,1,2,1.0,1,0,0.0,0,0,0.017857142857142856,0.9821428571428571,-0.017857142857142856,2,2,1.0,133,118,0.8872180451127819
hourly,56,2026-06-18 08:00:00+00:00,3,24,56,2,6,0.1,1,0,0.0,0,0,0.017857142857142856,0.9642857142857143,-0.017857142857142856,4,4,1.0,133,118,0.8872180451127819
hourly,56,2026-06-18 08:00:00+00:00,3,24,56,2,6,0.25,1,0,0.0,0,0,0.017857142857142856,0.9642857142857143,-0.017857142857142856,4,4,1.0,133,118,0.8872180451127819
hourly,56,2026-06-18 08:00:00+00:00,3,24,56,2,6,0.5,1,0,0.0,0,0,0.017857142857142856,0.9642857142857143,-0.017857142857142856,4,4,1.0,133,118,0.8872180451127819
hourly,56,2026-06-18 08:00:00+00:00,3,24,56,2,6,1.0,2,0,0.0,0,0,0.03571428571428571,0.9292207792207792,-0.03571428571428571,4,4,1.0,133,99,0.7443609022556391
hourly,56,2026-06-18 08:00:00+00:00,6,24,56,5,10,0.1,1,0,0.0,0,0,0.017857142857142856,0.9107142857142857,-0.017857142857142856,10,10,1.0,133,118,0.8872180451127819
hourly,56,2026-06-18 08:00:00+00:00,6,24,56,5,10,0.25,2,0,0.0,0,0,0.03571428571428571,0.827922077922078,-0.03571428571428571,10,10,1.0,133,99,0.7443609022556391
hourly,56,2026-06-18 08:00:00+00:00,6,24,56,5,10,0.5,3,1,0.2,1,1,0.05357142857142857,0.7512626262626263,0.14642857142857144,10,5,0.5,133,87,0.6541353383458647
hourly,56,2026-06-18 08:00:00+00:00,6,24,56,5,10,1.0,5,2,0.4,2,2,0.08928571428571429,0.6149667942120772,0.3107142857142857,10,4,0.4,133,76,0.5714285714285714
hourly,56,2026-06-18 08:00:00+00:00,12,24,56,14,33,0.1,2,0,0.0,0,0,0.03571428571428571,0.5590909090909091,-0.03571428571428571,31,31,1.0,133,99,0.7443609022556391
hourly,56,2026-06-18 08:00:00+00:00,12,24,56,14,33,0.25,4,1,0.07142857142857142,1,1,0.07142857142857142,0.3047455688965123,0.0,31,21,0.6774193548387096,133,82,0.6165413533834586
hourly,56,2026-06-18 08:00:00+00:00,12,24,56,14,33,0.5,7,4,0.2857142857142857,4,4,0.125,0.11632731308646958,0.1607142857142857,31,7,0.22580645161290322,133,54,0.40601503759398494
hourly,56,2026-06-18 08:00:00+00:00,12,24,56,14,33,1.0,14,6,0.42857142857142855,4,6,0.25,0.009106403087972328,0.17857142857142855,31,5,0.16129032258064516,133,39,0.2932330827067669
hourly,57,2026-06-18 09:00:00+00:00,3,24,49,3,8,0.1,1,0,0.0,0,0,0.02040816326530612,0.9387755102040817,-0.02040816326530612,4,4,1.0,119,104,0.8739495798319328
hourly,57,2026-06-18 09:00:00+00:00,3,24,49,3,8,0.25,1,0,0.0,0,0,0.02040816326530612,0.9387755102040817,-0.02040816326530612,4,4,1.0,119,104,0.8739495798319328
hourly,57,2026-06-18 09:00:00+00:00,3,24,49,3,8,0.5,2,1,0.3333333333333333,1,1,0.04081632653061224,0.8801020408163265,0.2925170068027211,4,2,0.5,119,92,0.773109243697479
hourly,57,2026-06-18 09:00:00+00:00,3,24,49,3,8,1.0,3,1,0.3333333333333333,1,1,0.061224489795918366,0.8239253148067738,0.27210884353741494,4,2,0.5,119,90,0.7563025210084033
hourly,57,2026-06-18 09:00:00+00:00,6,24,49,5,10,0.1,1,0,0.0,0,0,0.02040816326530612,0.8979591836734694,-0.02040816326530612,8,8,1.0,119,104,0.8739495798319328
hourly,57,2026-06-18 09:00:00+00:00,6,24,49,5,10,0.25,2,1,0.2,1,1,0.04081632653061224,0.8044217687074829,0.15918367346938778,8,3,0.375,119,92,0.773109243697479
hourly,57,2026-06-18 09:00:00+00:00,6,24,49,5,10,0.5,3,1,0.2,1,1,0.061224489795918366,0.7188449848024316,0.13877551020408163,8,3,0.375,119,90,0.7563025210084033
hourly,57,2026-06-18 09:00:00+00:00,6,24,49,5,10,1.0,5,1,0.2,1,2,0.10204081632653061,0.569519698104342,0.0979591836734694,8,3,0.375,119,77,0.6470588235294118
hourly,57,2026-06-18 09:00:00+00:00,12,24,49,14,32,0.1,2,1,0.07142857142857142,1,1,0.04081632653061224,0.5059523809523809,0.030612244897959183,26,15,0.5769230769230769,119,92,0.773109243697479
hourly,57,2026-06-18 09:00:00+00:00,12,24,49,14,32,0.25,4,2,0.14285714285714285,2,2,0.08163265306122448,0.24712567728293908,0.061224489795918366,26,14,0.5384615384615384,119,84,0.7058823529411765
hourly,57,2026-06-18 09:00:00+00:00,12,24,49,14,32,0.5,7,4,0.2857142857142857,4,4,0.14285714285714285,0.07828258769463081,0.14285714285714285,26,6,0.23076923076923078,119,49,0.4117647058823529
hourly,57,2026-06-18 09:00:00+00:00,12,24,49,14,32,1.0,14,6,0.42857142857142855,4,6,0.2857142857142857,0.003435710142376157,0.14285714285714285,26,5,0.19230769230769232,119,36,0.3025210084033613
hourly,58,2026-06-18 10:00:00+00:00,3,24,48,3,6,0.1,1,0,0.0,0,0,0.020833333333333332,0.9375,-0.020833333333333332,2,2,1.0,92,79,0.8586956521739131
hourly,58,2026-06-18 10:00:00+00:00,3,24,48,3,6,0.25,1,0,0.0,0,0,0.020833333333333332,0.9375,-0.020833333333333332,2,2,1.0,92,79,0.8586956521739131
hourly,58,2026-06-18 10:00:00+00:00,3,24,48,3,6,0.5,2,1,0.3333333333333333,1,1,0.041666666666666664,0.8776595744680851,0.29166666666666663,2,2,1.0,92,67,0.7282608695652174
hourly,58,2026-06-18 10:00:00+00:00,3,24,48,3,6,1.0,3,1,0.3333333333333333,1,1,0.0625,0.8204209065679926,0.2708333333333333,2,2,1.0,92,65,0.7065217391304348
hourly,58,2026-06-18 10:00:00+00:00,6,24,48,6,11,0.1,1,0,0.0,0,0,0.020833333333333332,0.875,-0.020833333333333332,9,9,1.0,92,79,0.8586956521739131
hourly,58,2026-06-18 10:00:00+00:00,6,24,48,6,11,0.25,2,1,0.16666666666666666,1,1,0.041666666666666664,0.7632978723404256,0.125,9,3,0.3333333333333333,92,67,0.7282608695652174
hourly,58,2026-06-18 10:00:00+00:00,6,24,48,6,11,0.5,3,1,0.16666666666666666,1,1,0.0625,0.6637372802960222,0.10416666666666666,9,3,0.3333333333333333,92,65,0.7065217391304348
hourly,58,2026-06-18 10:00:00+00:00,6,24,48,6,11,1.0,6,2,0.3333333333333333,2,2,0.125,0.42747674451200474,0.20833333333333331,9,3,0.3333333333333333,92,42,0.45652173913043476
hourly,58,2026-06-18 10:00:00+00:00,12,24,48,11,28,0.1,2,1,0.09090909090909091,1,1,0.041666666666666664,0.5904255319148937,0.04924242424242425,24,14,0.5833333333333334,92,67,0.7282608695652174
hourly,58,2026-06-18 10:00:00+00:00,12,24,48,11,28,0.25,3,1,0.09090909090909091,1,1,0.0625,0.4492368177613321,0.02840909090909091,24,14,0.5833333333333334,92,65,0.7065217391304348
hourly,58,2026-06-18 10:00:00+00:00,12,24,48,11,28,0.5,6,3,0.2727272727272727,3,3,0.125,0.1894456037691199,0.1477272727272727,24,5,0.20833333333333334,92,42,0.45652173913043476
hourly,58,2026-06-18 10:00:00+00:00,12,24,48,11,28,1.0,11,5,0.45454545454545453,4,5,0.22916666666666666,0.03783954725229458,0.22537878787878787,24,5,0.20833333333333334,92,35,0.3804347826086957
hourly,59,2026-06-18 11:00:00+00:00,1,24,47,1,2,0.1,1,0,0.0,0,0,0.02127659574468085,0.9787234042553191,-0.02127659574468085,2,2,1.0,91,78,0.8571428571428571
hourly,59,2026-06-18 11:00:00+00:00,1,24,47,1,2,0.25,1,0,0.0,0,0,0.02127659574468085,0.9787234042553191,-0.02127659574468085,2,2,1.0,91,78,0.8571428571428571
hourly,59,2026-06-18 11:00:00+00:00,1,24,47,1,2,0.5,1,0,0.0,0,0,0.02127659574468085,0.9787234042553191,-0.02127659574468085,2,2,1.0,91,78,0.8571428571428571
hourly,59,2026-06-18 11:00:00+00:00,1,24,47,1,2,1.0,1,0,0.0,0,0,0.02127659574468085,0.9787234042553191,-0.02127659574468085,2,2,1.0,91,78,0.8571428571428571
hourly,59,2026-06-18 11:00:00+00:00,3,24,47,1,4,0.1,1,0,0.0,0,0,0.02127659574468085,0.9787234042553191,-0.02127659574468085,4,4,1.0,91,78,0.8571428571428571
hourly,59,2026-06-18 11:00:00+00:00,3,24,47,1,4,0.25,1,0,0.0,0,0,0.02127659574468085,0.9787234042553191,-0.02127659574468085,4,4,1.0,91,78,0.8571428571428571
hourly,59,2026-06-18 11:00:00+00:00,3,24,47,1,4,0.5,1,0,0.0,0,0,0.02127659574468085,0.9787234042553191,-0.02127659574468085,4,4,1.0,91,78,0.8571428571428571
hourly,59,2026-06-18 11:00:00+00:00,3,24,47,1,4,1.0,1,0,0.0,0,0,0.02127659574468085,0.9787234042553191,-0.02127659574468085,4,4,1.0,91,78,0.8571428571428571
hourly,59,2026-06-18 11:00:00+00:00,6,24,47,4,12,0.1,1,0,0.0,0,0,0.02127659574468085,0.9148936170212766,-0.02127659574468085,4,4,1.0,91,78,0.8571428571428571
hourly,59,2026-06-18 11:00:00+00:00,6,24,47,4,12,0.25,1,0,0.0,0,0,0.02127659574468085,0.9148936170212766,-0.02127659574468085,4,4,1.0,91,78,0.8571428571428571
hourly,59,2026-06-18 11:00:00+00:00,6,24,47,4,12,0.5,2,1,0.25,1,1,0.0425531914893617,0.8353376503237743,0.2074468085106383,4,4,1.0,91,66,0.7252747252747253
hourly,59,2026-06-18 11:00:00+00:00,6,24,47,4,12,1.0,4,1,0.25,1,1,0.0851063829787234,0.691895831581308,0.16489361702127658,4,4,1.0,91,59,0.6483516483516484
hourly,59,2026-06-18 11:00:00+00:00,12,24,47,10,27,0.1,1,0,0.0,0,0,0.02127659574468085,0.7872340425531915,-0.02127659574468085,18,18,1.0,91,78,0.8571428571428571
hourly,59,2026-06-18 11:00:00+00:00,12,24,47,10,27,0.25,3,1,0.1,1,2,0.06382978723404255,0.4791859389454209,0.03617021276595746,18,13,0.7222222222222222,91,65,0.7142857142857143
hourly,59,2026-06-18 11:00:00+00:00,12,24,47,10,27,0.5,5,2,0.2,2,3,0.10638297872340426,0.28416840565367985,0.09361702127659575,18,12,0.6666666666666666,91,52,0.5714285714285714
hourly,59,2026-06-18 11:00:00+00:00,12,24,47,10,27,1.0,10,4,0.4,3,4,0.2127659574468085,0.06727030622630148,0.1872340425531915,18,5,0.2777777777777778,91,40,0.43956043956043955
hourly,60,2026-06-18 12:00:00+00:00,3,24,46,1,4,0.1,1,0,0.0,0,0,0.021739130434782608,0.9782608695652174,-0.021739130434782608,4,4,1.0,92,79,0.8586956521739131
hourly,60,2026-06-18 12:00:00+00:00,3,24,46,1,4,0.25,1,0,0.0,0,0,0.021739130434782608,0.9782608695652174,-0.021739130434782608,4,4,1.0,92,79,0.8586956521739131
hourly,60,2026-06-18 12:00:00+00:00,3,24,46,1,4,0.5,1,0,0.0,0,0,0.021739130434782608,0.9782608695652174,-0.021739130434782608,4,4,1.0,92,79,0.8586956521739131
hourly,60,2026-06-18 12:00:00+00:00,3,24,46,1,4,1.0,1,0,0.0,0,0,0.021739130434782608,0.9782608695652174,-0.021739130434782608,4,4,1.0,92,79,0.8586956521739131
hourly,60,2026-06-18 12:00:00+00:00,6,24,46,4,13,0.1,1,0,0.0,0,0,0.021739130434782608,0.9130434782608695,-0.021739130434782608,5,5,1.0,92,79,0.8586956521739131
hourly,60,2026-06-18 12:00:00+00:00,6,24,46,4,13,0.25,1,0,0.0,0,0,0.021739130434782608,0.9130434782608695,-0.021739130434782608,5,5,1.0,92,79,0.8586956521739131
hourly,60,2026-06-18 12:00:00+00:00,6,24,46,4,13,0.5,2,1,0.25,1,1,0.043478260869565216,0.8318840579710145,0.20652173913043478,5,5,1.0,92,67,0.7282608695652174
hourly,60,2026-06-18 12:00:00+00:00,6,24,46,4,13,1.0,4,1,0.25,1,1,0.08695652173913043,0.6859086313080246,0.16304347826086957,5,5,1.0,92,54,0.5869565217391305
hourly,60,2026-06-18 12:00:00+00:00,12,24,46,10,25,0.1,1,0,0.0,0,0,0.021739130434782608,0.782608695652174,-0.021739130434782608,19,19,1.0,92,79,0.8586956521739131
hourly,60,2026-06-18 12:00:00+00:00,12,24,46,10,25,0.25,3,2,0.2,1,2,0.06521739130434782,0.47035573122529645,0.13478260869565217,19,13,0.6842105263157895,92,61,0.6630434782608695
hourly,60,2026-06-18 12:00:00+00:00,12,24,46,10,25,0.5,5,3,0.3,3,3,0.10869565217391304,0.2750252780586451,0.19130434782608696,19,6,0.3157894736842105,92,28,0.30434782608695654
hourly,60,2026-06-18 12:00:00+00:00,12,24,46,10,25,1.0,10,4,0.4,3,4,0.21739130434782608,0.06235647816009977,0.18260869565217394,19,6,0.3157894736842105,92,24,0.2608695652173913
hourly,61,2026-06-18 13:00:00+00:00,3,24,46,1,3,0.1,1,0,0.0,0,0,0.021739130434782608,0.9782608695652174,-0.021739130434782608,3,3,1.0,90,72,0.8
hourly,61,2026-06-18 13:00:00+00:00,3,24,46,1,3,0.25,1,0,0.0,0,0,0.021739130434782608,0.9782608695652174,-0.021739130434782608,3,3,1.0,90,72,0.8
hourly,61,2026-06-18 13:00:00+00:00,3,24,46,1,3,0.5,1,0,0.0,0,0,0.021739130434782608,0.9782608695652174,-0.021739130434782608,3,3,1.0,90,72,0.8
hourly,61,2026-06-18 13:00:00+00:00,3,24,46,1,3,1.0,1,0,0.0,0,0,0.021739130434782608,0.9782608695652174,-0.021739130434782608,3,3,1.0,90,72,0.8
hourly,61,2026-06-18 13:00:00+00:00,6,24,46,3,9,0.1,1,0,0.0,0,0,0.021739130434782608,0.9347826086956522,-0.021739130434782608,5,5,1.0,90,72,0.8
hourly,61,2026-06-18 13:00:00+00:00,6,24,46,3,9,0.25,1,0,0.0,0,0,0.021739130434782608,0.9347826086956522,-0.021739130434782608,5,5,1.0,90,72,0.8
hourly,61,2026-06-18 13:00:00+00:00,6,24,46,3,9,0.5,2,1,0.3333333333333333,1,1,0.043478260869565216,0.8724637681159421,0.28985507246376807,5,5,1.0,90,60,0.6666666666666666
hourly,61,2026-06-18 13:00:00+00:00,6,24,46,3,9,1.0,3,1,0.3333333333333333,1,1,0.06521739130434782,0.8129776021080369,0.2681159420289855,5,5,1.0,90,53,0.5888888888888889
hourly,61,2026-06-18 13:00:00+00:00,12,24,46,9,20,0.1,1,0,0.0,0,0,0.021739130434782608,0.8043478260869565,-0.021739130434782608,16,16,1.0,90,72,0.8
hourly,61,2026-06-18 13:00:00+00:00,12,24,46,9,20,0.25,3,1,0.1111111111111111,1,2,0.06521739130434782,0.5118577075098815,0.04589371980676328,16,13,0.8125,90,53,0.5888888888888889
hourly,61,2026-06-18 13:00:00+00:00,12,24,46,9,20,0.5,5,3,0.3333333333333333,2,3,0.10869565217391304,0.3179979777553084,0.2246376811594203,16,6,0.375,90,28,0.3111111111111111
hourly,61,2026-06-18 13:00:00+00:00,12,24,46,9,20,1.0,9,3,0.3333333333333333,3,4,0.1956521739130435,0.11291801402272035,0.13768115942028983,16,6,0.375,90,24,0.26666666666666666
hourly,62,2026-06-18 14:00:00+00:00,3,24,46,1,2,0.1,1,0,0.0,0,0,0.021739130434782608,0.9782608695652174,-0.021739130434782608,2,2,1.0,88,70,0.7954545454545454
hourly,62,2026-06-18 14:00:00+00:00,3,24,46,1,2,0.25,1,0,0.0,0,0,0.021739130434782608,0.9782608695652174,-0.021739130434782608,2,2,1.0,88,70,0.7954545454545454
hourly,62,2026-06-18 14:00:00+00:00,3,24,46,1,2,0.5,1,0,0.0,0,0,0.021739130434782608,0.9782608695652174,-0.021739130434782608,2,2,1.0,88,70,0.7954545454545454
hourly,62,2026-06-18 14:00:00+00:00,3,24,46,1,2,1.0,1,0,0.0,0,0,0.021739130434782608,0.9782608695652174,-0.021739130434782608,2,2,1.0,88,70,0.7954545454545454
hourly,62,2026-06-18 14:00:00+00:00,6,24,46,1,5,0.1,1,0,0.0,0,0,0.021739130434782608,0.9782608695652174,-0.021739130434782608,5,5,1.0,88,70,0.7954545454545454
hourly,62,2026-06-18 14:00:00+00:00,6,24,46,1,5,0.25,1,0,0.0,0,0,0.021739130434782608,0.9782608695652174,-0.021739130434782608,5,5,1.0,88,70,0.7954545454545454
hourly,62,2026-06-18 14:00:00+00:00,6,24,46,1,5,0.5,1,0,0.0,0,0,0.021739130434782608,0.9782608695652174,-0.021739130434782608,5,5,1.0,88,70,0.7954545454545454
hourly,62,2026-06-18 14:00:00+00:00,6,24,46,1,5,1.0,1,0,0.0,0,0,0.021739130434782608,0.9782608695652174,-0.021739130434782608,5,5,1.0,88,70,0.7954545454545454
hourly,62,2026-06-18 14:00:00+00:00,12,24,46,7,15,0.1,1,0,0.0,0,0,0.021739130434782608,0.8478260869565217,-0.021739130434782608,13,13,1.0,88,70,0.7954545454545454
hourly,62,2026-06-18 14:00:00+00:00,12,24,46,7,15,0.25,2,1,0.14285714285714285,1,1,0.043478260869565216,0.7159420289855073,0.09937888198757763,13,10,0.7692307692307693,88,58,0.6590909090909091
hourly,62,2026-06-18 14:00:00+00:00,12,24,46,7,15,0.5,4,2,0.2857142857142857,2,2,0.08695652173913043,0.5040352973618899,0.19875776397515527,13,6,0.46153846153846156,88,50,0.5681818181818182
hourly,62,2026-06-18 14:00:00+00:00,12,24,46,7,15,1.0,7,3,0.42857142857142855,2,3,0.15217391304347827,0.28736158721546773,0.2763975155279503,13,6,0.46153846153846156,88,24,0.2727272727272727
hourly,63,2026-06-18 15:00:00+00:00,1,24,47,2,5,0.1,1,0,0.0,0,0,0.02127659574468085,0.9574468085106383,-0.02127659574468085,3,3,1.0,89,71,0.797752808988764
hourly,63,2026-06-18 15:00:00+00:00,1,24,47,2,5,0.25,1,0,0.0,0,0,0.02127659574468085,0.9574468085106383,-0.02127659574468085,3,3,1.0,89,71,0.797752808988764
hourly,63,2026-06-18 15:00:00+00:00,1,24,47,2,5,0.5,1,0,0.0,0,0,0.02127659574468085,0.9574468085106383,-0.02127659574468085,3,3,1.0,89,71,0.797752808988764
hourly,63,2026-06-18 15:00:00+00:00,1,24,47,2,5,1.0,2,0,0.0,0,0,0.0425531914893617,0.9158186864014801,-0.0425531914893617,3,3,1.0,89,59,0.6629213483146067
hourly,63,2026-06-18 15:00:00+00:00,3,24,47,2,6,0.1,1,0,0.0,0,0,0.02127659574468085,0.9574468085106383,-0.02127659574468085,4,4,1.0,89,71,0.797752808988764
hourly,63,2026-06-18 15:00:00+00:00,3,24,47,2,6,0.25,1,0,0.0,0,0,0.02127659574468085,0.9574468085106383,-0.02127659574468085,4,4,1.0,89,71,0.797752808988764
hourly,63,2026-06-18 15:00:00+00:00,3,24,47,2,6,0.5,1,0,0.0,0,0,0.02127659574468085,0.9574468085106383,-0.02127659574468085,4,4,1.0,89,71,0.797752808988764
hourly,63,2026-06-18 15:00:00+00:00,3,24,47,2,6,1.0,2,0,0.0,0,0,0.0425531914893617,0.9158186864014801,-0.0425531914893617,4,4,1.0,89,59,0.6629213483146067
hourly,63,2026-06-18 15:00:00+00:00,6,24,47,2,8,0.1,1,0,0.0,0,0,0.02127659574468085,0.9574468085106383,-0.02127659574468085,6,6,1.0,89,71,0.797752808988764
hourly,63,2026-06-18 15:00:00+00:00,6,24,47,2,8,0.25,1,0,0.0,0,0,0.02127659574468085,0.9574468085106383,-0.02127659574468085,6,6,1.0,89,71,0.797752808988764
hourly,63,2026-06-18 15:00:00+00:00,6,24,47,2,8,0.5,1,0,0.0,0,0,0.02127659574468085,0.9574468085106383,-0.02127659574468085,6,6,1.0,89,71,0.797752808988764
hourly,63,2026-06-18 15:00:00+00:00,6,24,47,2,8,1.0,2,0,0.0,0,0,0.0425531914893617,0.9158186864014801,-0.0425531914893617,6,6,1.0,89,59,0.6629213483146067
hourly,63,2026-06-18 15:00:00+00:00,12,24,47,9,20,0.1,1,0,0.0,0,0,0.02127659574468085,0.8085106382978723,-0.02127659574468085,14,14,1.0,89,71,0.797752808988764
hourly,63,2026-06-18 15:00:00+00:00,12,24,47,9,20,0.25,3,1,0.1111111111111111,1,2,0.06382978723404255,0.520259019426457,0.04728132387706856,14,7,0.5,89,52,0.5842696629213483
hourly,63,2026-06-18 15:00:00+00:00,12,24,47,9,20,0.5,5,3,0.3333333333333333,3,3,0.10638297872340426,0.3272242246921162,0.22695035460992907,14,3,0.21428571428571427,89,28,0.3146067415730337
hourly,63,2026-06-18 15:00:00+00:00,12,24,47,9,20,1.0,9,4,0.4444444444444444,4,4,0.19148936170212766,0.11962847560440806,0.25295508274231676,14,2,0.14285714285714285,89,12,0.1348314606741573
hourly,64,2026-06-18 16:00:00+00:00,1,24,54,9,26,0.1,1,0,0.0,0,0,0.018518518518518517,0.8333333333333334,-0.018518518518518517,17,17,1.0,84,66,0.7857142857142857
hourly,64,2026-06-18 16:00:00+00:00,1,24,54,9,26,0.25,3,1,0.1111111111111111,0,1,0.05555555555555555,0.5720851475568457,0.05555555555555555,17,10,0.5882352941176471,84,54,0.6428571428571429
hourly,64,2026-06-18 16:00:00+00:00,1,24,54,9,26,0.5,5,1,0.1111111111111111,1,1,0.09259259259259259,0.38632573493838757,0.018518518518518517,17,10,0.5882352941176471,84,24,0.2857142857142857
hourly,64,2026-06-18 16:00:00+00:00,1,24,54,9,26,1.0,9,2,0.2222222222222222,2,2,0.16666666666666666,0.1666366597255906,0.05555555555555555,17,5,0.29411764705882354,84,19,0.2261904761904762
hourly,64,2026-06-18 16:00:00+00:00,3,24,54,14,36,0.1,2,0,0.0,0,0,0.037037037037037035,0.5450733752620545,-0.037037037037037035,24,24,1.0,84,54,0.6428571428571429
hourly,64,2026-06-18 16:00:00+00:00,3,24,54,14,36,0.25,4,1,0.07142857142857142,0,1,0.07407407407407407,0.2889793233855387,-0.0026455026455026454,24,16,0.6666666666666666,84,47,0.5595238095238095
hourly,64,2026-06-18 16:00:00+00:00,3,24,54,14,36,0.5,7,3,0.21428571428571427,2,3,0.12962962962962962,0.10527103923330339,0.08465608465608465,24,11,0.4583333333333333,84,22,0.2619047619047619
hourly,64,2026-06-18 16:00:00+00:00,3,24,54,14,36,1.0,14,3,0.21428571428571427,3,3,0.25925925925925924,0.007150774584249538,-0.04497354497354497,24,11,0.4583333333333333,84,11,0.13095238095238096
hourly,64,2026-06-18 16:00:00+00:00,6,24,54,14,38,0.1,2,0,0.0,0,0,0.037037037037037035,0.5450733752620545,-0.037037037037037035,24,24,1.0,84,54,0.6428571428571429
hourly,64,2026-06-18 16:00:00+00:00,6,24,54,14,38,0.25,4,1,0.07142857142857142,0,1,0.07407407407407407,0.2889793233855387,-0.0026455026455026454,24,16,0.6666666666666666,84,47,0.5595238095238095
hourly,64,2026-06-18 16:00:00+00:00,6,24,54,14,38,0.5,7,3,0.21428571428571427,2,3,0.12962962962962962,0.10527103923330339,0.08465608465608465,24,11,0.4583333333333333,84,22,0.2619047619047619
hourly,64,2026-06-18 16:00:00+00:00,6,24,54,14,38,1.0,14,3,0.21428571428571427,3,3,0.25925925925925924,0.007150774584249538,-0.04497354497354497,24,11,0.4583333333333333,84,11,0.13095238095238096
hourly,64,2026-06-18 16:00:00+00:00,12,24,54,20,49,0.1,2,1,0.05,1,1,0.037037037037037035,0.3920335429769392,0.012962962962962968,25,25,1.0,84,54,0.6428571428571429
hourly,64,2026-06-18 16:00:00+00:00,12,24,54,20,49,0.25,5,3,0.15,3,3,0.09259259259259259,0.08798580874052572,0.05740740740740741,25,16,0.64,84,24,0.2857142857142857
hourly,64,2026-06-18 16:00:00+00:00,12,24,54,20,49,0.5,10,6,0.3,5,6,0.18518518518518517,0.005479491524907195,0.11481481481481481,25,11,0.44,84,19,0.2261904761904762
hourly,64,2026-06-18 16:00:00+00:00,12,24,54,20,49,1.0,20,9,0.45,9,9,0.37037037037037035,4.33114610525545e-06,0.07962962962962966,25,3,0.12,84,5,0.05952380952380952
hourly,65,2026-06-18 17:00:00+00:00,1,24,64,26,56,0.1,3,1,0.038461538461538464,1,1,0.046875,0.2024769585253456,-0.008413461538461536,34,32,0.9411764705882353,142,109,0.7676056338028169
hourly,65,2026-06-18 17:00:00+00:00,1,24,64,26,56,0.25,7,5,0.19230769230769232,3,5,0.109375,0.02031540092245374,0.08293269230769232,34,21,0.6176470588235294,142,57,0.4014084507042254
hourly,65,2026-06-18 17:00:00+00:00,1,24,64,26,56,0.5,13,8,0.3076923076923077,7,8,0.203125,0.00041219521145810945,0.10456730769230771,34,15,0.4411764705882353,142,42,0.29577464788732394
hourly,65,2026-06-18 17:00:00+00:00,1,24,64,26,56,1.0,26,14,0.5384615384615384,14,15,0.40625,4.500772675354813e-09,0.13221153846153844,34,5,0.14705882352941177,142,7,0.04929577464788732
hourly,65,2026-06-18 17:00:00+00:00,3,24,64,37,88,0.1,4,2,0.05405405405405406,2,2,0.0625,0.02762143990330135,-0.008445945945945943,77,61,0.7922077922077922,142,64,0.4507042253521127
hourly,65,2026-06-18 17:00:00+00:00,3,24,64,37,88,0.25,10,6,0.16216216216216217,6,6,0.15625,5.5694896356744396e-05,0.005912162162162171,77,52,0.6753246753246753,142,55,0.3873239436619718
hourly,65,2026-06-18 17:00:00+00:00,3,24,64,37,88,0.5,19,12,0.32432432432432434,12,12,0.296875,2.545993152675463e-10,0.027449324324324342,77,13,0.16883116883116883,142,13,0.09154929577464789
hourly,65,2026-06-18 17:00:00+00:00,3,24,64,37,88,1.0,37,24,0.6486486486486487,23,25,0.578125,0.0,0.07052364864864868,77,5,0.06493506493506493,142,5,0.035211267605633804
hourly,65,2026-06-18 17:00:00+00:00,6,24,64,37,89,0.1,4,2,0.05405405405405406,2,2,0.0625,0.02762143990330135,-0.008445945945945943,78,61,0.782051282051282,142,64,0.4507042253521127
hourly,65,2026-06-18 17:00:00+00:00,6,24,64,37,89,0.25,10,6,0.16216216216216217,6,6,0.15625,5.5694896356744396e-05,0.005912162162162171,78,52,0.6666666666666666,142,55,0.3873239436619718
hourly,65,2026-06-18 17:00:00+00:00,6,24,64,37,89,0.5,19,12,0.32432432432432434,12,12,0.296875,2.545993152675463e-10,0.027449324324324342,78,13,0.16666666666666666,142,13,0.09154929577464789
hourly,65,2026-06-18 17:00:00+00:00,6,24,64,37,89,1.0,37,24,0.6486486486486487,23,25,0.578125,0.0,0.07052364864864868,78,5,0.0641025641025641,142,5,0.035211267605633804
hourly,65,2026-06-18 17:00:00+00:00,12,24,64,40,100,0.1,4,3,0.075,3,3,0.0625,0.0167239555790587,0.012499999999999997,85,62,0.7294117647058823,142,64,0.4507042253521127
hourly,65,2026-06-18 17:00:00+00:00,12,24,64,40,100,0.25,10,7,0.175,7,7,0.15625,1.2947873341055109e-05,0.01874999999999999,85,53,0.6235294117647059,142,55,0.3873239436619718
hourly,65,2026-06-18 17:00:00+00:00,12,24,64,40,100,0.5,20,14,0.35,13,14,0.3125,5.415977836650558e-13,0.03749999999999998,85,13,0.15294117647058825,142,13,0.09154929577464789
hourly,65,2026-06-18 17:00:00+00:00,12,24,64,40,100,1.0,40,27,0.675,26,27,0.625,0.0,0.050000000000000044,85,5,0.058823529411764705,142,5,0.035211267605633804
hourly,66,2026-06-18 18:00:00+00:00,1,24,97,50,113,0.1,5,4,0.08,4,5,0.05154639175257732,0.02380191833091208,0.028453608247422685,105,72,0.6857142857142857,219,162,0.7397260273972602
hourly,66,2026-06-18 18:00:00+00:00,1,24,97,50,113,0.25,13,10,0.2,10,10,0.13402061855670103,3.0181758134393573e-05,0.06597938144329898,105,58,0.5523809523809524,219,126,0.5753424657534246
hourly,66,2026-06-18 18:00:00+00:00,1,24,97,50,113,0.5,25,18,0.36,18,18,0.25773195876288657,1.4647194706114365e-10,0.10226804123711342,105,37,0.3523809523809524,219,74,0.3378995433789954
hourly,66,2026-06-18 18:00:00+00:00,1,24,97,50,113,1.0,50,31,0.62,28,35,0.5154639175257731,0.0,0.10453608247422685,105,13,0.12380952380952381,219,14,0.0639269406392694
hourly,66,2026-06-18 18:00:00+00:00,3,24,97,70,178,0.1,7,6,0.08571428571428572,6,6,0.07216494845360824,6.912761600312224e-05,0.013549337260677474,160,106,0.6625,219,152,0.6940639269406392
hourly,66,2026-06-18 18:00:00+00:00,3,24,97,70,178,0.25,18,14,0.2,14,14,0.18556701030927836,2.790712574017144e-13,0.014432989690721654,160,79,0.49375,219,101,0.4611872146118721
hourly,66,2026-06-18 18:00:00+00:00,3,24,97,70,178,0.5,35,27,0.38571428571428573,27,28,0.36082474226804123,0.0,0.0248895434462445,160,19,0.11875,219,20,0.091324200913242
hourly,66,2026-06-18 18:00:00+00:00,3,24,97,70,178,1.0,70,55,0.7857142857142857,46,59,0.7216494845360825,0.0,0.06406480117820323,160,5,0.03125,219,6,0.0273972602739726
hourly,66,2026-06-18 18:00:00+00:00,6,24,97,76,184,0.1,8,7,0.09210526315789473,7,7,0.08247422680412371,1.4080383751275014e-06,0.009631036353771022,168,124,0.7380952380952381,219,150,0.684931506849315
hourly,66,2026-06-18 18:00:00+00:00,6,24,97,76,184,0.25,19,15,0.19736842105263158,15,15,0.1958762886597938,3.007337541420386e-18,0.0014921323928377694,168,92,0.5476190476190477,219,100,0.45662100456621
hourly,66,2026-06-18 18:00:00+00:00,6,24,97,76,184,0.5,38,30,0.39473684210526316,30,30,0.3917525773195876,0.0,0.002984264785675539,168,20,0.11904761904761904,219,20,0.091324200913242
hourly,66,2026-06-18 18:00:00+00:00,6,24,97,76,184,1.0,76,61,0.8026315789473685,55,65,0.7835051546391752,0.0,0.019126424308193224,168,6,0.03571428571428571,219,6,0.0273972602739726
hourly,66,2026-06-18 18:00:00+00:00,12,24,97,79,194,0.1,8,8,0.10126582278481013,8,8,0.08247422680412371,3.0278118442591386e-07,0.018791595980686415,174,127,0.7298850574712644,219,150,0.684931506849315
hourly,66,2026-06-18 18:00:00+00:00,12,24,97,79,194,0.25,20,17,0.21518987341772153,16,17,0.20618556701030927,0.0,0.00900430640741226,174,90,0.5172413793103449,219,98,0.4474885844748858
hourly,66,2026-06-18 18:00:00+00:00,12,24,97,79,194,0.5,40,33,0.4177215189873418,31,33,0.41237113402061853,0.0,0.005350384966723243,174,18,0.10344827586206896,219,18,0.0821917808219178
hourly,66,2026-06-18 18:00:00+00:00,12,24,97,79,194,1.0,79,66,0.8354430379746836,61,69,0.8144329896907216,0.0,0.021010048283961913,174,5,0.028735632183908046,219,5,0.0228310502283105
hourly,67,2026-06-18 19:00:00+00:00,1,24,147,79,238,0.1,8,8,0.10126582278481013,7,8,0.05442176870748299,0.0016592462336141186,0.046844054077327134,223,140,0.6278026905829597,384,279,0.7265625
hourly,67,2026-06-18 19:00:00+00:00,1,24,147,79,238,0.25,20,15,0.189873417721519,14,15,0.1360544217687075,3.484536938098521e-08,0.053818995952811505,223,116,0.5201793721973094,384,212,0.5520833333333334
hourly,67,2026-06-18 19:00:00+00:00,1,24,147,79,238,0.5,40,29,0.3670886075949367,29,30,0.272108843537415,5.776138801401182e-18,0.09497976405752173,223,60,0.26905829596412556,384,109,0.2838541666666667
hourly,67,2026-06-18 19:00:00+00:00,1,24,147,79,238,1.0,79,52,0.6582278481012658,45,56,0.5374149659863946,0.0,0.12081288211487118,223,5,0.02242152466367713,384,10,0.026041666666666668
hourly,67,2026-06-18 19:00:00+00:00,3,24,147,117,345,0.1,12,11,0.09401709401709402,11,11,0.08163265306122448,6.453472703431288e-10,0.012384440955869533,312,194,0.6217948717948718,384,249,0.6484375
hourly,67,2026-06-18 19:00:00+00:00,3,24,147,117,345,0.25,30,27,0.23076923076923078,27,27,0.20408163265306123,6.096625796006538e-32,0.026687598116169553,312,124,0.3974358974358974,384,155,0.4036458333333333
hourly,67,2026-06-18 19:00:00+00:00,3,24,147,117,345,0.5,59,52,0.4444444444444444,50,53,0.4013605442176871,0.0,0.04308390022675734,312,43,0.13782051282051283,384,55,0.14322916666666666
hourly,67,2026-06-18 19:00:00+00:00,3,24,147,117,345,1.0,117,99,0.8461538461538461,87,103,0.7959183673469388,0.0,0.050235478806907374,312,5,0.016025641025641024,384,5,0.013020833333333334
hourly,67,2026-06-18 19:00:00+00:00,6,24,147,129,371,0.1,13,12,0.09302325581395349,12,12,0.08843537414965986,6.156025760219225e-15,0.004587881664293622,342,219,0.6403508771929824,384,246,0.640625
hourly,67,2026-06-18 19:00:00+00:00,6,24,147,129,371,0.25,33,30,0.23255813953488372,30,30,0.22448979591836735,0.0,0.008068343616516371,342,131,0.3830409356725146,384,142,0.3697916666666667
hourly,67,2026-06-18 19:00:00+00:00,6,24,147,129,371,0.5,65,57,0.4418604651162791,57,59,0.4421768707482993,0.0,-0.00031640563202023353,342,22,0.06432748538011696,384,22,0.057291666666666664
hourly,67,2026-06-18 19:00:00+00:00,6,24,147,129,371,1.0,129,114,0.8837209302325582,111,119,0.8775510204081632,0.0,0.006169909824394915,342,5,0.014619883040935672,384,5,0.013020833333333334
hourly,67,2026-06-18 19:00:00+00:00,12,24,147,131,377,0.1,14,14,0.10687022900763359,14,14,0.09523809523809523,9.007939362334248e-18,0.011632133769538353,346,216,0.6242774566473989,384,240,0.625
hourly,67,2026-06-18 19:00:00+00:00,12,24,147,131,377,0.25,33,31,0.2366412213740458,31,31,0.22448979591836735,0.0,0.01215142545567846,346,131,0.3786127167630058,384,142,0.3697916666666667
hourly,67,2026-06-18 19:00:00+00:00,12,24,147,131,377,0.5,66,59,0.45038167938931295,59,60,0.4489795918367347,0.0,0.0014020875525782572,346,22,0.06358381502890173,384,22,0.057291666666666664
hourly,67,2026-06-18 19:00:00+00:00,12,24,147,131,377,1.0,131,118,0.9007633587786259,115,122,0.891156462585034,0.0,0.009606896193591896,346,4,0.011560693641618497,384,4,0.010416666666666666
hourly,68,2026-06-18 20:00:00+00:00,1,24,225,112,266,0.1,12,12,0.10714285714285714,12,12,0.05333333333333334,0.0001895144834798908,0.0538095238095238,264,164,0.6212121212121212,589,431,0.7317487266553481
hourly,68,2026-06-18 20:00:00+00:00,1,24,225,112,266,0.25,28,24,0.21428571428571427,21,25,0.12444444444444444,6.293965816152648e-10,0.08984126984126983,264,126,0.4772727272727273,589,354,0.601018675721562
hourly,68,2026-06-18 20:00:00+00:00,1,24,225,112,266,0.5,56,41,0.36607142857142855,41,42,0.24888888888888888,1.866278185388923e-21,0.11718253968253967,264,71,0.2689393939393939,589,213,0.3616298811544992
hourly,68,2026-06-18 20:00:00+00:00,1,24,225,112,266,1.0,112,65,0.5803571428571429,62,75,0.49777777777777776,3.9529742912921264e-65,0.08257936507936514,264,25,0.0946969696969697,589,56,0.09507640067911714
hourly,68,2026-06-18 20:00:00+00:00,3,24,225,188,511,0.1,19,18,0.09574468085106383,18,18,0.08444444444444445,9.559364394279787e-18,0.011300236406619382,503,315,0.6262425447316103,589,389,0.6604414261460102
hourly,68,2026-06-18 20:00:00+00:00,3,24,225,188,511,0.25,47,44,0.23404255319148937,44,45,0.2088888888888889,0.0,0.025153664302600465,503,211,0.4194831013916501,589,250,0.4244482173174873
hourly,68,2026-06-18 20:00:00+00:00,3,24,225,188,511,0.5,94,85,0.4521276595744681,83,87,0.4177777777777778,0.0,0.034349881796690296,503,91,0.18091451292246521,589,110,0.1867572156196944
hourly,68,2026-06-18 20:00:00+00:00,3,24,225,188,511,1.0,188,162,0.8617021276595744,151,170,0.8355555555555556,0.0,0.026146572104018828,503,11,0.02186878727634195,589,11,0.01867572156196944
hourly,68,2026-06-18 20:00:00+00:00,6,24,225,210,570,0.1,21,20,0.09523809523809523,20,20,0.09333333333333334,0.0,0.0019047619047618952,558,358,0.6415770609318996,589,377,0.6400679117147708
hourly,68,2026-06-18 20:00:00+00:00,6,24,225,210,570,0.25,53,51,0.24285714285714285,51,51,0.23555555555555555,0.0,0.007301587301587309,558,219,0.3924731182795699,589,225,0.38200339558573854
hourly,68,2026-06-18 20:00:00+00:00,6,24,225,210,570,0.5,105,99,0.4714285714285714,97,99,0.4666666666666667,0.0,0.004761904761904745,558,72,0.12903225806451613,589,72,0.12224108658743633
hourly,68,2026-06-18 20:00:00+00:00,6,24,225,210,570,1.0,210,196,0.9333333333333333,195,202,0.9333333333333333,0.0,0.0,558,5,0.008960573476702509,589,5,0.008488964346349746
hourly,68,2026-06-18 20:00:00+00:00,12,24,225,210,574,0.1,21,20,0.09523809523809523,20,20,0.09333333333333334,0.0,0.0019047619047618952,562,362,0.6441281138790036,589,377,0.6400679117147708
hourly,68,2026-06-18 20:00:00+00:00,12,24,225,210,574,0.25,53,51,0.24285714285714285,51,51,0.23555555555555555,0.0,0.007301587301587309,562,219,0.3896797153024911,589,225,0.38200339558573854
hourly,68,2026-06-18 20:00:00+00:00,12,24,225,210,574,0.5,105,99,0.4714285714285714,97,99,0.4666666666666667,0.0,0.004761904761904745,562,72,0.12811387900355872,589,72,0.12224108658743633
hourly,68,2026-06-18 20:00:00+00:00,12,24,225,210,574,1.0,210,196,0.9333333333333333,195,202,0.9333333333333333,0.0,0.0,562,5,0.008896797153024912,589,5,0.008488964346349746
hourly,69,2026-06-18 21:00:00+00:00,1,24,325,104,268,0.1,11,9,0.08653846153846154,9,9,0.033846153846153845,0.013245328179373508,0.05269230769230769,268,170,0.6343283582089553,746,557,0.7466487935656837
hourly,69,2026-06-18 21:00:00+00:00,1,24,325,104,268,0.25,26,16,0.15384615384615385,16,17,0.08,2.6705262603326883e-05,0.07384615384615385,268,162,0.6044776119402985,746,506,0.67828418230563
hourly,69,2026-06-18 21:00:00+00:00,1,24,325,104,268,0.5,52,27,0.25961538461538464,27,27,0.16,2.130654243198345e-10,0.09961538461538463,268,121,0.45149253731343286,746,404,0.5415549597855228
hourly,69,2026-06-18 21:00:00+00:00,1,24,325,104,268,1.0,104,52,0.5,48,52,0.32,8.626037213341801e-23,0.18,268,41,0.15298507462686567,746,225,0.30160857908847183
hourly,69,2026-06-18 21:00:00+00:00,3,24,325,265,613,0.1,27,27,0.1018867924528302,26,27,0.08307692307692308,4.395123585302334e-23,0.018809869375907118,611,380,0.6219312602291326,746,500,0.6702412868632708
hourly,69,2026-06-18 21:00:00+00:00,3,24,325,265,613,0.25,67,63,0.23773584905660378,63,63,0.20615384615384616,0.0,0.03158200290275762,611,266,0.4353518821603928,746,345,0.4624664879356568
hourly,69,2026-06-18 21:00:00+00:00,3,24,325,265,613,0.5,133,122,0.46037735849056605,118,123,0.40923076923076923,0.0,0.051146589259796815,611,127,0.2078559738134206,746,162,0.21715817694369974
hourly,69,2026-06-18 21:00:00+00:00,3,24,325,265,613,1.0,265,225,0.8490566037735849,205,239,0.8153846153846154,0.0,0.033671988388969565,611,12,0.019639934533551555,746,12,0.0160857908847185
hourly,69,2026-06-18 21:00:00+00:00,6,24,325,305,727,0.1,31,30,0.09836065573770492,30,30,0.09538461538461539,0.0,0.002976040353089529,706,445,0.6303116147308782,746,476,0.6380697050938338
hourly,69,2026-06-18 21:00:00+00:00,6,24,325,305,727,0.25,77,76,0.24918032786885247,75,76,0.23692307692307693,0.0,0.012257250945775539,706,275,0.3895184135977337,746,292,0.3914209115281501
hourly,69,2026-06-18 21:00:00+00:00,6,24,325,305,727,0.5,153,148,0.4852459016393443,146,148,0.4707692307692308,0.0,0.014476670870113506,706,121,0.17138810198300283,746,127,0.17024128686327078
hourly,69,2026-06-18 21:00:00+00:00,6,24,325,305,727,1.0,305,289,0.9475409836065574,285,298,0.9384615384615385,0.0,0.009079445145018905,706,3,0.00424929178470255,746,3,0.004021447721179625
hourly,69,2026-06-18 21:00:00+00:00,12,24,325,310,736,0.1,31,30,0.0967741935483871,30,30,0.09538461538461539,0.0,0.001389578163771707,722,465,0.6440443213296398,746,476,0.6380697050938338
hourly,69,2026-06-18 21:00:00+00:00,12,24,325,310,736,0.25,78,77,0.24838709677419354,76,77,0.24,0.0,0.008387096774193553,722,283,0.39196675900277006,746,283,0.37935656836461124
hourly,69,2026-06-18 21:00:00+00:00,12,24,325,310,736,0.5,155,150,0.4838709677419355,148,150,0.47692307692307695,0.0,0.006947890818858549,722,122,0.16897506925207756,746,122,0.16353887399463807
hourly,69,2026-06-18 21:00:00+00:00,12,24,325,310,736,1.0,310,296,0.9548387096774194,295,303,0.9538461538461539,0.0,0.0009925558312654514,722,3,0.004155124653739612,746,3,0.004021447721179625
hourly,70,2026-06-18 22:00:00+00:00,1,24,351,32,121,0.1,4,4,0.125,3,4,0.011396011396011397,0.6810583410010345,0.1136039886039886,116,55,0.47413793103448276,792,651,0.821969696969697
hourly,70,2026-06-18 22:00:00+00:00,1,24,351,32,121,0.25,8,4,0.125,4,4,0.022792022792022793,0.461679231468072,0.10220797720797721,116,55,0.47413793103448276,792,609,0.7689393939393939
hourly,70,2026-06-18 22:00:00+00:00,1,24,351,32,121,0.5,16,7,0.21875,7,7,0.045584045584045586,0.20910563827065717,0.17316595441595442,116,49,0.4224137931034483,792,566,0.7146464646464646
hourly,70,2026-06-18 22:00:00+00:00,1,24,351,32,121,1.0,32,10,0.3125,8,10,0.09116809116809117,0.040341070473563286,0.22133190883190884,116,38,0.3275862068965517,792,511,0.6452020202020202
hourly,70,2026-06-18 22:00:00+00:00,3,24,351,239,501,0.1,24,24,0.100418410041841,24,24,0.06837606837606838,1.9461130468786304e-13,0.03204234166577262,495,318,0.6424242424242425,792,542,0.6843434343434344
hourly,70,2026-06-18 22:00:00+00:00,3,24,351,239,501,0.25,60,53,0.2217573221757322,50,53,0.17094017094017094,9.905018237339102e-37,0.05081715123556127,495,248,0.501010101010101,792,410,0.5176767676767676
hourly,70,2026-06-18 22:00:00+00:00,3,24,351,239,501,0.5,120,98,0.4100418410041841,94,98,0.3418803418803419,0.0,0.06816149912384223,495,146,0.29494949494949496,792,240,0.30303030303030304
hourly,70,2026-06-18 22:00:00+00:00,3,24,351,239,501,1.0,239,173,0.7238493723849372,154,183,0.6809116809116809,0.0,0.04293769147325632,495,29,0.05858585858585859,792,43,0.054292929292929296
hourly,70,2026-06-18 22:00:00+00:00,6,24,351,331,757,0.1,34,34,0.1027190332326284,34,34,0.09686609686609686,0.0,0.005852936366531544,739,450,0.6089309878213802,792,503,0.63510101010101
hourly,70,2026-06-18 22:00:00+00:00,6,24,351,331,757,0.25,83,82,0.24773413897280966,82,82,0.23646723646723647,0.0,0.01126690250557319,739,300,0.4059539918809202,792,321,0.4053030303030303
hourly,70,2026-06-18 22:00:00+00:00,6,24,351,331,757,0.5,166,160,0.48338368580060426,156,160,0.47293447293447294,0.0,0.010449212866131319,739,130,0.17591339648173207,792,140,0.17676767676767677
hourly,70,2026-06-18 22:00:00+00:00,6,24,351,331,757,1.0,331,316,0.9546827794561934,311,321,0.9430199430199431,0.0,0.011662836436250323,739,3,0.0040595399188092015,792,3,0.003787878787878788
hourly,70,2026-06-18 22:00:00+00:00,12,24,351,342,786,0.1,35,35,0.1023391812865497,35,35,0.09971509971509972,0.0,0.002624081571449985,771,480,0.622568093385214,792,499,0.6300505050505051
hourly,70,2026-06-18 22:00:00+00:00,12,24,351,342,786,0.25,86,85,0.24853801169590642,85,85,0.245014245014245,0.0,0.0035237666816614055,771,314,0.4072632944228275,792,314,0.39646464646464646
hourly,70,2026-06-18 22:00:00+00:00,12,24,351,342,786,0.5,171,166,0.4853801169590643,165,166,0.48717948717948717,0.0,-0.001799370220422869,771,127,0.16472114137483787,792,127,0.16035353535353536
hourly,70,2026-06-18 22:00:00+00:00,12,24,351,342,786,1.0,342,333,0.9736842105263158,333,336,0.9743589743589743,0.0,-0.0006747638326585204,771,3,0.0038910505836575876,792,3,0.003787878787878788
hourly,71,2026-06-18 23:00:00+00:00,1,24,351,3,7,0.1,1,0,0.0,0,0,0.002849002849002849,0.9914529914529915,-0.002849002849002849,4,4,1.0,785,703,0.8955414012738854
hourly,71,2026-06-18 23:00:00+00:00,1,24,351,3,7,0.25,1,0,0.0,0,0,0.002849002849002849,0.9914529914529915,-0.002849002849002849,4,4,1.0,785,703,0.8955414012738854
hourly,71,2026-06-18 23:00:00+00:00,1,24,351,3,7,0.5,2,0,0.0,0,0,0.005698005698005698,0.982954822954823,-0.005698005698005698,4,4,1.0,785,669,0.8522292993630574
hourly,71,2026-06-18 23:00:00+00:00,1,24,351,3,7,1.0,3,0,0.0,0,0,0.008547008547008548,0.9745053545626612,-0.008547008547008548,4,4,1.0,785,652,0.8305732484076433
hourly,71,2026-06-18 23:00:00+00:00,3,24,351,137,335,0.1,14,13,0.0948905109489051,12,13,0.039886039886039885,0.0008257960559833116,0.05500447106286522,324,209,0.6450617283950617,785,572,0.7286624203821656
hourly,71,2026-06-18 23:00:00+00:00,3,24,351,137,335,0.25,35,22,0.16058394160583941,22,22,0.09971509971509972,9.164818869650121e-09,0.0608688418907397,324,178,0.5493827160493827,785,492,0.6267515923566879
hourly,71,2026-06-18 23:00:00+00:00,3,24,351,137,335,0.5,69,38,0.2773722627737226,37,38,0.19658119658119658,8.214411839843838e-18,0.08079106619252605,324,144,0.4444444444444444,785,377,0.4802547770700637
hourly,71,2026-06-18 23:00:00+00:00,3,24,351,137,335,1.0,137,75,0.5474452554744526,65,84,0.3903133903133903,7.392498442119496e-42,0.15713186516106226,324,43,0.13271604938271606,785,191,0.24331210191082803
hourly,71,2026-06-18 23:00:00+00:00,6,24,351,323,728,0.1,33,33,0.1021671826625387,33,33,0.09401709401709402,0.0,0.008150088645444684,713,434,0.6086956521739131,785,500,0.6369426751592356
hourly,71,2026-06-18 23:00:00+00:00,6,24,351,323,728,0.25,81,79,0.24458204334365324,79,79,0.23076923076923078,0.0,0.013812812574422462,713,292,0.40953716690042075,785,322,0.4101910828025478
hourly,71,2026-06-18 23:00:00+00:00,6,24,351,323,728,0.5,162,153,0.47368421052631576,147,153,0.46153846153846156,0.0,0.012145748987854199,713,135,0.18934081346423562,785,148,0.18853503184713377
hourly,71,2026-06-18 23:00:00+00:00,6,24,351,323,728,1.0,323,301,0.9318885448916409,295,308,0.9202279202279202,0.0,0.011660624663720642,713,4,0.005610098176718092,785,5,0.006369426751592357
hourly,71,2026-06-18 23:00:00+00:00,12,24,351,343,787,0.1,35,35,0.10204081632653061,35,35,0.09971509971509972,0.0,0.0023257166114308975,769,478,0.6215864759427828,785,492,0.6267515923566879
hourly,71,2026-06-18 23:00:00+00:00,12,24,351,343,787,0.25,86,85,0.2478134110787172,85,85,0.245014245014245,0.0,0.002799166064472197,769,314,0.4083224967490247,785,314,0.4
hourly,71,2026-06-18 23:00:00+00:00,12,24,351,343,787,0.5,172,168,0.4897959183673469,167,168,0.49002849002849,0.0,-0.00023257166114309946,769,125,0.1625487646293888,785,125,0.1592356687898089
hourly,71,2026-06-18 23:00:00+00:00,12,24,351,343,787,1.0,343,335,0.9766763848396501,335,338,0.9772079772079773,0.0,-0.0005315923683271162,769,2,0.002600780234070221,785,2,0.0025477707006369425
hourly,72,2026-06-19 00:00:00+00:00,1,24,354,5,16,0.1,1,1,0.2,1,1,0.002824858757062147,0.9858757062146892,0.19717514124293786,7,6,0.8571428571428571,785,704,0.8968152866242038
hourly,72,2026-06-19 00:00:00+00:00,1,24,354,5,16,0.25,2,1,0.2,1,1,0.005649717514124294,0.9719114610841696,0.1943502824858757,7,6,0.8571428571428571,785,670,0.8535031847133758
hourly,72,2026-06-19 00:00:00+00:00,1,24,354,5,16,0.5,3,1,0.2,1,1,0.00847457627118644,0.9581059005574059,0.19152542372881357,7,6,0.8571428571428571,785,653,0.8318471337579618
hourly,72,2026-06-19 00:00:00+00:00,1,24,354,5,16,1.0,5,1,0.2,1,1,0.014124293785310734,0.9309654159506514,0.18587570621468927,7,6,0.8571428571428571,785,636,0.8101910828025478
hourly,72,2026-06-19 00:00:00+00:00,3,24,354,38,131,0.1,4,4,0.10526315789473684,3,4,0.011299435028248588,0.6336418812111423,0.09396372286648824,117,57,0.48717948717948717,785,645,0.821656050955414
hourly,72,2026-06-19 00:00:00+00:00,3,24,354,38,131,0.25,10,5,0.13157894736842105,5,6,0.02824858757062147,0.3162792782307128,0.10333035979779957,117,56,0.47863247863247865,785,588,0.7490445859872611
hourly,72,2026-06-19 00:00:00+00:00,3,24,354,38,131,0.5,19,8,0.21052631578947367,8,8,0.05367231638418079,0.10884107465923233,0.15685399940529288,117,51,0.4358974358974359,785,548,0.6980891719745222
hourly,72,2026-06-19 00:00:00+00:00,3,24,354,38,131,1.0,38,10,0.2631578947368421,10,11,0.10734463276836158,0.010322571153669656,0.1558132619684805,117,41,0.3504273504273504,785,486,0.619108280254777
hourly,72,2026-06-19 00:00:00+00:00,6,24,354,302,672,0.1,31,31,0.10264900662251655,31,31,0.08757062146892655,5.845246325878143e-31,0.015078385153590002,659,399,0.6054628224582701,785,509,0.6484076433121019
hourly,72,2026-06-19 00:00:00+00:00,6,24,354,302,672,0.25,76,72,0.23841059602649006,72,72,0.21468926553672316,0.0,0.023721330489766906,659,281,0.4264036418816389,785,356,0.4535031847133758
hourly,72,2026-06-19 00:00:00+00:00,6,24,354,302,672,0.5,151,138,0.45695364238410596,138,143,0.4265536723163842,0.0,0.03039997006772177,659,139,0.2109256449165402,785,173,0.22038216560509555
hourly,72,2026-06-19 00:00:00+00:00,6,24,354,302,672,1.0,302,266,0.8807947019867549,250,278,0.8531073446327684,0.0,0.02768735735398653,659,18,0.027314112291350532,785,21,0.0267515923566879
hourly,72,2026-06-19 00:00:00+00:00,12,24,354,346,790,0.1,35,35,0.10115606936416185,35,35,0.09887005649717515,0.0,0.0022860128669867086,769,480,0.6241872561768531,785,494,0.6292993630573248
hourly,72,2026-06-19 00:00:00+00:00,12,24,354,346,790,0.25,87,86,0.24855491329479767,86,86,0.2457627118644068,0.0,0.0027922014303908838,769,315,0.4096228868660598,785,315,0.4012738853503185
hourly,72,2026-06-19 00:00:00+00:00,12,24,354,346,790,0.5,173,170,0.4913294797687861,169,170,0.4887005649717514,0.0,0.002628914797034698,769,125,0.1625487646293888,785,125,0.1592356687898089
hourly,72,2026-06-19 00:00:00+00:00,12,24,354,346,790,1.0,346,338,0.976878612716763,338,342,0.9774011299435028,0.0,-0.0005225172267397937,769,2,0.002600780234070221,785,2,0.0025477707006369425
hourly,73,2026-06-19 01:00:00+00:00,1,24,358,9,23,0.1,1,0,0.0,0,0,0.002793296089385475,0.9748603351955307,-0.002793296089385475,14,14,1.0,782,702,0.8976982097186701
hourly,73,2026-06-19 01:00:00+00:00,1,24,358,9,23,0.25,3,2,0.2222222222222222,2,2,0.008379888268156424,0.9262599899039398,0.2138423339540658,14,8,0.5714285714285714,782,651,0.8324808184143222
hourly,73,2026-06-19 01:00:00+00:00,1,24,358,9,23,0.5,5,2,0.2222222222222222,2,2,0.013966480446927373,0.8798253759436085,0.20825574177529482,14,8,0.5714285714285714,782,634,0.8107416879795396
hourly,73,2026-06-19 01:00:00+00:00,1,24,358,9,23,1.0,9,2,0.2222222222222222,2,2,0.025139664804469275,0.793116530492965,0.19708255741775293,14,8,0.5714285714285714,782,594,0.7595907928388747
hourly,73,2026-06-19 01:00:00+00:00,3,24,358,13,37,0.1,2,2,0.15384615384615385,2,2,0.00558659217877095,0.92859490164781,0.1482595616673829,20,14,0.7,782,667,0.8529411764705882
hourly,73,2026-06-19 01:00:00+00:00,3,24,358,13,37,0.25,4,3,0.23076923076923078,3,3,0.0111731843575419,0.8619224049113625,0.2195960464116889,20,13,0.65,782,643,0.8222506393861893
hourly,73,2026-06-19 01:00:00+00:00,3,24,358,13,37,0.5,7,3,0.23076923076923078,3,3,0.019553072625698324,0.7701592454337601,0.21121615814353245,20,13,0.65,782,608,0.7774936061381074
hourly,73,2026-06-19 01:00:00+00:00,3,24,358,13,37,1.0,13,3,0.23076923076923078,3,3,0.036312849162011177,0.6130791038223443,0.19445638160721962,20,13,0.65,782,573,0.7327365728900256
hourly,73,2026-06-19 01:00:00+00:00,6,24,358,249,517,0.1,25,24,0.0963855421686747,24,25,0.06983240223463687,1.4608224925797687e-14,0.026553139934037837,497,322,0.647887323943662,782,533,0.6815856777493606
hourly,73,2026-06-19 01:00:00+00:00,6,24,358,249,517,0.25,63,57,0.2289156626506024,54,57,0.17597765363128492,1.1088425573995328e-40,0.05293800901931747,497,250,0.5030181086519114,782,409,0.5230179028132992
hourly,73,2026-06-19 01:00:00+00:00,6,24,358,249,517,0.5,125,105,0.42168674698795183,97,105,0.34916201117318435,0.0,0.07252473581476748,497,143,0.28772635814889336,782,238,0.30434782608695654
hourly,73,2026-06-19 01:00:00+00:00,6,24,358,249,517,1.0,249,184,0.7389558232931727,163,195,0.6955307262569832,0.0,0.043425097036189464,497,28,0.056338028169014086,782,42,0.05370843989769821
hourly,73,2026-06-19 01:00:00+00:00,12,24,358,350,798,0.1,35,35,0.1,35,35,0.09776536312849161,0.0,0.0022346368715083914,770,482,0.625974025974026,782,493,0.6304347826086957
hourly,73,2026-06-19 01:00:00+00:00,12,24,358,350,798,0.25,88,88,0.25142857142857145,88,88,0.24581005586592178,0.0,0.0056185155626496674,770,315,0.4090909090909091,782,315,0.40281329923273657
hourly,73,2026-06-19 01:00:00+00:00,12,24,358,350,798,0.5,175,173,0.4942857142857143,172,173,0.4888268156424581,0.0,0.00545889864325616,770,126,0.16363636363636364,782,126,0.16112531969309463
hourly,73,2026-06-19 01:00:00+00:00,12,24,358,350,798,1.0,350,342,0.9771428571428571,342,347,0.9776536312849162,0.0,-0.0005107741420591339,770,3,0.003896103896103896,782,3,0.0038363171355498722
hourly,74,2026-06-19 02:00:00+00:00,1,24,360,6,15,0.1,1,0,0.0,0,0,0.002777777777777778,0.9833333333333333,-0.002777777777777778,8,8,1.0,782,704,0.9002557544757033
hourly,74,2026-06-19 02:00:00+00:00,1,24,360,6,15,0.25,2,1,0.16666666666666666,1,1,0.005555555555555556,0.9668987929433612,0.1611111111111111,8,8,1.0,782,669,0.8554987212276215
hourly,74,2026-06-19 02:00:00+00:00,1,24,360,6,15,0.5,3,2,0.3333333333333333,2,2,0.008333333333333333,0.9506937852403998,0.32499999999999996,8,3,0.375,782,651,0.8324808184143222
hourly,74,2026-06-19 02:00:00+00:00,1,24,360,6,15,1.0,6,2,0.3333333333333333,2,2,0.016666666666666666,0.9034303485454988,0.31666666666666665,8,3,0.375,782,622,0.7953964194373402
hourly,74,2026-06-19 02:00:00+00:00,3,24,360,15,45,0.1,2,2,0.13333333333333333,2,2,0.005555555555555556,0.9182915506035283,0.12777777777777777,28,22,0.7857142857142857,782,669,0.8554987212276215
hourly,74,2026-06-19 02:00:00+00:00,3,24,360,15,45,0.25,4,3,0.2,3,3,0.011111111111111112,0.8428486036265707,0.1888888888888889,28,16,0.5714285714285714,782,643,0.8222506393861893
hourly,74,2026-06-19 02:00:00+00:00,3,24,360,15,45,0.5,8,3,0.2,3,3,0.022222222222222223,0.7089946331223077,0.17777777777777778,28,16,0.5714285714285714,782,602,0.7698209718670077
hourly,74,2026-06-19 02:00:00+00:00,3,24,360,15,45,1.0,15,3,0.2,3,3,0.041666666666666664,0.5212974998239327,0.15833333333333335,28,16,0.5714285714285714,782,562,0.7186700767263428
hourly,74,2026-06-19 02:00:00+00:00,6,24,360,148,353,0.1,15,13,0.08783783783783784,13,13,0.041666666666666664,0.00028755966839887846,0.04617117117117118,329,216,0.6565349544072948,782,562,0.7186700767263428
hourly,74,2026-06-19 02:00:00+00:00,6,24,360,148,353,0.25,37,23,0.1554054054054054,23,24,0.10277777777777777,7.466769981146693e-10,0.05262762762762763,329,186,0.5653495440729484,782,489,0.6253196930946292
hourly,74,2026-06-19 02:00:00+00:00,6,24,360,148,353,0.5,74,42,0.28378378378378377,41,44,0.20555555555555555,1.4957823889803812e-20,0.07822822822822822,329,146,0.44376899696048633,782,361,0.4616368286445013
hourly,74,2026-06-19 02:00:00+00:00,6,24,360,148,353,1.0,148,83,0.5608108108108109,79,88,0.4111111111111111,4.43359948783212e-50,0.14969969969969976,329,45,0.13677811550151975,782,187,0.2391304347826087
hourly,74,2026-06-19 02:00:00+00:00,12,24,360,354,801,0.1,36,36,0.1016949152542373,36,36,0.1,0.0,0.0016949152542372892,771,484,0.6277561608300908,782,494,0.6317135549872123
hourly,74,2026-06-19 02:00:00+00:00,12,24,360,354,801,0.25,89,89,0.2514124293785311,89,89,0.24722222222222223,0.0,0.004190207156308856,771,313,0.4059662775616083,782,313,0.40025575447570333
hourly,74,2026-06-19 02:00:00+00:00,12,24,360,354,801,0.5,177,176,0.4971751412429379,175,176,0.49166666666666664,0.0,0.005508474576271238,771,128,0.16601815823605706,782,128,0.1636828644501279
hourly,74,2026-06-19 02:00:00+00:00,12,24,360,354,801,1.0,354,348,0.9830508474576272,348,352,0.9833333333333333,0.0,-0.0002824858757061177,771,2,0.0025940337224383916,782,2,0.0025575447570332483
hourly,75,2026-06-19 03:00:00+00:00,1,24,361,2,5,0.1,1,0,0.0,0,0,0.002770083102493075,0.9944598337950139,-0.002770083102493075,5,5,1.0,782,704,0.9002557544757033
hourly,75,2026-06-19 03:00:00+00:00,1,24,361,2,5,0.25,1,0,0.0,0,0,0.002770083102493075,0.9944598337950139,-0.002770083102493075,5,5,1.0,782,704,0.9002557544757033
hourly,75,2026-06-19 03:00:00+00:00,1,24,361,2,5,0.5,1,0,0.0,0,0,0.002770083102493075,0.9944598337950139,-0.002770083102493075,5,5,1.0,782,704,0.9002557544757033
hourly,75,2026-06-19 03:00:00+00:00,1,24,361,2,5,1.0,2,0,0.0,0,0,0.00554016620498615,0.9889350569405971,-0.00554016620498615,5,5,1.0,782,669,0.8554987212276215
hourly,75,2026-06-19 03:00:00+00:00,3,24,361,14,40,0.1,2,1,0.07142857142857142,1,1,0.00554016620498615,0.9238381040320098,0.06588840522358527,25,19,0.76,782,669,0.8554987212276215
hourly,75,2026-06-19 03:00:00+00:00,3,24,361,14,40,0.25,4,2,0.14285714285714285,2,2,0.0110803324099723,0.853092125756827,0.13177681044717054,25,14,0.56,782,643,0.8222506393861893
hourly,75,2026-06-19 03:00:00+00:00,3,24,361,14,40,0.5,7,2,0.14285714285714285,2,2,0.019390581717451522,0.7563520203014596,0.12346656113969133,25,14,0.56,782,609,0.7787723785166241
hourly,75,2026-06-19 03:00:00+00:00,3,24,361,14,40,1.0,14,2,0.14285714285714285,2,2,0.038781163434903045,0.5688257869249166,0.10407597942223981,25,14,0.56,782,572,0.731457800511509
hourly,75,2026-06-19 03:00:00+00:00,6,24,361,48,153,0.1,5,4,0.08333333333333333,4,4,0.013850415512465374,0.48789245254519087,0.06948291782086796,129,65,0.5038759689922481,782,634,0.8107416879795396
hourly,75,2026-06-19 03:00:00+00:00,6,24,361,48,153,0.25,12,6,0.125,6,7,0.0332409972299169,0.1753813747310173,0.0917590027700831,129,63,0.4883720930232558,782,579,0.7404092071611253
hourly,75,2026-06-19 03:00:00+00:00,6,24,361,48,153,0.5,24,8,0.16666666666666666,8,9,0.0664819944598338,0.02880447310067223,0.10018467220683286,129,59,0.4573643410852713,782,536,0.6854219948849105
hourly,75,2026-06-19 03:00:00+00:00,6,24,361,48,153,1.0,48,13,0.2708333333333333,12,13,0.1329639889196676,0.0006246849643924085,0.13786934441366572,129,40,0.31007751937984496,782,437,0.5588235294117647
hourly,75,2026-06-19 03:00:00+00:00,12,24,361,352,798,0.1,36,36,0.10227272727272728,36,36,0.0997229916897507,0.0,0.002549735582976581,758,466,0.6147757255936676,782,494,0.6317135549872123
hourly,75,2026-06-19 03:00:00+00:00,12,24,361,352,798,0.25,88,88,0.25,88,88,0.24376731301939059,0.0,0.006232686980609414,758,301,0.3970976253298153,782,318,0.40664961636828645
hourly,75,2026-06-19 03:00:00+00:00,12,24,361,352,798,0.5,176,175,0.4971590909090909,175,175,0.48753462603878117,0.0,0.009624464870309712,758,122,0.16094986807387862,782,128,0.1636828644501279
hourly,75,2026-06-19 03:00:00+00:00,12,24,361,352,798,1.0,352,344,0.9772727272727273,343,351,0.9750692520775623,0.0,0.00220347519516495,758,3,0.00395778364116095,782,3,0.0038363171355498722
hourly,76,2026-06-19 04:00:00+00:00,1,24,366,7,14,0.1,1,0,0.0,0,0,0.00273224043715847,0.9808743169398907,-0.00273224043715847,6,6,1.0,808,730,0.9034653465346535
hourly,76,2026-06-19 04:00:00+00:00,1,24,366,7,14,0.25,2,0,0.0,0,0,0.00546448087431694,0.9620630286698106,-0.00546448087431694,6,6,1.0,808,695,0.8601485148514851
hourly,76,2026-06-19 04:00:00+00:00,1,24,366,7,14,0.5,4,0,0.0,0,0,0.01092896174863388,0.9253664096487116,-0.01092896174863388,6,6,1.0,808,668,0.8267326732673267
hourly,76,2026-06-19 04:00:00+00:00,1,24,366,7,14,1.0,7,0,0.0,0,0,0.01912568306010929,0.8725730151414082,-0.01912568306010929,6,6,1.0,808,634,0.7846534653465347
hourly,76,2026-06-19 04:00:00+00:00,3,24,366,13,32,0.1,2,1,0.07692307692307693,1,1,0.00546448087431694,0.9301295007111311,0.07145859604875998,17,17,1.0,808,695,0.8601485148514851
hourly,76,2026-06-19 04:00:00+00:00,3,24,366,13,32,0.25,4,2,0.15384615384615385,2,2,0.01092896174863388,0.8647898250413408,0.14291719209751996,17,17,1.0,808,668,0.8267326732673267
hourly,76,2026-06-19 04:00:00+00:00,3,24,366,13,32,0.5,7,2,0.15384615384615385,2,2,0.01912568306010929,0.7746873130391494,0.13472047078604457,17,17,1.0,808,634,0.7846534653465347
hourly,76,2026-06-19 04:00:00+00:00,3,24,366,13,32,1.0,13,2,0.15384615384615385,2,2,0.03551912568306011,0.6199081994896232,0.11832702816309375,17,17,1.0,808,599,0.7413366336633663
hourly,76,2026-06-19 04:00:00+00:00,6,24,366,24,57,0.1,3,3,0.125,3,3,0.00819672131147541,0.8154250869274449,0.1168032786885246,51,38,0.7450980392156863,808,676,0.8366336633663366
hourly,76,2026-06-19 04:00:00+00:00,6,24,366,24,57,0.25,6,3,0.125,3,3,0.01639344262295082,0.663755251978527,0.10860655737704918,51,38,0.7450980392156863,808,647,0.8007425742574258
hourly,76,2026-06-19 04:00:00+00:00,6,24,366,24,57,0.5,12,3,0.125,3,3,0.03278688524590164,0.4374438241904045,0.09221311475409835,51,38,0.7450980392156863,808,604,0.7475247524752475
hourly,76,2026-06-19 04:00:00+00:00,6,24,366,24,57,1.0,24,4,0.16666666666666666,4,4,0.06557377049180328,0.18579160604815104,0.10109289617486338,51,22,0.43137254901960786,808,543,0.6720297029702971
hourly,76,2026-06-19 04:00:00+00:00,12,24,366,350,786,0.1,35,35,0.1,35,35,0.09562841530054644,0.0,0.004371584699453562,767,463,0.6036505867014341,808,505,0.625
hourly,76,2026-06-19 04:00:00+00:00,12,24,366,350,786,0.25,88,88,0.25142857142857145,88,88,0.24043715846994534,0.0,0.010991412958626101,767,304,0.3963494132985658,808,325,0.40222772277227725
hourly,76,2026-06-19 04:00:00+00:00,12,24,366,350,786,0.5,175,173,0.4942857142857143,170,173,0.4781420765027322,0.0,0.016143637782982057,767,125,0.16297262059973924,808,135,0.1670792079207921
hourly,76,2026-06-19 04:00:00+00:00,12,24,366,350,786,1.0,350,336,0.96,334,345,0.9562841530054644,0.0,0.003715846994535532,767,3,0.003911342894393742,808,3,0.0037128712871287127
hourly,77,2026-06-19 05:00:00+00:00,1,24,364,2,3,0.1,1,0,0.0,0,0,0.0027472527472527475,0.9945054945054945,-0.0027472527472527475,3,3,1.0,806,728,0.9032258064516129
hourly,77,2026-06-19 05:00:00+00:00,1,24,364,2,3,0.25,1,0,0.0,0,0,0.0027472527472527475,0.9945054945054945,-0.0027472527472527475,3,3,1.0,806,728,0.9032258064516129
hourly,77,2026-06-19 05:00:00+00:00,1,24,364,2,3,0.5,1,0,0.0,0,0,0.0027472527472527475,0.9945054945054945,-0.0027472527472527475,3,3,1.0,806,728,0.9032258064516129
hourly,77,2026-06-19 05:00:00+00:00,1,24,364,2,3,1.0,2,0,0.0,0,0,0.005494505494505495,0.9890261253897618,-0.005494505494505495,3,3,1.0,806,693,0.8598014888337469
hourly,77,2026-06-19 05:00:00+00:00,3,24,364,10,20,0.1,1,0,0.0,0,0,0.0027472527472527475,0.9725274725274725,-0.0027472527472527475,12,12,1.0,806,728,0.9032258064516129
hourly,77,2026-06-19 05:00:00+00:00,3,24,364,10,20,0.25,3,0,0.0,0,0,0.008241758241758242,0.9196107759643671,-0.008241758241758242,12,12,1.0,806,674,0.8362282878411911
hourly,77,2026-06-19 05:00:00+00:00,3,24,364,10,20,0.5,5,0,0.0,0,0,0.013736263736263736,0.8692996601048207,-0.013736263736263736,12,12,1.0,806,657,0.815136476426799
hourly,77,2026-06-19 05:00:00+00:00,3,24,364,10,20,1.0,10,0,0.0,0,0,0.027472527472527472,0.7541796453811107,-0.027472527472527472,12,12,1.0,806,610,0.7568238213399504
hourly,77,2026-06-19 05:00:00+00:00,6,24,364,24,57,0.1,3,3,0.125,3,3,0.008241758241758242,0.8144768340649807,0.11675824175824176,52,39,0.75,806,674,0.8362282878411911
hourly,77,2026-06-19 05:00:00+00:00,6,24,364,24,57,0.25,6,3,0.125,3,3,0.016483516483516484,0.6621990758903613,0.10851648351648352,52,39,0.75,806,645,0.8002481389578163
hourly,77,2026-06-19 05:00:00+00:00,6,24,364,24,57,0.5,12,3,0.125,3,3,0.03296703296703297,0.4353590981372685,0.09203296703296704,52,39,0.75,806,602,0.7468982630272953
hourly,77,2026-06-19 05:00:00+00:00,6,24,364,24,57,1.0,24,4,0.16666666666666666,4,4,0.06593406593406594,0.18396086834574804,0.10073260073260072,52,22,0.4230769230769231,806,540,0.6699751861042184
hourly,77,2026-06-19 05:00:00+00:00,12,24,364,341,755,0.1,35,35,0.10263929618768329,35,35,0.09615384615384616,0.0,0.006485450033837131,742,443,0.5970350404312669,806,502,0.6228287841191067
hourly,77,2026-06-19 05:00:00+00:00,12,24,364,341,755,0.25,86,85,0.24926686217008798,85,85,0.23626373626373626,0.0,0.01300312590635172,742,300,0.40431266846361186,806,330,0.4094292803970223
hourly,77,2026-06-19 05:00:00+00:00,12,24,364,341,755,0.5,171,165,0.4838709677419355,160,165,0.4697802197802198,0.0,0.014090747961715722,742,134,0.18059299191374664,806,146,0.18114143920595532
hourly,77,2026-06-19 05:00:00+00:00,12,24,364,341,755,1.0,341,323,0.9472140762463344,318,330,0.9368131868131868,0.0,0.010400889433147542,742,3,0.004043126684636119,806,3,0.0037220843672456576
hourly,78,2026-06-19 06:00:00+00:00,1,24,366,2,5,0.1,1,0,0.0,0,0,0.00273224043715847,0.994535519125683,-0.00273224043715847,3,3,1.0,805,727,0.9031055900621118
hourly,78,2026-06-19 06:00:00+00:00,1,24,366,2,5,0.25,1,0,0.0,0,0,0.00273224043715847,0.994535519125683,-0.00273224043715847,3,3,1.0,805,727,0.9031055900621118
hourly,78,2026-06-19 06:00:00+00:00,1,24,366,2,5,0.5,1,0,0.0,0,0,0.00273224043715847,0.994535519125683,-0.00273224043715847,3,3,1.0,805,727,0.9031055900621118
hourly,78,2026-06-19 06:00:00+00:00,1,24,366,2,5,1.0,2,0,0.0,0,0,0.00546448087431694,0.9890860094318437,-0.00546448087431694,3,3,1.0,805,692,0.8596273291925466
hourly,78,2026-06-19 06:00:00+00:00,3,24,366,11,19,0.1,2,0,0.0,0,0,0.00546448087431694,0.9407141253087806,-0.00546448087431694,9,9,1.0,805,692,0.8596273291925466
hourly,78,2026-06-19 06:00:00+00:00,3,24,366,11,19,0.25,3,0,0.0,0,0,0.00819672131147541,0.9122859511923065,-0.00819672131147541,9,9,1.0,805,674,0.8372670807453416
hourly,78,2026-06-19 06:00:00+00:00,3,24,366,11,19,0.5,6,0,0.0,0,0,0.01639344262295082,0.8316228502237899,-0.01639344262295082,9,9,1.0,805,645,0.8012422360248447
hourly,78,2026-06-19 06:00:00+00:00,3,24,366,11,19,1.0,11,0,0.0,0,0,0.030054644808743168,0.7114715907564524,-0.030054644808743168,9,9,1.0,805,605,0.7515527950310559
hourly,78,2026-06-19 06:00:00+00:00,6,24,366,24,54,0.1,3,2,0.08333333333333333,2,2,0.00819672131147541,0.8154250869274449,0.07513661202185792,26,22,0.8461538461538461,805,674,0.8372670807453416
hourly,78,2026-06-19 06:00:00+00:00,6,24,366,24,54,0.25,6,2,0.08333333333333333,2,2,0.01639344262295082,0.663755251978527,0.0669398907103825,26,22,0.8461538461538461,805,645,0.8012422360248447
hourly,78,2026-06-19 06:00:00+00:00,6,24,366,24,54,0.5,12,2,0.08333333333333333,2,2,0.03278688524590164,0.4374438241904045,0.05054644808743169,26,22,0.8461538461538461,805,602,0.7478260869565218
hourly,78,2026-06-19 06:00:00+00:00,6,24,366,24,54,1.0,24,3,0.125,3,3,0.06557377049180328,0.18579160604815104,0.05942622950819672,26,14,0.5384615384615384,805,540,0.6708074534161491
hourly,78,2026-06-19 06:00:00+00:00,12,24,366,319,697,0.1,32,32,0.10031347962382445,32,32,0.08743169398907104,7.429783960510663e-35,0.01288178563475341,688,410,0.5959302325581395,805,513,0.6372670807453417
hourly,78,2026-06-19 06:00:00+00:00,12,24,366,319,697,0.25,80,77,0.2413793103448276,77,77,0.2185792349726776,0.0,0.022800075372150008,688,285,0.41424418604651164,805,345,0.42857142857142855
hourly,78,2026-06-19 06:00:00+00:00,12,24,366,319,697,0.5,160,149,0.4670846394984326,148,149,0.4371584699453552,0.0,0.02992616955307742,688,132,0.19186046511627908,805,165,0.20496894409937888
hourly,78,2026-06-19 06:00:00+00:00,12,24,366,319,697,1.0,319,285,0.8934169278996865,272,298,0.8715846994535519,0.0,0.02183222844613464,688,18,0.02616279069767442,805,21,0.02608695652173913
hourly,79,2026-06-19 07:00:00+00:00,3,24,366,5,11,0.1,1,0,0.0,0,0,0.00273224043715847,0.9863387978142076,-0.00273224043715847,4,4,1.0,803,725,0.9028642590286425
hourly,79,2026-06-19 07:00:00+00:00,3,24,366,5,11,0.25,2,0,0.0,0,0,0.00546448087431694,0.9728273074331911,-0.00546448087431694,4,4,1.0,803,690,0.8592777085927771
hourly,79,2026-06-19 07:00:00+00:00,3,24,366,5,11,0.5,3,0,0.0,0,0,0.00819672131147541,0.9594642949684494,-0.00819672131147541,4,4,1.0,803,672,0.8368617683686177
hourly,79,2026-06-19 07:00:00+00:00,3,24,366,5,11,1.0,5,0,0.0,0,0,0.01366120218579235,0.9331788022064262,-0.01366120218579235,4,4,1.0,803,655,0.8156911581569116
hourly,79,2026-06-19 07:00:00+00:00,6,24,366,18,37,0.1,2,1,0.05555555555555555,1,1,0.00546448087431694,0.9039299348753649,0.05009107468123861,19,19,1.0,803,690,0.8592777085927771
hourly,79,2026-06-19 07:00:00+00:00,6,24,366,18,37,0.25,5,2,0.1111111111111111,2,2,0.01366120218579235,0.7760180556127464,0.09744990892531875,19,19,1.0,803,655,0.8156911581569116
hourly,79,2026-06-19 07:00:00+00:00,6,24,366,18,37,0.5,9,2,0.1111111111111111,2,2,0.02459016393442623,0.6318851809343198,0.08652094717668488,19,19,1.0,803,616,0.7671232876712328
hourly,79,2026-06-19 07:00:00+00:00,6,24,366,18,37,1.0,18,2,0.1111111111111111,2,2,0.04918032786885246,0.394509573033364,0.06193078324225865,19,19,1.0,803,568,0.7073474470734745
hourly,79,2026-06-19 07:00:00+00:00,12,24,366,263,536,0.1,27,26,0.09885931558935361,26,27,0.07377049180327869,8.57582161133132e-17,0.025088823786074924,526,332,0.6311787072243346,803,532,0.6625155666251556
hourly,79,2026-06-19 07:00:00+00:00,12,24,366,263,536,0.25,66,59,0.22433460076045628,57,60,0.18032786885245902,2.3966375411329948e-46,0.044006731907997254,526,257,0.48859315589353614,803,394,0.49066002490660027
hourly,79,2026-06-19 07:00:00+00:00,12,24,366,263,536,0.5,132,112,0.42585551330798477,105,113,0.36065573770491804,0.0,0.06519977560306672,526,142,0.26996197718631176,803,232,0.2889165628891656
hourly,79,2026-06-19 07:00:00+00:00,12,24,366,263,536,1.0,263,198,0.752851711026616,167,212,0.7185792349726776,0.0,0.03427247605393835,526,21,0.039923954372623575,803,27,0.033623910336239106
hourly,80,2026-06-19 08:00:00+00:00,1,24,364,2,5,0.1,1,0,0.0,0,0,0.0027472527472527475,0.9945054945054945,-0.0027472527472527475,3,3,1.0,803,725,0.9028642590286425
hourly,80,2026-06-19 08:00:00+00:00,1,24,364,2,5,0.25,1,0,0.0,0,0,0.0027472527472527475,0.9945054945054945,-0.0027472527472527475,3,3,1.0,803,725,0.9028642590286425
hourly,80,2026-06-19 08:00:00+00:00,1,24,364,2,5,0.5,1,0,0.0,0,0,0.0027472527472527475,0.9945054945054945,-0.0027472527472527475,3,3,1.0,803,725,0.9028642590286425
hourly,80,2026-06-19 08:00:00+00:00,1,24,364,2,5,1.0,2,0,0.0,0,0,0.005494505494505495,0.9890261253897618,-0.005494505494505495,3,3,1.0,803,690,0.8592777085927771
hourly,80,2026-06-19 08:00:00+00:00,3,24,364,3,9,0.1,1,0,0.0,0,0,0.0027472527472527475,0.9917582417582418,-0.0027472527472527475,6,6,1.0,803,725,0.9028642590286425
hourly,80,2026-06-19 08:00:00+00:00,3,24,364,3,9,0.25,1,0,0.0,0,0,0.0027472527472527475,0.9917582417582418,-0.0027472527472527475,6,6,1.0,803,725,0.9028642590286425
hourly,80,2026-06-19 08:00:00+00:00,3,24,364,3,9,0.5,2,0,0.0,0,0,0.005494505494505495,0.9835618926528017,-0.005494505494505495,6,6,1.0,803,690,0.8592777085927771
hourly,80,2026-06-19 08:00:00+00:00,3,24,364,3,9,1.0,3,0,0.0,0,0,0.008241758241758242,0.9754108272440769,-0.008241758241758242,6,6,1.0,803,672,0.8368617683686177
hourly,80,2026-06-19 08:00:00+00:00,6,24,364,13,24,0.1,2,0,0.0,0,0,0.005494505494505495,0.9297520661157025,-0.005494505494505495,13,13,1.0,803,690,0.8592777085927771
hourly,80,2026-06-19 08:00:00+00:00,6,24,364,13,24,0.25,4,0,0.0,0,0,0.01098901098901099,0.864084173290004,-0.01098901098901099,13,13,1.0,803,664,0.8268991282689913
hourly,80,2026-06-19 08:00:00+00:00,6,24,364,13,24,0.5,7,0,0.0,0,0,0.019230769230769232,0.7735720026893977,-0.019230769230769232,13,13,1.0,803,630,0.7845579078455791
hourly,80,2026-06-19 08:00:00+00:00,6,24,364,13,24,1.0,13,0,0.0,0,0,0.03571428571428571,0.6182230710058603,-0.03571428571428571,13,13,1.0,803,595,0.7409713574097135
hourly,80,2026-06-19 08:00:00+00:00,12,24,364,159,368,0.1,16,14,0.0880503144654088,13,14,0.04395604395604396,7.848892074553228e-05,0.04409427050936484,356,241,0.6769662921348315,803,580,0.7222914072229141
hourly,80,2026-06-19 08:00:00+00:00,12,24,364,159,368,0.25,40,25,0.15723270440251572,23,27,0.10989010989010989,1.6680022353928025e-11,0.04734259451240583,356,189,0.5308988764044944,803,485,0.6039850560398505
hourly,80,2026-06-19 08:00:00+00:00,12,24,364,159,368,0.5,80,47,0.29559748427672955,47,49,0.21978021978021978,2.2425402075267995e-24,0.07581726449650977,356,137,0.3848314606741573,803,345,0.42963885429638854
hourly,80,2026-06-19 08:00:00+00:00,12,24,364,159,368,1.0,159,92,0.5786163522012578,91,92,0.4368131868131868,1.952586516412926e-61,0.14180316538807103,356,32,0.0898876404494382,803,165,0.2054794520547945
hourly,81,2026-06-19 09:00:00+00:00,1,24,366,2,5,0.1,1,0,0.0,0,0,0.00273224043715847,0.994535519125683,-0.00273224043715847,3,3,1.0,804,726,0.9029850746268657
hourly,81,2026-06-19 09:00:00+00:00,1,24,366,2,5,0.25,1,0,0.0,0,0,0.00273224043715847,0.994535519125683,-0.00273224043715847,3,3,1.0,804,726,0.9029850746268657
hourly,81,2026-06-19 09:00:00+00:00,1,24,366,2,5,0.5,1,0,0.0,0,0,0.00273224043715847,0.994535519125683,-0.00273224043715847,3,3,1.0,804,726,0.9029850746268657
hourly,81,2026-06-19 09:00:00+00:00,1,24,366,2,5,1.0,2,0,0.0,0,0,0.00546448087431694,0.9890860094318437,-0.00546448087431694,3,3,1.0,804,691,0.8594527363184079
hourly,81,2026-06-19 09:00:00+00:00,3,24,366,3,11,0.1,1,0,0.0,0,0,0.00273224043715847,0.9918032786885246,-0.00273224043715847,7,7,1.0,804,726,0.9029850746268657
hourly,81,2026-06-19 09:00:00+00:00,3,24,366,3,11,0.25,1,0,0.0,0,0,0.00273224043715847,0.9918032786885246,-0.00273224043715847,7,7,1.0,804,726,0.9029850746268657
hourly,81,2026-06-19 09:00:00+00:00,3,24,366,3,11,0.5,2,0,0.0,0,0,0.00546448087431694,0.9836514709184819,-0.00546448087431694,7,7,1.0,804,691,0.8594527363184079
hourly,81,2026-06-19 09:00:00+00:00,3,24,366,3,11,1.0,3,0,0.0,0,0,0.00819672131147541,0.9755444533010219,-0.00819672131147541,7,7,1.0,804,673,0.8370646766169154
hourly,81,2026-06-19 09:00:00+00:00,6,24,366,14,26,0.1,2,0,0.0,0,0,0.00546448087431694,0.9248596451830227,-0.00546448087431694,19,19,1.0,804,691,0.8594527363184079
hourly,81,2026-06-19 09:00:00+00:00,6,24,366,14,26,0.25,4,0,0.0,0,0,0.01092896174863388,0.8549905069105608,-0.01092896174863388,19,19,1.0,804,665,0.8271144278606966
hourly,81,2026-06-19 09:00:00+00:00,6,24,366,14,26,0.5,7,0,0.0,0,0,0.01912568306010929,0.7593252416757669,-0.01912568306010929,19,19,1.0,804,631,0.7848258706467661
hourly,81,2026-06-19 09:00:00+00:00,6,24,366,14,26,1.0,14,0,0.0,0,0,0.03825136612021858,0.5733985432286107,-0.03825136612021858,19,19,1.0,804,594,0.7388059701492538
hourly,81,2026-06-19 09:00:00+00:00,12,24,366,61,171,0.1,7,4,0.06557377049180328,4,4,0.01912568306010929,0.27585553428595494,0.04644808743169399,158,93,0.5886075949367089,804,631,0.7848258706467661
hourly,81,2026-06-19 09:00:00+00:00,12,24,366,61,171,0.25,16,7,0.11475409836065574,7,8,0.04371584699453552,0.05054813551461863,0.07103825136612021,158,88,0.5569620253164557,804,581,0.722636815920398
hourly,81,2026-06-19 09:00:00+00:00,12,24,366,61,171,0.5,31,10,0.16393442622950818,9,11,0.08469945355191257,0.0026778245292300665,0.07923497267759562,158,58,0.3670886075949367,804,514,0.6393034825870647
hourly,81,2026-06-19 09:00:00+00:00,12,24,366,61,171,1.0,61,16,0.26229508196721313,15,18,0.16666666666666666,4.726738929681074e-06,0.09562841530054647,158,39,0.2468354430379747,804,412,0.5124378109452736
hourly,82,2026-06-19 10:00:00+00:00,1,24,368,2,5,0.1,1,0,0.0,0,0,0.002717391304347826,0.9945652173913043,-0.002717391304347826,5,5,1.0,806,728,0.9032258064516129
hourly,82,2026-06-19 10:00:00+00:00,1,24,368,2,5,0.25,1,0,0.0,0,0,0.002717391304347826,0.9945652173913043,-0.002717391304347826,5,5,1.0,806,728,0.9032258064516129
hourly,82,2026-06-19 10:00:00+00:00,1,24,368,2,5,0.5,1,0,0.0,0,0,0.002717391304347826,0.9945652173913043,-0.002717391304347826,5,5,1.0,806,728,0.9032258064516129
hourly,82,2026-06-19 10:00:00+00:00,1,24,368,2,5,1.0,2,0,0.0,0,0,0.005434782608695652,0.989145243454567,-0.005434782608695652,5,5,1.0,806,693,0.8598014888337469
hourly,82,2026-06-19 10:00:00+00:00,3,24,368,4,15,0.1,1,0,0.0,0,0,0.002717391304347826,0.9891304347826086,-0.002717391304347826,10,10,1.0,806,728,0.9032258064516129
hourly,82,2026-06-19 10:00:00+00:00,3,24,368,4,15,0.25,1,0,0.0,0,0,0.002717391304347826,0.9891304347826086,-0.002717391304347826,10,10,1.0,806,728,0.9032258064516129
hourly,82,2026-06-19 10:00:00+00:00,3,24,368,4,15,0.5,2,0,0.0,0,0,0.005434782608695652,0.9783497215969672,-0.005434782608695652,10,10,1.0,806,693,0.8598014888337469
hourly,82,2026-06-19 10:00:00+00:00,3,24,368,4,15,1.0,4,0,0.0,0,0,0.010869565217391304,0.9570529105302408,-0.010869565217391304,10,10,1.0,806,667,0.8275434243176178
hourly,82,2026-06-19 10:00:00+00:00,6,24,368,8,22,0.1,1,0,0.0,0,0,0.002717391304347826,0.9782608695652174,-0.002717391304347826,16,16,1.0,806,728,0.9032258064516129
hourly,82,2026-06-19 10:00:00+00:00,6,24,368,8,22,0.25,2,0,0.0,0,0,0.005434782608695652,0.9569363819452672,-0.005434782608695652,16,16,1.0,806,693,0.8598014888337469
hourly,82,2026-06-19 10:00:00+00:00,6,24,368,8,22,0.5,4,0,0.0,0,0,0.010869565217391304,0.9155042385724741,-0.010869565217391304,16,16,1.0,806,667,0.8275434243176178
hourly,82,2026-06-19 10:00:00+00:00,6,24,368,8,22,1.0,8,0,0.0,0,0,0.021739130434782608,0.8373227606498526,-0.021739130434782608,16,16,1.0,806,626,0.7766749379652605
hourly,82,2026-06-19 10:00:00+00:00,12,24,368,32,69,0.1,4,3,0.09375,3,3,0.010869565217391304,0.6938841255639168,0.0828804347826087,57,44,0.7719298245614035,806,667,0.8275434243176178
hourly,82,2026-06-19 10:00:00+00:00,12,24,368,32,69,0.25,8,3,0.09375,3,3,0.021739130434782608,0.47944532269066636,0.07201086956521739,57,44,0.7719298245614035,806,626,0.7766749379652605
hourly,82,2026-06-19 10:00:00+00:00,12,24,368,32,69,0.5,16,4,0.125,4,4,0.043478260869565216,0.22592566520220028,0.08152173913043478,57,22,0.38596491228070173,806,562,0.6972704714640199
hourly,82,2026-06-19 10:00:00+00:00,12,24,368,32,69,1.0,32,4,0.125,4,4,0.08695652173913043,0.04746837028231611,0.03804347826086957,57,22,0.38596491228070173,806,509,0.6315136476426799
hourly,83,2026-06-19 11:00:00+00:00,1,24,369,1,6,0.1,1,0,0.0,0,0,0.0027100271002710027,0.997289972899729,-0.0027100271002710027,6,6,1.0,806,728,0.9032258064516129
hourly,83,2026-06-19 11:00:00+00:00,1,24,369,1,6,0.25,1,0,0.0,0,0,0.0027100271002710027,0.997289972899729,-0.0027100271002710027,6,6,1.0,806,728,0.9032258064516129
hourly,83,2026-06-19 11:00:00+00:00,1,24,369,1,6,0.5,1,0,0.0,0,0,0.0027100271002710027,0.997289972899729,-0.0027100271002710027,6,6,1.0,806,728,0.9032258064516129
hourly,83,2026-06-19 11:00:00+00:00,1,24,369,1,6,1.0,1,0,0.0,0,0,0.0027100271002710027,0.997289972899729,-0.0027100271002710027,6,6,1.0,806,728,0.9032258064516129
hourly,83,2026-06-19 11:00:00+00:00,3,24,369,6,16,0.1,1,0,0.0,0,0,0.0027100271002710027,0.983739837398374,-0.0027100271002710027,11,11,1.0,806,728,0.9032258064516129
hourly,83,2026-06-19 11:00:00+00:00,3,24,369,6,16,0.25,2,0,0.0,0,0,0.005420054200542005,0.9677006009190526,-0.005420054200542005,11,11,1.0,806,693,0.8598014888337469
hourly,83,2026-06-19 11:00:00+00:00,3,24,369,6,16,0.5,3,0,0.0,0,0,0.008130081300813009,0.9518798826478965,-0.008130081300813009,11,11,1.0,806,675,0.8374689826302729
hourly,83,2026-06-19 11:00:00+00:00,3,24,369,6,16,1.0,6,0,0.0,0,0,0.016260162601626018,0.9057050533484498,-0.016260162601626018,11,11,1.0,806,646,0.8014888337468983
hourly,83,2026-06-19 11:00:00+00:00,6,24,369,7,23,0.1,1,0,0.0,0,0,0.0027100271002710027,0.981029810298103,-0.0027100271002710027,17,17,1.0,806,728,0.9032258064516129
hourly,83,2026-06-19 11:00:00+00:00,6,24,369,7,23,0.25,2,0,0.0,0,0,0.005420054200542005,0.9623689171674326,-0.005420054200542005,17,17,1.0,806,693,0.8598014888337469
hourly,83,2026-06-19 11:00:00+00:00,6,24,369,7,23,0.5,4,0,0.0,0,0,0.01084010840108401,0.9259582112737972,-0.01084010840108401,17,17,1.0,806,667,0.8275434243176178
hourly,83,2026-06-19 11:00:00+00:00,6,24,369,7,23,1.0,7,0,0.0,0,0,0.018970189701897018,0.8735580192622027,-0.018970189701897018,17,17,1.0,806,633,0.7853598014888338
hourly,83,2026-06-19 11:00:00+00:00,12,24,369,32,70,0.1,4,3,0.09375,3,3,0.01084010840108401,0.6946069391748625,0.08290989159891599,59,46,0.7796610169491526,806,667,0.8275434243176178
hourly,83,2026-06-19 11:00:00+00:00,12,24,369,32,70,0.25,8,3,0.09375,3,3,0.02168021680216802,0.4804563358010099,0.07206978319783197,59,46,0.7796610169491526,806,626,0.7766749379652605
hourly,83,2026-06-19 11:00:00+00:00,12,24,369,32,70,0.5,16,4,0.125,4,4,0.04336043360433604,0.22690223689620806,0.08163956639566396,59,22,0.3728813559322034,806,560,0.6947890818858561
hourly,83,2026-06-19 11:00:00+00:00,12,24,369,32,70,1.0,32,4,0.125,4,4,0.08672086720867209,0.047900265179193734,0.03827913279132791,59,22,0.3728813559322034,806,507,0.6290322580645161
hourly,84,2026-06-19 12:00:00+00:00,3,24,370,6,12,0.1,1,0,0.0,0,0,0.002702702702702703,0.9837837837837838,-0.002702702702702703,9,9,1.0,806,728,0.9032258064516129
hourly,84,2026-06-19 12:00:00+00:00,3,24,370,6,12,0.25,2,0,0.0,0,0,0.005405405405405406,0.9677872994946166,-0.005405405405405406,9,9,1.0,806,693,0.8598014888337469
hourly,84,2026-06-19 12:00:00+00:00,3,24,370,6,12,0.5,3,0,0.0,0,0,0.008108108108108109,0.952008158741987,-0.008108108108108109,9,9,1.0,806,675,0.8374689826302729
hourly,84,2026-06-19 12:00:00+00:00,3,24,370,6,12,1.0,6,0,0.0,0,0,0.016216216216216217,0.9059512060128054,-0.016216216216216217,9,9,1.0,806,646,0.8014888337468983
hourly,84,2026-06-19 12:00:00+00:00,6,24,370,8,20,0.1,1,0,0.0,0,0,0.002702702702702703,0.9783783783783784,-0.002702702702702703,15,15,1.0,806,728,0.9032258064516129
hourly,84,2026-06-19 12:00:00+00:00,6,24,370,8,20,0.25,2,0,0.0,0,0,0.005405405405405406,0.9571669230205816,-0.005405405405405406,15,15,1.0,806,693,0.8598014888337469
hourly,84,2026-06-19 12:00:00+00:00,6,24,370,8,20,0.5,4,0,0.0,0,0,0.010810810810810811,0.9159478522329993,-0.010810810810810811,15,15,1.0,806,667,0.8275434243176178
hourly,84,2026-06-19 12:00:00+00:00,6,24,370,8,20,1.0,8,0,0.0,0,0,0.021621621621621623,0.838143504967789,-0.021621621621621623,15,15,1.0,806,626,0.7766749379652605
hourly,84,2026-06-19 12:00:00+00:00,12,24,370,31,66,0.1,4,2,0.06451612903225806,2,2,0.010810810810810811,0.7036287942902291,0.05370531822144725,29,29,1.0,806,667,0.8275434243176178
hourly,84,2026-06-19 12:00:00+00:00,12,24,370,31,66,0.25,8,2,0.06451612903225806,2,2,0.021621621621621623,0.4931002652099828,0.04289450741063644,29,29,1.0,806,626,0.7766749379652605
hourly,84,2026-06-19 12:00:00+00:00,12,24,370,31,66,0.5,16,3,0.0967741935483871,3,3,0.043243243243243246,0.23916538303264792,0.05353095030514385,29,14,0.4827586206896552,806,560,0.6947890818858561
hourly,84,2026-06-19 12:00:00+00:00,12,24,370,31,66,1.0,31,3,0.0967741935483871,3,3,0.08378378378378379,0.05874331786439293,0.012990409764603306,29,14,0.4827586206896552,806,512,0.6352357320099256
hourly,85,2026-06-19 13:00:00+00:00,1,24,379,9,23,0.1,1,0,0.0,0,0,0.002638522427440633,0.9762532981530343,-0.002638522427440633,6,6,1.0,809,731,0.9035846724351051
hourly,85,2026-06-19 13:00:00+00:00,1,24,379,9,23,0.25,3,0,0.0,0,0,0.0079155672823219,0.9302582899161919,-0.0079155672823219,6,6,1.0,809,678,0.8380716934487021
hourly,85,2026-06-19 13:00:00+00:00,1,24,379,9,23,0.5,5,0,0.0,0,0,0.013192612137203167,0.8861996738873952,-0.013192612137203167,6,6,1.0,809,661,0.8170580964153276
hourly,85,2026-06-19 13:00:00+00:00,1,24,379,9,23,1.0,9,0,0.0,0,0,0.023746701846965697,0.8036070646438873,-0.023746701846965697,6,6,1.0,809,622,0.7688504326328801
hourly,85,2026-06-19 13:00:00+00:00,3,24,379,12,30,0.1,2,0,0.0,0,0,0.005277044854881266,0.9375968505256104,-0.005277044854881266,11,11,1.0,809,696,0.8603213844252163
hourly,85,2026-06-19 13:00:00+00:00,3,24,379,12,30,0.25,3,0,0.0,0,0,0.0079155672823219,0.9077529189438934,-0.0079155672823219,11,11,1.0,809,678,0.8380716934487021
hourly,85,2026-06-19 13:00:00+00:00,3,24,379,12,30,0.5,6,0,0.0,0,0,0.0158311345646438,0.8233671169320328,-0.0158311345646438,11,11,1.0,809,649,0.8022249690976514
hourly,85,2026-06-19 13:00:00+00:00,3,24,379,12,30,1.0,12,1,0.08333333333333333,1,1,0.0316622691292876,0.6757675295865077,0.05167106420404573,11,6,0.5454545454545454,809,580,0.7169344870210136
hourly,85,2026-06-19 13:00:00+00:00,6,24,379,17,36,0.1,2,0,0.0,0,0,0.005277044854881266,0.9121888567798858,-0.005277044854881266,17,17,1.0,809,696,0.8603213844252163
hourly,85,2026-06-19 13:00:00+00:00,6,24,379,17,36,0.25,5,0,0.0,0,0,0.013192612137203167,0.7939703341118426,-0.013192612137203167,17,17,1.0,809,661,0.8170580964153276
hourly,85,2026-06-19 13:00:00+00:00,6,24,379,17,36,0.5,9,0,0.0,0,0,0.023746701846965697,0.6586532231746866,-0.023746701846965697,17,17,1.0,809,622,0.7688504326328801
hourly,85,2026-06-19 13:00:00+00:00,6,24,379,17,36,1.0,17,1,0.058823529411764705,1,1,0.044854881266490766,0.45043866630190615,0.013968648145273939,17,8,0.47058823529411764,809,557,0.688504326328801
hourly,85,2026-06-19 13:00:00+00:00,12,24,379,33,63,0.1,4,2,0.06060606060606061,2,2,0.010554089709762533,0.6935656111964774,0.05005197089629808,28,28,1.0,809,670,0.8281829419035847
hourly,85,2026-06-19 13:00:00+00:00,12,24,379,33,63,0.25,9,2,0.06060606060606061,2,2,0.023746701846965697,0.4364503045548025,0.03685935875909491,28,28,1.0,809,622,0.7688504326328801
hourly,85,2026-06-19 13:00:00+00:00,12,24,379,33,63,0.5,17,3,0.09090909090909091,3,3,0.044854881266490766,0.2051613613486485,0.046054209642600145,28,11,0.39285714285714285,809,557,0.688504326328801
hourly,85,2026-06-19 13:00:00+00:00,12,24,379,33,63,1.0,33,3,0.09090909090909091,3,3,0.0870712401055409,0.042954091631695564,0.003837850803550008,28,11,0.39285714285714285,809,504,0.622991347342398
hourly,86,2026-06-19 14:00:00+00:00,1,24,376,2,4,0.1,1,0,0.0,0,0,0.0026595744680851063,0.9946808510638298,-0.0026595744680851063,4,4,1.0,782,704,0.9002557544757033
hourly,86,2026-06-19 14:00:00+00:00,1,24,376,2,4,0.25,1,0,0.0,0,0,0.0026595744680851063,0.9946808510638298,-0.0026595744680851063,4,4,1.0,782,704,0.9002557544757033
hourly,86,2026-06-19 14:00:00+00:00,1,24,376,2,4,0.5,1,0,0.0,0,0,0.0026595744680851063,0.9946808510638298,-0.0026595744680851063,4,4,1.0,782,704,0.9002557544757033
hourly,86,2026-06-19 14:00:00+00:00,1,24,376,2,4,1.0,2,0,0.0,0,0,0.005319148936170213,0.9893758865248227,-0.005319148936170213,4,4,1.0,782,669,0.8554987212276215
hourly,86,2026-06-19 14:00:00+00:00,3,24,376,10,18,0.1,1,0,0.0,0,0,0.0026595744680851063,0.973404255319149,-0.0026595744680851063,7,7,1.0,782,704,0.9002557544757033
hourly,86,2026-06-19 14:00:00+00:00,3,24,376,10,18,0.25,3,0,0.0,0,0,0.007978723404255319,0.9221140061440437,-0.007978723404255319,7,7,1.0,782,651,0.8324808184143222
hourly,86,2026-06-19 14:00:00+00:00,3,24,376,10,18,0.5,5,0,0.0,0,0,0.013297872340425532,0.8732689980351424,-0.013297872340425532,7,7,1.0,782,634,0.8107416879795396
hourly,86,2026-06-19 14:00:00+00:00,3,24,376,10,18,1.0,10,0,0.0,0,0,0.026595744680851064,0.7611803243924475,-0.026595744680851064,7,7,1.0,782,587,0.7506393861892583
hourly,86,2026-06-19 14:00:00+00:00,6,24,376,17,26,0.1,2,0,0.0,0,0,0.005319148936170213,0.9115035460992907,-0.005319148936170213,7,7,1.0,782,669,0.8554987212276215
hourly,86,2026-06-19 14:00:00+00:00,6,24,376,17,26,0.25,5,0,0.0,0,0,0.013297872340425532,0.7924676742157574,-0.013297872340425532,7,7,1.0,782,634,0.8107416879795396
hourly,86,2026-06-19 14:00:00+00:00,6,24,376,17,26,0.5,9,0,0.0,0,0,0.023936170212765957,0.6563862648072024,-0.023936170212765957,7,7,1.0,782,595,0.7608695652173914
hourly,86,2026-06-19 14:00:00+00:00,6,24,376,17,26,1.0,17,0,0.0,0,0,0.04521276595744681,0.44744858105785773,-0.04521276595744681,7,7,1.0,782,551,0.7046035805626598
hourly,86,2026-06-19 14:00:00+00:00,12,24,376,29,42,0.1,3,0,0.0,0,0,0.007978723404255319,0.7854778700648538,-0.007978723404255319,9,9,1.0,782,651,0.8324808184143222
hourly,86,2026-06-19 14:00:00+00:00,12,24,376,29,42,0.25,8,0,0.0,0,0,0.02127659574468085,0.5228681005913868,-0.02127659574468085,9,9,1.0,782,602,0.7698209718670077
hourly,86,2026-06-19 14:00:00+00:00,12,24,376,29,42,0.5,15,0,0.0,0,0,0.0398936170212766,0.2928928831227572,-0.0398936170212766,9,9,1.0,782,560,0.7161125319693095
hourly,86,2026-06-19 14:00:00+00:00,12,24,376,29,42,1.0,29,0,0.0,0,0,0.07712765957446809,0.08865886805310212,-0.07712765957446809,9,9,1.0,782,517,0.6611253196930946
frozen,0,2026-06-19 14:05:02+00:00,1,24,376,3,5,0.1,1,0,0.0,0,0,0.0026595744680851063,0.9920212765957447,-0.0026595744680851063,5,5,1.0,782,704,0.9002557544757033
frozen,0,2026-06-19 14:05:02+00:00,1,24,376,3,5,0.25,1,0,0.0,0,0,0.0026595744680851063,0.9920212765957447,-0.0026595744680851063,5,5,1.0,782,704,0.9002557544757033
frozen,0,2026-06-19 14:05:02+00:00,1,24,376,3,5,0.5,2,0,0.0,0,0,0.005319148936170213,0.9840851063829787,-0.005319148936170213,5,5,1.0,782,669,0.8554987212276215
frozen,0,2026-06-19 14:05:02+00:00,1,24,376,3,5,1.0,3,0,0.0,0,0,0.007978723404255319,0.9761913755831153,-0.007978723404255319,5,5,1.0,782,651,0.8324808184143222
frozen,0,2026-06-19 14:05:02+00:00,3,24,376,11,19,0.1,2,0,0.0,0,0,0.005319148936170213,0.9422695035460993,-0.005319148936170213,8,8,1.0,782,669,0.8554987212276215
frozen,0,2026-06-19 14:05:02+00:00,3,24,376,11,19,0.25,3,0,0.0,0,0,0.007978723404255319,0.9145556946182728,-0.007978723404255319,8,8,1.0,782,651,0.8324808184143222
frozen,0,2026-06-19 14:05:02+00:00,3,24,376,11,19,0.5,6,0,0.0,0,0,0.015957446808510637,0.835800737812787,-0.015957446808510637,8,8,1.0,782,622,0.7953964194373402
frozen,0,2026-06-19 14:05:02+00:00,3,24,376,11,19,1.0,11,0,0.0,0,0,0.02925531914893617,0.71813109824657,-0.02925531914893617,8,8,1.0,782,582,0.7442455242966752
frozen,0,2026-06-19 14:05:02+00:00,6,24,376,18,27,0.1,2,0,0.0,0,0,0.005319148936170213,0.9064255319148936,-0.005319148936170213,8,8,1.0,782,669,0.8554987212276215
frozen,0,2026-06-19 14:05:02+00:00,6,24,376,18,27,0.25,5,0,0.0,0,0,0.013297872340425532,0.7814305199787691,-0.013297872340425532,8,8,1.0,782,634,0.8107416879795396
frozen,0,2026-06-19 14:05:02+00:00,6,24,376,18,27,0.5,9,0,0.0,0,0,0.023936170212765957,0.6399308988371054,-0.023936170212765957,8,8,1.0,782,595,0.7608695652173914
frozen,0,2026-06-19 14:05:02+00:00,6,24,376,18,27,1.0,18,0,0.0,0,0,0.047872340425531915,0.40488783001473827,-0.047872340425531915,8,8,1.0,782,545,0.69693094629156
frozen,0,2026-06-19 14:05:02+00:00,12,24,376,30,43,0.1,3,0,0.0,0,0,0.007978723404255319,0.7786869951075208,-0.007978723404255319,9,9,1.0,782,651,0.8324808184143222
frozen,0,2026-06-19 14:05:02+00:00,12,24,376,30,43,0.25,8,0,0.0,0,0,0.02127659574468085,0.5108135046123347,-0.02127659574468085,9,9,1.0,782,602,0.7698209718670077
frozen,0,2026-06-19 14:05:02+00:00,12,24,376,30,43,0.5,15,0,0.0,0,0,0.0398936170212766,0.2802318074834449,-0.0398936170212766,9,9,1.0,782,560,0.7161125319693095
frozen,0,2026-06-19 14:05:02+00:00,12,24,376,30,43,1.0,30,0,0.0,0,0,0.0797872340425532,0.07422489891088717,-0.0797872340425532,9,9,1.0,782,512,0.6547314578005116
hourly,87,2026-06-19 15:00:00+00:00,1,24,377,3,8,0.1,1,0,0.0,0,0,0.002652519893899204,0.9920424403183024,-0.002652519893899204,6,6,1.0,773,695,0.8990944372574385
hourly,87,2026-06-19 15:00:00+00:00,1,24,377,3,8,0.25,1,0,0.0,0,0,0.002652519893899204,0.9920424403183024,-0.002652519893899204,6,6,1.0,773,695,0.8990944372574385
hourly,87,2026-06-19 15:00:00+00:00,1,24,377,3,8,0.5,2,0,0.0,0,0,0.005305039787798408,0.9841272080817202,-0.005305039787798408,6,6,1.0,773,660,0.8538163001293662
hourly,87,2026-06-19 15:00:00+00:00,1,24,377,3,8,1.0,3,0,0.0,0,0,0.007957559681697613,0.9762541904170664,-0.007957559681697613,6,6,1.0,773,639,0.8266494178525227
hourly,87,2026-06-19 15:00:00+00:00,3,24,377,12,24,0.1,2,0,0.0,0,0,0.005305039787798408,0.9372707263389581,-0.005305039787798408,11,11,1.0,773,660,0.8538163001293662
hourly,87,2026-06-19 15:00:00+00:00,3,24,377,12,24,0.25,3,0,0.0,0,0,0.007957559681697613,0.9072780630961115,-0.007957559681697613,11,11,1.0,773,639,0.8266494178525227
hourly,87,2026-06-19 15:00:00+00:00,3,24,377,12,24,0.5,6,0,0.0,0,0,0.015915119363395226,0.8224988693064826,-0.015915119363395226,11,11,1.0,773,610,0.7891332470892626
hourly,87,2026-06-19 15:00:00+00:00,3,24,377,12,24,1.0,12,0,0.0,0,0,0.03183023872679045,0.6743193866824556,-0.03183023872679045,11,11,1.0,773,567,0.7335058214747736
hourly,87,2026-06-19 15:00:00+00:00,6,24,377,18,31,0.1,2,0,0.0,0,0,0.005305039787798408,0.9066679835205147,-0.005305039787798408,12,12,1.0,773,660,0.8538163001293662
hourly,87,2026-06-19 15:00:00+00:00,6,24,377,18,31,0.25,5,0,0.0,0,0,0.013262599469496022,0.7819574928601107,-0.013262599469496022,12,12,1.0,773,622,0.8046571798188874
hourly,87,2026-06-19 15:00:00+00:00,6,24,377,18,31,0.5,9,0,0.0,0,0,0.023872679045092837,0.6407165661778527,-0.023872679045092837,12,12,1.0,773,583,0.7542043984476067
hourly,87,2026-06-19 15:00:00+00:00,6,24,377,18,31,1.0,18,0,0.0,0,0,0.04774535809018567,0.40590826186150486,-0.04774535809018567,12,12,1.0,773,533,0.6895213454075032
hourly,87,2026-06-19 15:00:00+00:00,12,24,377,33,50,0.1,4,0,0.0,0,0,0.010610079575596816,0.6921512102329503,-0.010610079575596816,12,12,1.0,773,631,0.8163001293661061
hourly,87,2026-06-19 15:00:00+00:00,12,24,377,33,50,0.25,9,0,0.0,0,0,0.023872679045092837,0.43442189414277277,-0.023872679045092837,12,12,1.0,773,583,0.7542043984476067
hourly,87,2026-06-19 15:00:00+00:00,12,24,377,33,50,0.5,17,0,0.0,0,0,0.04509283819628647,0.2033224608111443,-0.04509283819628647,12,12,1.0,773,539,0.6972833117723156
hourly,87,2026-06-19 15:00:00+00:00,12,24,377,33,50,1.0,33,0,0.0,0,0,0.08753315649867374,0.04217393194569443,-0.08753315649867374,12,12,1.0,773,487,0.630012936610608
hourly,88,2026-06-19 16:00:00+00:00,3,24,359,2,3,0.1,1,0,0.0,0,0,0.002785515320334262,0.9944289693593314,-0.002785515320334262,3,3,1.0,742,664,0.894878706199461
hourly,88,2026-06-19 16:00:00+00:00,3,24,359,2,3,0.25,1,0,0.0,0,0,0.002785515320334262,0.9944289693593314,-0.002785515320334262,3,3,1.0,742,664,0.894878706199461
hourly,88,2026-06-19 16:00:00+00:00,3,24,359,2,3,0.5,1,0,0.0,0,0,0.002785515320334262,0.9944289693593314,-0.002785515320334262,3,3,1.0,742,664,0.894878706199461
hourly,88,2026-06-19 16:00:00+00:00,3,24,359,2,3,1.0,2,0,0.0,0,0,0.005571030640668524,0.9888735002567653,-0.005571030640668524,3,3,1.0,742,628,0.8463611859838275
hourly,88,2026-06-19 16:00:00+00:00,6,24,359,13,22,0.1,2,0,0.0,0,0,0.005571030640668524,0.9287904016432984,-0.005571030640668524,6,6,1.0,742,628,0.8463611859838275
hourly,88,2026-06-19 16:00:00+00:00,6,24,359,13,22,0.25,4,0,0.0,0,0,0.011142061281337047,0.8622874537397796,-0.011142061281337047,6,6,1.0,742,601,0.8099730458221024
hourly,88,2026-06-19 16:00:00+00:00,6,24,359,13,22,0.5,7,0,0.0,0,0,0.019498607242339833,0.7707351198418132,-0.019498607242339833,6,6,1.0,742,568,0.7654986522911051
hourly,88,2026-06-19 16:00:00+00:00,6,24,359,13,22,1.0,13,0,0.0,0,0,0.036211699164345405,0.6139457953206335,-0.036211699164345405,6,6,1.0,742,532,0.7169811320754716
hourly,88,2026-06-19 16:00:00+00:00,12,24,359,22,33,0.1,3,0,0.0,0,0,0.008356545961002786,0.8267387501521827,-0.008356545961002786,8,8,1.0,742,609,0.8207547169811321
hourly,88,2026-06-19 16:00:00+00:00,12,24,359,22,33,0.25,6,0,0.0,0,0,0.016713091922005572,0.6823629921921748,-0.016713091922005572,8,8,1.0,742,580,0.7816711590296496
hourly,88,2026-06-19 16:00:00+00:00,12,24,359,22,33,0.5,11,0,0.0,0,0,0.03064066852367688,0.49369296225938253,-0.03064066852367688,8,8,1.0,742,540,0.7277628032345014
hourly,88,2026-06-19 16:00:00+00:00,12,24,359,22,33,1.0,22,0,0.0,0,0,0.06128133704735376,0.238093853674084,-0.06128133704735376,8,8,1.0,742,493,0.6644204851752021
hourly,89,2026-06-19 17:00:00+00:00,1,24,341,1,2,0.1,1,0,0.0,0,0,0.002932551319648094,0.9970674486803519,-0.002932551319648094,2,2,1.0,716,637,0.8896648044692738
hourly,89,2026-06-19 17:00:00+00:00,1,24,341,1,2,0.25,1,0,0.0,0,0,0.002932551319648094,0.9970674486803519,-0.002932551319648094,2,2,1.0,716,637,0.8896648044692738
hourly,89,2026-06-19 17:00:00+00:00,1,24,341,1,2,0.5,1,0,0.0,0,0,0.002932551319648094,0.9970674486803519,-0.002932551319648094,2,2,1.0,716,637,0.8896648044692738
hourly,89,2026-06-19 17:00:00+00:00,1,24,341,1,2,1.0,1,0,0.0,0,0,0.002932551319648094,0.9970674486803519,-0.002932551319648094,2,2,1.0,716,637,0.8896648044692738
hourly,89,2026-06-19 17:00:00+00:00,3,24,341,1,3,0.1,1,0,0.0,0,0,0.002932551319648094,0.9970674486803519,-0.002932551319648094,3,3,1.0,716,637,0.8896648044692738
hourly,89,2026-06-19 17:00:00+00:00,3,24,341,1,3,0.25,1,0,0.0,0,0,0.002932551319648094,0.9970674486803519,-0.002932551319648094,3,3,1.0,716,637,0.8896648044692738
hourly,89,2026-06-19 17:00:00+00:00,3,24,341,1,3,0.5,1,0,0.0,0,0,0.002932551319648094,0.9970674486803519,-0.002932551319648094,3,3,1.0,716,637,0.8896648044692738
hourly,89,2026-06-19 17:00:00+00:00,3,24,341,1,3,1.0,1,0,0.0,0,0,0.002932551319648094,0.9970674486803519,-0.002932551319648094,3,3,1.0,716,637,0.8896648044692738
hourly,89,2026-06-19 17:00:00+00:00,6,24,341,13,22,0.1,2,0,0.0,0,0,0.005865102639296188,0.9250991892358116,-0.005865102639296188,7,7,1.0,716,601,0.8393854748603352
hourly,89,2026-06-19 17:00:00+00:00,6,24,341,13,22,0.25,4,0,0.0,0,0,0.011730205278592375,0.8554071241515617,-0.011730205278592375,7,7,1.0,716,571,0.797486033519553
hourly,89,2026-06-19 17:00:00+00:00,6,24,341,13,22,0.5,7,0,0.0,0,0,0.020527859237536656,0.759910213843362,-0.020527859237536656,7,7,1.0,716,543,0.7583798882681564
hourly,89,2026-06-19 17:00:00+00:00,6,24,341,13,22,1.0,13,0,0.0,0,0,0.03812316715542522,0.5977434485521576,-0.03812316715542522,7,7,1.0,716,506,0.7067039106145251
hourly,89,2026-06-19 17:00:00+00:00,12,24,341,19,31,0.1,2,0,0.0,0,0,0.005865102639296188,0.8915128514749008,-0.005865102639296188,7,7,1.0,716,601,0.8393854748603352
hourly,89,2026-06-19 17:00:00+00:00,12,24,341,19,31,0.25,5,0,0.0,0,0,0.01466275659824047,0.7494610894907394,-0.01466275659824047,7,7,1.0,716,562,0.7849162011173184
hourly,89,2026-06-19 17:00:00+00:00,12,24,341,19,31,0.5,10,0,0.0,0,0,0.02932551319648094,0.5591999267797708,-0.02932551319648094,7,7,1.0,716,518,0.723463687150838
hourly,89,2026-06-19 17:00:00+00:00,12,24,341,19,31,1.0,19,0,0.0,0,0,0.05571847507331378,0.32627085575474307,-0.05571847507331378,7,7,1.0,716,476,0.664804469273743
hourly,90,2026-06-19 18:00:00+00:00,3,24,318,1,3,0.1,1,0,0.0,0,0,0.0031446540880503146,0.9968553459119497,-0.0031446540880503146,3,3,1.0,661,579,0.875945537065053
hourly,90,2026-06-19 18:00:00+00:00,3,24,318,1,3,0.25,1,0,0.0,0,0,0.0031446540880503146,0.9968553459119497,-0.0031446540880503146,3,3,1.0,661,579,0.875945537065053
hourly,90,2026-06-19 18:00:00+00:00,3,24,318,1,3,0.5,1,0,0.0,0,0,0.0031446540880503146,0.9968553459119497,-0.0031446540880503146,3,3,1.0,661,579,0.875945537065053
hourly,90,2026-06-19 18:00:00+00:00,3,24,318,1,3,1.0,1,0,0.0,0,0,0.0031446540880503146,0.9968553459119497,-0.0031446540880503146,3,3,1.0,661,579,0.875945537065053
hourly,90,2026-06-19 18:00:00+00:00,6,24,318,10,19,0.1,1,0,0.0,0,0,0.0031446540880503146,0.9685534591194969,-0.0031446540880503146,5,5,1.0,661,579,0.875945537065053
hourly,90,2026-06-19 18:00:00+00:00,6,24,318,10,19,0.25,3,0,0.0,0,0,0.009433962264150943,0.9083161867248709,-0.009433962264150943,5,5,1.0,661,524,0.7927382753403933
hourly,90,2026-06-19 18:00:00+00:00,6,24,318,10,19,0.5,5,0,0.0,0,0,0.015723270440251572,0.851471811071985,-0.015723270440251572,5,5,1.0,661,501,0.7579425113464447
hourly,90,2026-06-19 18:00:00+00:00,6,24,318,10,19,1.0,10,0,0.0,0,0,0.031446540880503145,0.7231015475252882,-0.031446540880503145,5,5,1.0,661,470,0.7110438729198184
hourly,90,2026-06-19 18:00:00+00:00,12,24,318,18,28,0.1,2,0,0.0,0,0,0.006289308176100629,0.8898279864293792,-0.006289308176100629,7,7,1.0,661,542,0.8199697428139183
hourly,90,2026-06-19 18:00:00+00:00,12,24,318,18,28,0.25,5,0,0.0,0,0,0.015723270440251572,0.7458357574462885,-0.015723270440251572,7,7,1.0,661,501,0.7579425113464447
hourly,90,2026-06-19 18:00:00+00:00,12,24,318,18,28,0.5,9,0,0.0,0,0,0.02830188679245283,0.5878168140560442,-0.02830188679245283,7,7,1.0,661,473,0.7155824508320726
hourly,90,2026-06-19 18:00:00+00:00,12,24,318,18,28,1.0,18,0,0.0,0,0,0.05660377358490566,0.3399870690340044,-0.05660377358490566,7,7,1.0,661,437,0.6611195158850227
hourly,91,2026-06-19 19:00:00+00:00,1,24,264,1,4,0.1,1,0,0.0,0,0,0.003787878787878788,0.9962121212121212,-0.003787878787878788,4,4,1.0,501,442,0.8822355289421158
hourly,91,2026-06-19 19:00:00+00:00,1,24,264,1,4,0.25,1,0,0.0,0,0,0.003787878787878788,0.9962121212121212,-0.003787878787878788,4,4,1.0,501,442,0.8822355289421158
hourly,91,2026-06-19 19:00:00+00:00,1,24,264,1,4,0.5,1,0,0.0,0,0,0.003787878787878788,0.9962121212121212,-0.003787878787878788,4,4,1.0,501,442,0.8822355289421158
hourly,91,2026-06-19 19:00:00+00:00,1,24,264,1,4,1.0,1,0,0.0,0,0,0.003787878787878788,0.9962121212121212,-0.003787878787878788,4,4,1.0,501,442,0.8822355289421158
hourly,91,2026-06-19 19:00:00+00:00,3,24,264,3,7,0.1,1,0,0.0,0,0,0.003787878787878788,0.9886363636363636,-0.003787878787878788,5,5,1.0,501,442,0.8822355289421158
hourly,91,2026-06-19 19:00:00+00:00,3,24,264,3,7,0.25,1,0,0.0,0,0,0.003787878787878788,0.9886363636363636,-0.003787878787878788,5,5,1.0,501,442,0.8822355289421158
hourly,91,2026-06-19 19:00:00+00:00,3,24,264,3,7,0.5,2,0,0.0,0,0,0.007575757575757576,0.9773591427583823,-0.007575757575757576,5,5,1.0,501,409,0.8163672654690619
hourly,91,2026-06-19 19:00:00+00:00,3,24,264,3,7,1.0,3,0,0.0,0,0,0.011363636363636364,0.9661680075359581,-0.011363636363636364,5,5,1.0,501,395,0.7884231536926147
hourly,91,2026-06-19 19:00:00+00:00,6,24,264,5,11,0.1,1,0,0.0,0,0,0.003787878787878788,0.9810606060606061,-0.003787878787878788,5,5,1.0,501,442,0.8822355289421158
hourly,91,2026-06-19 19:00:00+00:00,6,24,264,5,11,0.25,2,0,0.0,0,0,0.007575757575757576,0.9624092637400622,-0.007575757575757576,5,5,1.0,501,409,0.8163672654690619
hourly,91,2026-06-19 19:00:00+00:00,6,24,264,5,11,0.5,3,0,0.0,0,0,0.011363636363636364,0.9440426747373892,-0.011363636363636364,5,5,1.0,501,395,0.7884231536926147
hourly,91,2026-06-19 19:00:00+00:00,6,24,264,5,11,1.0,5,0,0.0,0,0,0.01893939393939394,0.9081506897562154,-0.01893939393939394,5,5,1.0,501,384,0.7664670658682635
hourly,91,2026-06-19 19:00:00+00:00,12,24,264,20,33,0.1,2,0,0.0,0,0,0.007575757575757576,0.8539578292430003,-0.007575757575757576,7,7,1.0,501,409,0.8163672654690619
hourly,91,2026-06-19 19:00:00+00:00,12,24,264,20,33,0.25,5,0,0.0,0,0,0.01893939393939394,0.6723028127119858,-0.01893939393939394,7,7,1.0,501,384,0.7664670658682635
hourly,91,2026-06-19 19:00:00+00:00,12,24,264,20,33,0.5,10,0,0.0,0,0,0.03787878787878788,0.44836866992360264,-0.03787878787878788,7,7,1.0,501,362,0.7225548902195609
hourly,91,2026-06-19 19:00:00+00:00,12,24,264,20,33,1.0,20,0,0.0,0,0,0.07575757575757576,0.1944035986541778,-0.07575757575757576,7,7,1.0,501,324,0.6467065868263473
hourly,92,2026-06-19 20:00:00+00:00,1,24,168,4,7,0.1,1,0,0.0,0,0,0.005952380952380952,0.9761904761904762,-0.005952380952380952,3,3,1.0,319,262,0.8213166144200627
hourly,92,2026-06-19 20:00:00+00:00,1,24,168,4,7,0.25,1,0,0.0,0,0,0.005952380952380952,0.9761904761904762,-0.005952380952380952,3,3,1.0,319,262,0.8213166144200627
hourly,92,2026-06-19 20:00:00+00:00,1,24,168,4,7,0.5,2,0,0.0,0,0,0.011904761904761904,0.9528086683775306,-0.011904761904761904,3,3,1.0,319,240,0.7523510971786834
hourly,92,2026-06-19 20:00:00+00:00,1,24,168,4,7,1.0,4,0,0.0,0,0,0.023809523809523808,0.9073076191538063,-0.023809523809523808,3,3,1.0,319,227,0.7115987460815048
hourly,92,2026-06-19 20:00:00+00:00,3,24,168,6,10,0.1,1,0,0.0,0,0,0.005952380952380952,0.9642857142857143,-0.005952380952380952,4,4,1.0,319,262,0.8213166144200627
hourly,92,2026-06-19 20:00:00+00:00,3,24,168,6,10,0.25,2,0,0.0,0,0,0.011904761904761904,0.9296407185628742,-0.011904761904761904,4,4,1.0,319,240,0.7523510971786834
hourly,92,2026-06-19 20:00:00+00:00,3,24,168,6,10,0.5,3,0,0.0,0,0,0.017857142857142856,0.8960392468075896,-0.017857142857142856,4,4,1.0,319,232,0.7272727272727273
hourly,92,2026-06-19 20:00:00+00:00,3,24,168,6,10,1.0,6,0,0.0,0,0,0.03571428571428571,0.801245307962116,-0.03571428571428571,4,4,1.0,319,214,0.670846394984326
hourly,92,2026-06-19 20:00:00+00:00,6,24,168,8,14,0.1,1,0,0.0,0,0,0.005952380952380952,0.9523809523809523,-0.005952380952380952,5,5,1.0,319,262,0.8213166144200627
hourly,92,2026-06-19 20:00:00+00:00,6,24,168,8,14,0.25,2,0,0.0,0,0,0.011904761904761904,0.9067579127459366,-0.011904761904761904,5,5,1.0,319,240,0.7523510971786834
hourly,92,2026-06-19 20:00:00+00:00,6,24,168,8,14,0.5,4,0,0.0,0,0,0.023809523809523808,0.8212134641685179,-0.023809523809523808,5,5,1.0,319,227,0.7115987460815048
hourly,92,2026-06-19 20:00:00+00:00,6,24,168,8,14,1.0,8,0,0.0,0,0,0.047619047619047616,0.6710458059623886,-0.047619047619047616,5,5,1.0,319,204,0.6394984326018809
hourly,92,2026-06-19 20:00:00+00:00,12,24,168,25,40,0.1,3,0,0.0,0,0,0.017857142857142856,0.6147657353107898,-0.017857142857142856,7,7,1.0,319,232,0.7272727272727273
hourly,92,2026-06-19 20:00:00+00:00,12,24,168,25,40,0.25,7,0,0.0,0,0,0.041666666666666664,0.31653499557418713,-0.041666666666666664,7,7,1.0,319,207,0.6489028213166145
hourly,92,2026-06-19 20:00:00+00:00,12,24,168,25,40,0.5,13,0,0.0,0,0,0.07738095238095238,0.11299825951568424,-0.07738095238095238,7,7,1.0,319,185,0.5799373040752351
hourly,92,2026-06-19 20:00:00+00:00,12,24,168,25,40,1.0,25,1,0.04,1,1,0.1488095238095238,0.012554370978147057,-0.1088095238095238,7,7,1.0,319,141,0.44200626959247646
hourly,93,2026-06-19 21:00:00+00:00,1,24,81,8,10,0.1,1,0,0.0,0,0,0.012345679012345678,0.9012345679012346,-0.012345679012345678,8,8,1.0,128,90,0.703125
hourly,93,2026-06-19 21:00:00+00:00,1,24,81,8,10,0.25,2,0,0.0,0,0,0.024691358024691357,0.8111111111111111,-0.024691358024691357,8,8,1.0,128,76,0.59375
hourly,93,2026-06-19 21:00:00+00:00,1,24,81,8,10,0.5,4,1,0.125,1,1,0.04938271604938271,0.6542067871181795,0.07561728395061729,8,6,0.75,128,64,0.5
hourly,93,2026-06-19 21:00:00+00:00,1,24,81,8,10,1.0,8,1,0.125,1,1,0.09876543209876543,0.41792128109250026,0.026234567901234573,8,6,0.75,128,40,0.3125
hourly,93,2026-06-19 21:00:00+00:00,3,24,81,13,21,0.1,2,0,0.0,0,0,0.024691358024691357,0.7030864197530864,-0.024691358024691357,10,10,1.0,128,76,0.59375
hourly,93,2026-06-19 21:00:00+00:00,3,24,81,13,21,0.25,4,1,0.07692307692307693,1,1,0.04938271604938271,0.4894905453977184,0.027540360873694214,10,8,0.8,128,64,0.5
hourly,93,2026-06-19 21:00:00+00:00,3,24,81,13,21,0.5,7,1,0.07692307692307693,1,1,0.08641975308641975,0.2787988254743751,-0.009496676163342821,10,8,0.8,128,44,0.34375
hourly,93,2026-06-19 21:00:00+00:00,3,24,81,13,21,1.0,13,2,0.15384615384615385,2,3,0.16049382716049382,0.08356460359432837,-0.0066476733143399636,10,8,0.8,128,23,0.1796875
hourly,93,2026-06-19 21:00:00+00:00,6,24,81,15,25,0.1,2,0,0.0,0,0,0.024691358024691357,0.6620370370370371,-0.024691358024691357,10,10,1.0,128,76,0.59375
hourly,93,2026-06-19 21:00:00+00:00,6,24,81,15,25,0.25,4,1,0.06666666666666667,1,1,0.04938271604938271,0.43319268635724334,0.017283950617283952,10,8,0.8,128,64,0.5
hourly,93,2026-06-19 21:00:00+00:00,6,24,81,15,25,0.5,8,1,0.06666666666666667,1,1,0.09876543209876543,0.17857004239415966,-0.03209876543209876,10,8,0.8,128,40,0.3125
hourly,93,2026-06-19 21:00:00+00:00,6,24,81,15,25,1.0,15,2,0.13333333333333333,2,3,0.18518518518518517,0.032952668474722516,-0.05185185185185184,10,8,0.8,128,19,0.1484375
hourly,93,2026-06-19 21:00:00+00:00,12,24,81,30,49,0.1,3,0,0.0,0,0,0.037037037037037035,0.24408110642287859,-0.037037037037037035,11,11,1.0,128,64,0.5
hourly,93,2026-06-19 21:00:00+00:00,12,24,81,30,49,0.25,8,1,0.03333333333333333,1,1,0.09876543209876543,0.019797227658653375,-0.0654320987654321,11,8,0.7272727272727273,128,40,0.3125
hourly,93,2026-06-19 21:00:00+00:00,12,24,81,30,49,0.5,15,2,0.06666666666666667,2,3,0.18518518518518517,0.00039153568257767015,-0.11851851851851851,11,8,0.7272727272727273,128,19,0.1484375
hourly,93,2026-06-19 21:00:00+00:00,12,24,81,30,49,1.0,30,8,0.26666666666666666,6,9,0.37037037037037035,8.123317802583331e-09,-0.10370370370370369,11,7,0.6363636363636364,128,7,0.0546875
hourly,94,2026-06-19 22:00:00+00:00,1,24,54,4,7,0.1,1,1,0.25,1,1,0.018518518518518517,0.9259259259259259,0.23148148148148148,3,2,0.6666666666666666,29,29,1.0
hourly,94,2026-06-19 22:00:00+00:00,1,24,54,4,7,0.25,1,1,0.25,1,1,0.018518518518518517,0.9259259259259259,0.23148148148148148,3,2,0.6666666666666666,29,29,1.0
hourly,94,2026-06-19 22:00:00+00:00,1,24,54,4,7,0.5,2,1,0.25,1,1,0.037037037037037035,0.8560447239692522,0.21296296296296297,3,2,0.6666666666666666,29,25,0.8620689655172413
hourly,94,2026-06-19 22:00:00+00:00,1,24,54,4,7,1.0,4,1,0.25,1,1,0.07407407407407407,0.7282190412046128,0.17592592592592593,3,2,0.6666666666666666,29,9,0.3103448275862069
hourly,94,2026-06-19 22:00:00+00:00,3,24,54,13,20,0.1,2,1,0.07692307692307693,1,1,0.037037037037037035,0.573025856044724,0.03988603988603989,11,8,0.7272727272727273,29,25,0.8620689655172413
hourly,94,2026-06-19 22:00:00+00:00,3,24,54,13,20,0.25,4,1,0.07692307692307693,1,1,0.07407407407407407,0.32022033131911043,0.0028490028490028574,11,8,0.7272727272727273,29,9,0.3103448275862069
hourly,94,2026-06-19 22:00:00+00:00,3,24,54,13,20,0.5,7,2,0.15384615384615385,2,3,0.12962962962962962,0.1269444884872188,0.024216524216524232,11,8,0.7272727272727273,29,9,0.3103448275862069
hourly,94,2026-06-19 22:00:00+00:00,3,24,54,13,20,1.0,13,4,0.3076923076923077,3,4,0.24074074074074073,0.01590006888376121,0.06695156695156698,11,4,0.36363636363636365,29,7,0.2413793103448276
hourly,94,2026-06-19 22:00:00+00:00,6,24,54,17,28,0.1,2,1,0.058823529411764705,1,1,0.037037037037037035,0.46540880503144655,0.02178649237472767,12,9,0.75,29,25,0.8620689655172413
hourly,94,2026-06-19 22:00:00+00:00,6,24,54,17,28,0.25,5,2,0.11764705882352941,2,2,0.09259259259259259,0.1378326076439284,0.025054466230936823,12,9,0.75,29,9,0.3103448275862069
hourly,94,2026-06-19 22:00:00+00:00,6,24,54,17,28,0.5,9,3,0.17647058823529413,3,3,0.16666666666666666,0.023393213817873026,0.009803921568627472,12,4,0.3333333333333333,29,7,0.2413793103448276
hourly,94,2026-06-19 22:00:00+00:00,6,24,54,17,28,1.0,17,5,0.29411764705882354,4,5,0.3148148148148148,0.0003373114689086387,-0.020697167755991286,12,4,0.3333333333333333,29,7,0.2413793103448276
hourly,94,2026-06-19 22:00:00+00:00,12,24,54,31,52,0.1,4,1,0.03225806451612903,1,1,0.07407407407407407,0.027999911462730554,-0.04181600955794504,13,9,0.6923076923076923,29,9,0.3103448275862069
hourly,94,2026-06-19 22:00:00+00:00,12,24,54,31,52,0.25,8,3,0.0967741935483871,2,3,0.14814814814814814,0.00047124471050605135,-0.051373954599761046,13,7,0.5384615384615384,29,7,0.2413793103448276
hourly,94,2026-06-19 22:00:00+00:00,12,24,54,31,52,0.5,16,8,0.25806451612903225,7,9,0.2962962962962963,1.1621611149622712e-08,-0.03823178016726403,13,7,0.5384615384615384,29,7,0.2413793103448276
hourly,94,2026-06-19 22:00:00+00:00,12,24,54,31,52,1.0,31,16,0.5161290322580645,9,22,0.5740740740740741,0.0,-0.05794504181600957,13,4,0.3076923076923077,29,4,0.13793103448275862
hourly,95,2026-06-19 23:00:00+00:00,3,24,51,8,12,0.1,1,1,0.125,1,1,0.0196078431372549,0.8431372549019608,0.1053921568627451,10,7,0.7,29,29,1.0
hourly,95,2026-06-19 23:00:00+00:00,3,24,51,8,12,0.25,2,1,0.125,1,1,0.0392156862745098,0.7082352941176471,0.0857843137254902,10,7,0.7,29,25,0.8620689655172413
hourly,95,2026-06-19 23:00:00+00:00,3,24,51,8,12,0.5,4,1,0.125,1,1,0.0784313725490196,0.4938375350140056,0.04656862745098039,10,7,0.7,29,9,0.3103448275862069
hourly,95,2026-06-19 23:00:00+00:00,3,24,51,8,12,1.0,8,2,0.25,1,2,0.1568627450980392,0.22772758720846004,0.09313725490196079,10,4,0.4,29,7,0.2413793103448276
hourly,95,2026-06-19 23:00:00+00:00,6,24,51,13,23,0.1,2,1,0.07692307692307693,1,1,0.0392156862745098,0.5513725490196079,0.037707390648567124,12,9,0.75,29,25,0.8620689655172413
hourly,95,2026-06-19 23:00:00+00:00,6,24,51,13,23,0.25,4,1,0.07692307692307693,1,1,0.0784313725490196,0.2953781512605042,-0.0015082956259426794,12,9,0.75,29,9,0.3103448275862069
hourly,95,2026-06-19 23:00:00+00:00,6,24,51,13,23,0.5,7,2,0.15384615384615385,2,3,0.13725490196078433,0.10900665168935289,0.01659125188536953,12,9,0.75,29,9,0.3103448275862069
hourly,95,2026-06-19 23:00:00+00:00,6,24,51,13,23,1.0,13,4,0.3076923076923077,3,4,0.2549019607843137,0.011369731588956766,0.052790346907994,12,4,0.3333333333333333,29,7,0.2413793103448276
hourly,95,2026-06-19 23:00:00+00:00,12,24,51,27,47,0.1,3,1,0.037037037037037035,1,1,0.058823529411764705,0.09719087635054022,-0.02178649237472767,13,9,0.6923076923076923,29,17,0.5862068965517241
hourly,95,2026-06-19 23:00:00+00:00,12,24,51,27,47,0.25,7,2,0.07407407407407407,2,3,0.13725490196078433,0.002989451099588772,-0.06318082788671026,13,9,0.6923076923076923,29,9,0.3103448275862069
hourly,95,2026-06-19 23:00:00+00:00,12,24,51,27,47,0.5,14,6,0.2222222222222222,4,8,0.27450980392156865,1.5171707523960091e-06,-0.05228758169934644,13,7,0.5384615384615384,29,7,0.2413793103448276
hourly,95,2026-06-19 23:00:00+00:00,12,24,51,27,47,1.0,27,14,0.5185185185185185,8,17,0.5294117647058824,0.0,-0.01089324618736387,13,4,0.3076923076923077,29,5,0.1724137931034483
hourly,96,2026-06-20 00:00:00+00:00,1,24,36,1,3,0.1,1,0,0.0,0,0,0.027777777777777776,0.9722222222222222,-0.027777777777777776,3,3,1.0,26,20,0.7692307692307693
hourly,96,2026-06-20 00:00:00+00:00,1,24,36,1,3,0.25,1,0,0.0,0,0,0.027777777777777776,0.9722222222222222,-0.027777777777777776,3,3,1.0,26,20,0.7692307692307693
hourly,96,2026-06-20 00:00:00+00:00,1,24,36,1,3,0.5,1,0,0.0,0,0,0.027777777777777776,0.9722222222222222,-0.027777777777777776,3,3,1.0,26,20,0.7692307692307693
hourly,96,2026-06-20 00:00:00+00:00,1,24,36,1,3,1.0,1,0,0.0,0,0,0.027777777777777776,0.9722222222222222,-0.027777777777777776,3,3,1.0,26,20,0.7692307692307693
hourly,96,2026-06-20 00:00:00+00:00,3,24,36,2,5,0.1,1,0,0.0,0,0,0.027777777777777776,0.9444444444444444,-0.027777777777777776,3,3,1.0,26,20,0.7692307692307693
hourly,96,2026-06-20 00:00:00+00:00,3,24,36,2,5,0.25,1,0,0.0,0,0,0.027777777777777776,0.9444444444444444,-0.027777777777777776,3,3,1.0,26,20,0.7692307692307693
hourly,96,2026-06-20 00:00:00+00:00,3,24,36,2,5,0.5,1,0,0.0,0,0,0.027777777777777776,0.9444444444444444,-0.027777777777777776,3,3,1.0,26,20,0.7692307692307693
hourly,96,2026-06-20 00:00:00+00:00,3,24,36,2,5,1.0,2,0,0.0,0,0,0.05555555555555555,0.8904761904761904,-0.05555555555555555,3,3,1.0,26,13,0.5
hourly,96,2026-06-20 00:00:00+00:00,6,24,36,3,7,0.1,1,0,0.0,0,0,0.027777777777777776,0.9166666666666666,-0.027777777777777776,3,3,1.0,26,20,0.7692307692307693
hourly,96,2026-06-20 00:00:00+00:00,6,24,36,3,7,0.25,1,0,0.0,0,0,0.027777777777777776,0.9166666666666666,-0.027777777777777776,3,3,1.0,26,20,0.7692307692307693
hourly,96,2026-06-20 00:00:00+00:00,6,24,36,3,7,0.5,2,0,0.0,0,0,0.05555555555555555,0.8380952380952381,-0.05555555555555555,3,3,1.0,26,13,0.5
hourly,96,2026-06-20 00:00:00+00:00,6,24,36,3,7,1.0,3,0,0.0,0,0,0.08333333333333333,0.7641456582633053,-0.08333333333333333,3,3,1.0,26,7,0.2692307692307692
hourly,96,2026-06-20 00:00:00+00:00,12,24,36,11,21,0.1,2,0,0.0,0,0,0.05555555555555555,0.47619047619047616,-0.05555555555555555,5,5,1.0,26,13,0.5
hourly,96,2026-06-20 00:00:00+00:00,12,24,36,11,21,0.25,3,0,0.0,0,0,0.08333333333333333,0.32212885154061627,-0.08333333333333333,5,5,1.0,26,7,0.2692307692307692
hourly,96,2026-06-20 00:00:00+00:00,12,24,36,11,21,0.5,6,1,0.09090909090909091,0,1,0.16666666666666666,0.09092346616065781,-0.07575757575757575,5,5,1.0,26,6,0.23076923076923078
hourly,96,2026-06-20 00:00:00+00:00,12,24,36,11,21,1.0,11,2,0.18181818181818182,1,3,0.3055555555555556,0.007419042457974605,-0.12373737373737376,5,5,1.0,26,6,0.23076923076923078
hourly,97,2026-06-20 01:00:00+00:00,1,24,33,3,10,0.1,1,0,0.0,0,0,0.030303030303030304,0.9090909090909091,-0.030303030303030304,8,8,1.0,14,8,0.5714285714285714
hourly,97,2026-06-20 01:00:00+00:00,1,24,33,3,10,0.25,1,0,0.0,0,0,0.030303030303030304,0.9090909090909091,-0.030303030303030304,8,8,1.0,14,8,0.5714285714285714
hourly,97,2026-06-20 01:00:00+00:00,1,24,33,3,10,0.5,2,1,0.3333333333333333,1,1,0.06060606060606061,0.8238636363636364,0.2727272727272727,8,4,0.5,14,7,0.5
hourly,97,2026-06-20 01:00:00+00:00,1,24,33,3,10,1.0,3,2,0.6666666666666666,1,2,0.09090909090909091,0.7441348973607038,0.5757575757575757,8,2,0.25,14,7,0.5
hourly,97,2026-06-20 01:00:00+00:00,3,24,33,3,10,0.1,1,0,0.0,0,0,0.030303030303030304,0.9090909090909091,-0.030303030303030304,8,8,1.0,14,8,0.5714285714285714
hourly,97,2026-06-20 01:00:00+00:00,3,24,33,3,10,0.25,1,0,0.0,0,0,0.030303030303030304,0.9090909090909091,-0.030303030303030304,8,8,1.0,14,8,0.5714285714285714
hourly,97,2026-06-20 01:00:00+00:00,3,24,33,3,10,0.5,2,1,0.3333333333333333,1,1,0.06060606060606061,0.8238636363636364,0.2727272727272727,8,4,0.5,14,7,0.5
hourly,97,2026-06-20 01:00:00+00:00,3,24,33,3,10,1.0,3,2,0.6666666666666666,1,2,0.09090909090909091,0.7441348973607038,0.5757575757575757,8,2,0.25,14,7,0.5
hourly,97,2026-06-20 01:00:00+00:00,6,24,33,4,12,0.1,1,0,0.0,0,0,0.030303030303030304,0.8787878787878788,-0.030303030303030304,8,8,1.0,14,8,0.5714285714285714
hourly,97,2026-06-20 01:00:00+00:00,6,24,33,4,12,0.25,1,0,0.0,0,0,0.030303030303030304,0.8787878787878788,-0.030303030303030304,8,8,1.0,14,8,0.5714285714285714
hourly,97,2026-06-20 01:00:00+00:00,6,24,33,4,12,0.5,2,1,0.25,1,1,0.06060606060606061,0.7689393939393939,0.1893939393939394,8,4,0.5,14,7,0.5
hourly,97,2026-06-20 01:00:00+00:00,6,24,33,4,12,1.0,4,2,0.5,2,2,0.12121212121212122,0.580425219941349,0.3787878787878788,8,2,0.25,14,6,0.42857142857142855
hourly,97,2026-06-20 01:00:00+00:00,12,24,33,7,17,0.1,1,0,0.0,0,0,0.030303030303030304,0.7878787878787878,-0.030303030303030304,8,8,1.0,14,8,0.5714285714285714
hourly,97,2026-06-20 01:00:00+00:00,12,24,33,7,17,0.25,2,1,0.14285714285714285,1,1,0.06060606060606061,0.615530303030303,0.08225108225108224,8,4,0.5,14,7,0.5
hourly,97,2026-06-20 01:00:00+00:00,12,24,33,7,17,0.5,4,2,0.2857142857142857,2,2,0.12121212121212122,0.36534701857282503,0.16450216450216448,8,3,0.375,14,6,0.42857142857142855
hourly,97,2026-06-20 01:00:00+00:00,12,24,33,7,17,1.0,7,2,0.2857142857142857,2,2,0.21212121212121213,0.15397767066287646,0.07359307359307357,8,3,0.375,14,6,0.42857142857142855
hourly,98,2026-06-20 02:00:00+00:00,1,24,44,14,36,0.1,2,2,0.14285714285714285,2,2,0.045454545454545456,0.459830866807611,0.0974025974025974,32,14,0.4375,37,16,0.43243243243243246
hourly,98,2026-06-20 02:00:00+00:00,1,24,44,14,36,0.25,4,4,0.2857142857142857,4,4,0.09090909090909091,0.20187696591553653,0.1948051948051948,32,6,0.1875,37,7,0.1891891891891892
hourly,98,2026-06-20 02:00:00+00:00,1,24,44,14,36,0.5,7,5,0.35714285714285715,5,6,0.1590909090909091,0.05312551734619383,0.19805194805194806,32,3,0.09375,37,6,0.16216216216216217
hourly,98,2026-06-20 02:00:00+00:00,1,24,44,14,36,1.0,14,6,0.42857142857142855,6,8,0.3181818181818182,0.0012650311181498857,0.11038961038961037,32,3,0.09375,37,6,0.16216216216216217
hourly,98,2026-06-20 02:00:00+00:00,3,24,44,17,43,0.1,2,2,0.11764705882352941,2,2,0.045454545454545456,0.37103594080338265,0.07219251336898395,37,16,0.43243243243243246,37,16,0.43243243243243246
hourly,98,2026-06-20 02:00:00+00:00,3,24,44,17,43,0.25,5,4,0.23529411764705882,4,5,0.11363636363636363,0.07433646897628747,0.12165775401069519,37,6,0.16216216216216217,37,6,0.16216216216216217
hourly,98,2026-06-20 02:00:00+00:00,3,24,44,17,43,0.5,9,5,0.29411764705882354,5,6,0.20454545454545456,0.006611120479526606,0.08957219251336898,37,3,0.08108108108108109,37,6,0.16216216216216217
hourly,98,2026-06-20 02:00:00+00:00,3,24,44,17,43,1.0,17,6,0.35294117647058826,6,11,0.38636363636363635,1.2291452345536514e-05,-0.033422459893048095,37,3,0.08108108108108109,37,5,0.13513513513513514
hourly,98,2026-06-20 02:00:00+00:00,6,24,44,18,45,0.1,2,2,0.1111111111111111,2,2,0.045454545454545456,0.34355179704016914,0.06565656565656565,37,16,0.43243243243243246,37,16,0.43243243243243246
hourly,98,2026-06-20 02:00:00+00:00,6,24,44,18,45,0.25,5,4,0.2222222222222222,4,5,0.11363636363636363,0.0605704562029009,0.10858585858585858,37,6,0.16216216216216217,37,6,0.16216216216216217
hourly,98,2026-06-20 02:00:00+00:00,6,24,44,18,45,0.5,9,5,0.2777777777777778,5,6,0.20454545454545456,0.004407413653017737,0.07323232323232323,37,3,0.08108108108108109,37,6,0.16216216216216217
hourly,98,2026-06-20 02:00:00+00:00,6,24,44,18,45,1.0,18,7,0.3888888888888889,6,12,0.4090909090909091,1.517463252535372e-06,-0.02020202020202022,37,3,0.08108108108108109,37,4,0.10810810810810811
hourly,98,2026-06-20 02:00:00+00:00,12,24,44,19,47,0.1,2,2,0.10526315789473684,2,2,0.045454545454545456,0.3171247357293869,0.05980861244019138,37,16,0.43243243243243246,37,16,0.43243243243243246
hourly,98,2026-06-20 02:00:00+00:00,12,24,44,19,47,0.25,5,4,0.21052631578947367,4,5,0.11363636363636363,0.04892229154849688,0.09688995215311004,37,6,0.16216216216216217,37,6,0.16216216216216217
hourly,98,2026-06-20 02:00:00+00:00,12,24,44,19,47,0.5,10,5,0.2631578947368421,5,6,0.22727272727272727,0.0013173807841987083,0.035885167464114825,37,3,0.08108108108108109,37,6,0.16216216216216217
hourly,98,2026-06-20 02:00:00+00:00,12,24,44,19,47,1.0,19,7,0.3684210526315789,6,13,0.4318181818181818,1.2570701500293023e-07,-0.0633971291866029,37,3,0.08108108108108109,37,4,0.10810810810810811
hourly,99,2026-06-20 03:00:00+00:00,1,24,50,11,36,0.1,2,2,0.18181818181818182,2,2,0.04,0.6048979591836735,0.14181818181818182,19,19,1.0,61,38,0.6229508196721312
hourly,99,2026-06-20 03:00:00+00:00,1,24,50,11,36,0.25,3,3,0.2727272727272727,3,3,0.06,0.46627551020408164,0.2127272727272727,19,5,0.2631578947368421,61,32,0.5245901639344263
hourly,99,2026-06-20 03:00:00+00:00,1,24,50,11,36,0.5,6,6,0.5454545454545454,6,6,0.12,0.2053165058807982,0.4254545454545454,19,5,0.2631578947368421,61,19,0.3114754098360656
hourly,99,2026-06-20 03:00:00+00:00,1,24,50,11,36,1.0,11,9,0.8181818181818182,9,9,0.22,0.04486983359213295,0.5981818181818183,19,2,0.10526315789473684,61,6,0.09836065573770492
hourly,99,2026-06-20 03:00:00+00:00,3,24,50,24,67,0.1,3,3,0.125,3,3,0.06,0.1326530612244898,0.065,61,32,0.5245901639344263,61,32,0.5245901639344263
hourly,99,2026-06-20 03:00:00+00:00,3,24,50,24,67,0.25,6,6,0.25,6,6,0.12,0.014488348530901722,0.13,61,19,0.3114754098360656,61,19,0.3114754098360656
hourly,99,2026-06-20 03:00:00+00:00,3,24,50,24,67,0.5,12,10,0.4166666666666667,10,11,0.24,7.955294691946607e-05,0.1766666666666667,61,4,0.06557377049180328,61,6,0.09836065573770492
hourly,99,2026-06-20 03:00:00+00:00,3,24,50,24,67,1.0,24,12,0.5,12,18,0.48,2.6738262676276324e-12,0.020000000000000018,61,4,0.06557377049180328,61,4,0.06557377049180328
hourly,99,2026-06-20 03:00:00+00:00,6,24,50,25,69,0.1,3,3,0.12,3,3,0.06,0.11734693877551021,0.06,61,32,0.5245901639344263,61,32,0.5245901639344263
hourly,99,2026-06-20 03:00:00+00:00,6,24,50,25,69,0.25,7,7,0.28,7,7,0.14,0.0048125633232016215,0.14,61,13,0.21311475409836064,61,13,0.21311475409836064
hourly,99,2026-06-20 03:00:00+00:00,6,24,50,25,69,0.5,13,10,0.4,10,12,0.26,1.4654490222006906e-05,0.14,61,4,0.06557377049180328,61,6,0.09836065573770492
hourly,99,2026-06-20 03:00:00+00:00,6,24,50,25,69,1.0,25,13,0.52,12,19,0.5,7.910728602448617e-15,0.020000000000000018,61,4,0.06557377049180328,61,4,0.06557377049180328
hourly,99,2026-06-20 03:00:00+00:00,12,24,50,26,71,0.1,3,3,0.11538461538461539,3,3,0.06,0.10326530612244898,0.05538461538461539,61,32,0.5245901639344263,61,32,0.5245901639344263
hourly,99,2026-06-20 03:00:00+00:00,12,24,50,26,71,0.25,7,7,0.2692307692307692,7,7,0.14,0.003465045592705167,0.1292307692307692,61,13,0.21311475409836064,61,13,0.21311475409836064
hourly,99,2026-06-20 03:00:00+00:00,12,24,50,26,71,0.5,13,10,0.38461538461538464,10,12,0.26,7.034155306563315e-06,0.12461538461538463,61,4,0.06557377049180328,61,6,0.09836065573770492
hourly,99,2026-06-20 03:00:00+00:00,12,24,50,26,71,1.0,26,13,0.5,12,20,0.52,0.0,-0.020000000000000018,61,4,0.06557377049180328,61,4,0.06557377049180328
hourly,100,2026-06-20 04:00:00+00:00,1,24,49,9,26,0.1,1,0,0.0,0,0,0.02040816326530612,0.8163265306122449,-0.02040816326530612,15,15,1.0,73,69,0.9452054794520548
hourly,100,2026-06-20 04:00:00+00:00,1,24,49,9,26,0.25,3,2,0.2222222222222222,2,2,0.061224489795918366,0.536257056013895,0.16099773242630383,15,10,0.6666666666666666,73,51,0.6986301369863014
hourly,100,2026-06-20 04:00:00+00:00,1,24,49,9,26,0.5,5,3,0.3333333333333333,3,3,0.10204081632653061,0.34506975778285415,0.2312925170068027,15,5,0.3333333333333333,73,41,0.5616438356164384
hourly,100,2026-06-20 04:00:00+00:00,1,24,49,9,26,1.0,9,4,0.4444444444444444,4,4,0.1836734693877551,0.13309553902004584,0.26077097505668934,15,3,0.2,73,18,0.2465753424657534
hourly,100,2026-06-20 04:00:00+00:00,3,24,49,28,76,0.1,3,3,0.10714285714285714,3,3,0.061224489795918366,0.07218844984802432,0.04591836734693877,69,48,0.6956521739130435,73,51,0.6986301369863014
hourly,100,2026-06-20 04:00:00+00:00,3,24,49,28,76,0.25,7,7,0.25,7,7,0.14285714285714285,0.0013536578517324167,0.10714285714285715,69,30,0.43478260869565216,73,32,0.4383561643835616
hourly,100,2026-06-20 04:00:00+00:00,3,24,49,28,76,0.5,14,13,0.4642857142857143,12,14,0.2857142857142857,1.7220317534673217e-07,0.1785714285714286,69,5,0.07246376811594203,73,6,0.0821917808219178
hourly,100,2026-06-20 04:00:00+00:00,3,24,49,28,76,1.0,28,17,0.6071428571428571,16,22,0.5714285714285714,0.0,0.0357142857142857,69,4,0.057971014492753624,73,4,0.0547945205479452
hourly,100,2026-06-20 04:00:00+00:00,6,24,49,31,82,0.1,4,4,0.12903225806451613,4,4,0.08163265306122448,0.014442409711340596,0.04739960500329164,73,46,0.6301369863013698,73,46,0.6301369863013698
hourly,100,2026-06-20 04:00:00+00:00,6,24,49,31,82,0.25,8,8,0.25806451612903225,8,8,0.16326530612244897,9.702910917179728e-05,0.09479921000658328,73,27,0.3698630136986301,73,27,0.3698630136986301
hourly,100,2026-06-20 04:00:00+00:00,6,24,49,31,82,0.5,16,13,0.41935483870967744,12,16,0.32653061224489793,4.569743706680199e-11,0.0928242264647795,73,5,0.0684931506849315,73,6,0.0821917808219178
hourly,100,2026-06-20 04:00:00+00:00,6,24,49,31,82,1.0,31,17,0.5483870967741935,16,25,0.6326530612244898,0.0,-0.08426596445029633,73,4,0.0547945205479452,73,4,0.0547945205479452
hourly,100,2026-06-20 04:00:00+00:00,12,24,49,33,86,0.1,4,4,0.12121212121212122,4,4,0.08163265306122448,0.008589929959032641,0.03957946815089673,73,46,0.6301369863013698,73,46,0.6301369863013698
hourly,100,2026-06-20 04:00:00+00:00,12,24,49,33,86,0.25,9,9,0.2727272727272727,9,9,0.1836734693877551,5.5683850313800446e-06,0.0890538033395176,73,18,0.2465753424657534,73,18,0.2465753424657534
hourly,100,2026-06-20 04:00:00+00:00,12,24,49,33,86,0.5,17,13,0.3939393939393939,12,16,0.3469387755102041,0.0,0.047000618429189844,73,5,0.0684931506849315,73,6,0.0821917808219178
hourly,100,2026-06-20 04:00:00+00:00,12,24,49,33,86,1.0,33,20,0.6060606060606061,17,27,0.673469387755102,0.0,-0.06740878169449593,73,4,0.0547945205479452,73,4,0.0547945205479452
hourly,101,2026-06-20 05:00:00+00:00,1,24,50,1,6,0.1,1,0,0.0,0,0,0.02,0.98,-0.02,6,6,1.0,76,72,0.9473684210526315
hourly,101,2026-06-20 05:00:00+00:00,1,24,50,1,6,0.25,1,0,0.0,0,0,0.02,0.98,-0.02,6,6,1.0,76,72,0.9473684210526315
hourly,101,2026-06-20 05:00:00+00:00,1,24,50,1,6,0.5,1,0,0.0,0,0,0.02,0.98,-0.02,6,6,1.0,76,72,0.9473684210526315
hourly,101,2026-06-20 05:00:00+00:00,1,24,50,1,6,1.0,1,0,0.0,0,0,0.02,0.98,-0.02,6,6,1.0,76,72,0.9473684210526315
hourly,101,2026-06-20 05:00:00+00:00,3,24,50,21,61,0.1,3,3,0.14285714285714285,3,3,0.06,0.18642857142857142,0.08285714285714285,49,31,0.6326530612244898,76,57,0.75
hourly,101,2026-06-20 05:00:00+00:00,3,24,50,21,61,0.25,6,6,0.2857142857142857,6,6,0.12,0.029892956257433594,0.1657142857142857,49,7,0.14285714285714285,76,44,0.5789473684210527
hourly,101,2026-06-20 05:00:00+00:00,3,24,50,21,61,0.5,11,10,0.47619047619047616,10,10,0.22,0.000926206883472666,0.2561904761904762,49,4,0.08163265306122448,76,12,0.15789473684210525
hourly,101,2026-06-20 05:00:00+00:00,3,24,50,21,61,1.0,21,14,0.6666666666666666,14,15,0.42,6.375030171197168e-08,0.24666666666666665,49,3,0.061224489795918366,76,6,0.07894736842105263
hourly,101,2026-06-20 05:00:00+00:00,6,24,50,33,87,0.1,4,4,0.12121212121212122,4,4,0.08,0.01033434650455927,0.041212121212121214,76,54,0.7105263157894737,76,54,0.7105263157894737
hourly,101,2026-06-20 05:00:00+00:00,6,24,50,33,87,0.25,9,9,0.2727272727272727,9,9,0.18,9.702910917179729e-06,0.09272727272727271,76,25,0.32894736842105265,76,25,0.32894736842105265
hourly,101,2026-06-20 05:00:00+00:00,6,24,50,33,87,0.5,17,14,0.42424242424242425,13,17,0.34,1.0154986014844886e-13,0.08424242424242423,76,5,0.06578947368421052,76,6,0.07894736842105263
hourly,101,2026-06-20 05:00:00+00:00,6,24,50,33,87,1.0,33,20,0.6060606060606061,17,28,0.66,0.0,-0.053939393939393954,76,4,0.05263157894736842,76,4,0.05263157894736842
hourly,101,2026-06-20 05:00:00+00:00,12,24,50,35,91,0.1,4,4,0.11428571428571428,4,4,0.08,0.005927051671732523,0.03428571428571428,76,54,0.7105263157894737,76,54,0.7105263157894737
hourly,101,2026-06-20 05:00:00+00:00,12,24,50,35,91,0.25,9,9,0.2571428571428571,9,9,0.18,1.997658130007591e-06,0.07714285714285712,76,25,0.32894736842105265,76,25,0.32894736842105265
hourly,101,2026-06-20 05:00:00+00:00,12,24,50,35,91,0.5,18,14,0.4,13,17,0.36,0.0,0.040000000000000036,76,5,0.06578947368421052,76,6,0.07894736842105263
hourly,101,2026-06-20 05:00:00+00:00,12,24,50,35,91,1.0,35,23,0.6571428571428571,20,30,0.7,0.0,-0.042857142857142816,76,3,0.039473684210526314,76,3,0.039473684210526314
hourly,102,2026-06-20 06:00:00+00:00,1,24,54,5,24,0.1,1,0,0.0,0,0,0.018518518518518517,0.9074074074074074,-0.018518518518518517,21,21,1.0,91,87,0.9560439560439561
hourly,102,2026-06-20 06:00:00+00:00,1,24,54,5,24,0.25,2,0,0.0,0,0,0.037037037037037035,0.8218029350104822,-0.037037037037037035,21,21,1.0,91,80,0.8791208791208791
hourly,102,2026-06-20 06:00:00+00:00,1,24,54,5,24,0.5,3,0,0.0,0,0,0.05555555555555555,0.7427834220287051,-0.05555555555555555,21,21,1.0,91,72,0.7912087912087912
hourly,102,2026-06-20 06:00:00+00:00,1,24,54,5,24,1.0,5,1,0.2,1,1,0.09259259259259259,0.6029653661174194,0.10740740740740742,21,15,0.7142857142857143,91,62,0.6813186813186813
hourly,102,2026-06-20 06:00:00+00:00,3,24,54,15,48,0.1,2,1,0.06666666666666667,1,1,0.037037037037037035,0.5178197064989518,0.02962962962962963,38,37,0.9736842105263158,91,80,0.8791208791208791
hourly,102,2026-06-20 06:00:00+00:00,3,24,54,15,48,0.25,4,3,0.2,3,3,0.07407407407407407,0.26008139104698486,0.12592592592592594,38,26,0.6842105263157895,91,67,0.7362637362637363
hourly,102,2026-06-20 06:00:00+00:00,3,24,54,15,48,0.5,8,6,0.4,6,7,0.14814814814814814,0.05913096671828105,0.2518518518518519,38,9,0.23684210526315788,91,47,0.5164835164835165
hourly,102,2026-06-20 06:00:00+00:00,3,24,54,15,48,1.0,15,8,0.5333333333333333,7,9,0.2777777777777778,0.002905002174851375,0.25555555555555554,38,6,0.15789473684210525,91,16,0.17582417582417584
hourly,102,2026-06-20 06:00:00+00:00,6,24,54,37,99,0.1,4,4,0.10810810810810811,4,4,0.07407407407407407,0.007525667903026394,0.034034034034034044,91,67,0.7362637362637363,91,67,0.7362637362637363
hourly,102,2026-06-20 06:00:00+00:00,6,24,54,37,99,0.25,10,10,0.2702702702702703,10,10,0.18518518518518517,8.126794994300624e-07,0.08508508508508511,91,37,0.4065934065934066,91,37,0.4065934065934066
hourly,102,2026-06-20 06:00:00+00:00,6,24,54,37,99,0.5,19,17,0.4594594594594595,17,19,0.35185185185185186,0.0,0.10760760760760762,91,7,0.07692307692307693,91,7,0.07692307692307693
hourly,102,2026-06-20 06:00:00+00:00,6,24,54,37,99,1.0,37,25,0.6756756756756757,23,33,0.6851851851851852,0.0,-0.009509509509509573,91,4,0.04395604395604396,91,4,0.04395604395604396
hourly,102,2026-06-20 06:00:00+00:00,12,24,54,39,103,0.1,4,4,0.10256410256410256,4,4,0.07407407407407407,0.004316191885559255,0.02849002849002849,91,67,0.7362637362637363,91,67,0.7362637362637363
hourly,102,2026-06-20 06:00:00+00:00,12,24,54,39,103,0.25,10,10,0.2564102564102564,10,10,0.18518518518518517,1.2548727564728903e-07,0.07122507122507121,91,37,0.4065934065934066,91,37,0.4065934065934066
hourly,102,2026-06-20 06:00:00+00:00,12,24,54,39,103,0.5,20,17,0.4358974358974359,17,20,0.37037037037037035,0.0,0.06552706552706555,91,7,0.07692307692307693,91,7,0.07692307692307693
hourly,102,2026-06-20 06:00:00+00:00,12,24,54,39,103,1.0,39,28,0.717948717948718,24,35,0.7222222222222222,0.0,-0.004273504273504258,91,3,0.03296703296703297,91,3,0.03296703296703297
hourly,103,2026-06-20 07:00:00+00:00,1,24,62,8,21,0.1,1,0,0.0,0,0,0.016129032258064516,0.8709677419354839,-0.016129032258064516,10,10,1.0,97,94,0.9690721649484536
hourly,103,2026-06-20 07:00:00+00:00,1,24,62,8,21,0.25,2,0,0.0,0,0,0.03225806451612903,0.7567424643046008,-0.03225806451612903,10,10,1.0,97,89,0.9175257731958762
hourly,103,2026-06-20 07:00:00+00:00,1,24,62,8,21,0.5,4,0,0.0,0,0,0.06451612903225806,0.5669155410553111,-0.06451612903225806,10,10,1.0,97,78,0.8041237113402062
hourly,103,2026-06-20 07:00:00+00:00,1,24,62,8,21,1.0,8,1,0.125,1,1,0.12903225806451613,0.30773009900544024,-0.0040322580645161255,10,9,0.9,97,62,0.6391752577319587
hourly,103,2026-06-20 07:00:00+00:00,3,24,62,15,44,0.1,2,0,0.0,0,0,0.03225806451612903,0.5716552088841883,-0.03225806451612903,38,38,1.0,97,89,0.9175257731958762
hourly,103,2026-06-20 07:00:00+00:00,3,24,62,15,44,0.25,4,1,0.06666666666666667,1,1,0.06451612903225806,0.3197393541216646,0.002150537634408603,38,29,0.7631578947368421,97,78,0.8041237113402062
hourly,103,2026-06-20 07:00:00+00:00,3,24,62,15,44,0.5,8,4,0.26666666666666666,3,5,0.12903225806451613,0.09300453412250367,0.13763440860215054,38,10,0.2631578947368421,97,62,0.6391752577319587
hourly,103,2026-06-20 07:00:00+00:00,3,24,62,15,44,1.0,15,7,0.4666666666666667,7,7,0.24193548387096775,0.00807731426740028,0.22473118279569892,38,6,0.15789473684210525,97,26,0.26804123711340205
hourly,103,2026-06-20 07:00:00+00:00,6,24,62,42,104,0.1,5,5,0.11904761904761904,5,5,0.08064516129032258,0.0023959195191100235,0.03840245775729646,91,66,0.7252747252747253,97,72,0.7422680412371134
hourly,103,2026-06-20 07:00:00+00:00,6,24,62,42,104,0.25,11,11,0.2619047619047619,11,11,0.1774193548387097,3.3045342589512624e-07,0.08448540706605223,91,44,0.4835164835164835,97,45,0.4639175257731959
hourly,103,2026-06-20 07:00:00+00:00,6,24,62,42,104,0.5,21,21,0.5,21,21,0.3387096774193548,0.0,0.16129032258064518,91,9,0.0989010989010989,97,9,0.09278350515463918
hourly,103,2026-06-20 07:00:00+00:00,6,24,62,42,104,1.0,42,30,0.7142857142857143,28,38,0.6774193548387096,0.0,0.03686635944700467,91,2,0.02197802197802198,97,3,0.030927835051546393
hourly,103,2026-06-20 07:00:00+00:00,12,24,62,46,112,0.1,5,5,0.10869565217391304,5,5,0.08064516129032258,0.0006750113815449292,0.028050490883590462,97,72,0.7422680412371134,97,72,0.7422680412371134
hourly,103,2026-06-20 07:00:00+00:00,12,24,62,46,112,0.25,12,12,0.2608695652173913,12,12,0.1935483870967742,8.425328651487466e-10,0.06732117812061711,97,39,0.4020618556701031,97,39,0.4020618556701031
hourly,103,2026-06-20 07:00:00+00:00,12,24,62,46,112,0.5,23,21,0.45652173913043476,21,23,0.3709677419354839,0.0,0.08555399719495088,97,9,0.09278350515463918,97,9,0.09278350515463918
hourly,103,2026-06-20 07:00:00+00:00,12,24,62,46,112,1.0,46,35,0.7608695652173914,30,42,0.7419354838709677,0.0,0.018934081346423604,97,2,0.020618556701030927,97,3,0.030927835051546393
hourly,104,2026-06-20 08:00:00+00:00,3,24,62,14,39,0.1,2,0,0.0,0,0,0.03225806451612903,0.5965097831835008,-0.03225806451612903,33,33,1.0,97,89,0.9175257731958762
hourly,104,2026-06-20 08:00:00+00:00,3,24,62,14,39,0.25,4,1,0.07142857142857142,1,1,0.06451612903225806,0.34880656813272504,0.006912442396313362,33,28,0.8484848484848485,97,78,0.8041237113402062
hourly,104,2026-06-20 08:00:00+00:00,3,24,62,14,39,0.5,7,4,0.2857142857142857,3,4,0.11290322580645161,0.1497146159045181,0.17281105990783407,33,10,0.30303030303030304,97,66,0.6804123711340206
hourly,104,2026-06-20 08:00:00+00:00,3,24,62,14,39,1.0,14,5,0.35714285714285715,5,6,0.22580645161290322,0.016586570474233727,0.13133640552995393,33,6,0.18181818181818182,97,31,0.31958762886597936
hourly,104,2026-06-20 08:00:00+00:00,6,24,62,34,87,0.1,4,4,0.11764705882352941,4,4,0.06451612903225806,0.036703743871505524,0.05313092979127135,74,54,0.7297297297297297,97,78,0.8041237113402062
hourly,104,2026-06-20 08:00:00+00:00,6,24,62,34,87,0.25,9,9,0.2647058823529412,9,9,0.14516129032258066,0.0003404662670073108,0.11954459203036052,74,31,0.4189189189189189,97,53,0.5463917525773195
hourly,104,2026-06-20 08:00:00+00:00,6,24,62,34,87,0.5,17,16,0.47058823529411764,16,16,0.27419354838709675,2.9033580097419104e-08,0.1963946869070209,74,10,0.13513513513513514,97,24,0.24742268041237114
hourly,104,2026-06-20 08:00:00+00:00,6,24,62,34,87,1.0,34,26,0.7647058823529411,26,28,0.5483870967741935,0.0,0.21631878557874762,74,3,0.04054054054054054,97,6,0.061855670103092786
hourly,104,2026-06-20 08:00:00+00:00,12,24,62,46,112,0.1,5,5,0.10869565217391304,5,5,0.08064516129032258,0.0006750113815449292,0.028050490883590462,97,72,0.7422680412371134,97,72,0.7422680412371134
hourly,104,2026-06-20 08:00:00+00:00,12,24,62,46,112,0.25,12,12,0.2608695652173913,12,12,0.1935483870967742,8.425328651487466e-10,0.06732117812061711,97,39,0.4020618556701031,97,39,0.4020618556701031
hourly,104,2026-06-20 08:00:00+00:00,12,24,62,46,112,0.5,23,21,0.45652173913043476,21,23,0.3709677419354839,0.0,0.08555399719495088,97,9,0.09278350515463918,97,9,0.09278350515463918
hourly,104,2026-06-20 08:00:00+00:00,12,24,62,46,112,1.0,46,35,0.7608695652173914,30,42,0.7419354838709677,0.0,0.018934081346423604,97,2,0.020618556701030927,97,3,0.030927835051546393
hourly,105,2026-06-20 09:00:00+00:00,1,24,62,2,6,0.1,1,0,0.0,0,0,0.016129032258064516,0.967741935483871,-0.016129032258064516,4,4,1.0,99,96,0.9696969696969697
hourly,105,2026-06-20 09:00:00+00:00,1,24,62,2,6,0.25,1,0,0.0,0,0,0.016129032258064516,0.967741935483871,-0.016129032258064516,4,4,1.0,99,96,0.9696969696969697
hourly,105,2026-06-20 09:00:00+00:00,1,24,62,2,6,0.5,1,0,0.0,0,0,0.016129032258064516,0.967741935483871,-0.016129032258064516,4,4,1.0,99,96,0.9696969696969697
hourly,105,2026-06-20 09:00:00+00:00,1,24,62,2,6,1.0,2,0,0.0,0,0,0.03225806451612903,0.9360126916975146,-0.03225806451612903,4,4,1.0,99,91,0.9191919191919192
hourly,105,2026-06-20 09:00:00+00:00,3,24,62,11,24,0.1,2,0,0.0,0,0,0.03225806451612903,0.674246430460074,-0.03225806451612903,22,22,1.0,99,91,0.9191919191919192
hourly,105,2026-06-20 09:00:00+00:00,3,24,62,11,24,0.25,3,0,0.0,0,0,0.04838709677419355,0.5506345848757271,-0.04838709677419355,22,22,1.0,99,85,0.8585858585858586
hourly,105,2026-06-20 09:00:00+00:00,3,24,62,11,24,0.5,6,2,0.18181818181818182,2,2,0.0967741935483871,0.29295812790336756,0.08504398826979473,22,13,0.5909090909090909,99,72,0.7272727272727273
hourly,105,2026-06-20 09:00:00+00:00,3,24,62,11,24,1.0,11,3,0.2727272727272727,3,3,0.1774193548387097,0.09370195564108073,0.09530791788856302,22,8,0.36363636363636365,99,52,0.5252525252525253
hourly,105,2026-06-20 09:00:00+00:00,6,24,62,27,66,0.1,3,2,0.07407407407407407,2,2,0.04838709677419355,0.17305658381808567,0.025686977299880523,57,52,0.9122807017543859,99,85,0.8585858585858586
hourly,105,2026-06-20 09:00:00+00:00,6,24,62,27,66,0.25,7,6,0.2222222222222222,5,6,0.11290322580645161,0.013673388806832307,0.1093189964157706,57,31,0.543859649122807,99,69,0.696969696969697
hourly,105,2026-06-20 09:00:00+00:00,6,24,62,27,66,0.5,14,9,0.3333333333333333,9,10,0.22580645161290322,7.978130776778641e-05,0.1075268817204301,57,17,0.2982456140350877,99,40,0.40404040404040403
hourly,105,2026-06-20 09:00:00+00:00,6,24,62,27,66,1.0,27,17,0.6296296296296297,16,20,0.43548387096774194,8.414889150193233e-11,0.1941457586618877,57,6,0.10526315789473684,99,12,0.12121212121212122
hourly,105,2026-06-20 09:00:00+00:00,12,24,62,48,114,0.1,5,5,0.10416666666666667,5,5,0.08064516129032258,0.0003093802165414259,0.023521505376344093,99,75,0.7575757575757576,99,75,0.7575757575757576
hourly,105,2026-06-20 09:00:00+00:00,12,24,62,48,114,0.25,12,12,0.25,12,12,0.1935483870967742,4.212664325743733e-11,0.05645161290322581,99,48,0.48484848484848486,99,48,0.48484848484848486
hourly,105,2026-06-20 09:00:00+00:00,12,24,62,48,114,0.5,24,23,0.4791666666666667,23,24,0.3870967741935484,0.0,0.09206989247311831,99,14,0.1414141414141414,99,14,0.1414141414141414
hourly,105,2026-06-20 09:00:00+00:00,12,24,62,48,114,1.0,48,37,0.7708333333333334,34,45,0.7741935483870968,0.0,-0.0033602150537633824,99,2,0.020202020202020204,99,3,0.030303030303030304
hourly,106,2026-06-20 10:00:00+00:00,1,24,69,4,12,0.1,1,0,0.0,0,0,0.014492753623188406,0.9420289855072463,-0.014492753623188406,6,6,1.0,107,104,0.9719626168224299
hourly,106,2026-06-20 10:00:00+00:00,1,24,69,4,12,0.25,1,0,0.0,0,0,0.014492753623188406,0.9420289855072463,-0.014492753623188406,6,6,1.0,107,104,0.9719626168224299
hourly,106,2026-06-20 10:00:00+00:00,1,24,69,4,12,0.5,2,0,0.0,0,0,0.028985507246376812,0.886615515771526,-0.028985507246376812,6,6,1.0,107,99,0.9252336448598131
hourly,106,2026-06-20 10:00:00+00:00,1,24,69,4,12,1.0,4,0,0.0,0,0,0.057971014492753624,0.7831569888293941,-0.057971014492753624,6,6,1.0,107,89,0.8317757009345794
hourly,106,2026-06-20 10:00:00+00:00,3,24,69,9,21,0.1,1,0,0.0,0,0,0.014492753623188406,0.8695652173913043,-0.014492753623188406,8,8,1.0,107,104,0.9719626168224299
hourly,106,2026-06-20 10:00:00+00:00,3,24,69,9,21,0.25,3,0,0.0,0,0,0.043478260869565216,0.65312822078864,-0.043478260869565216,8,8,1.0,107,93,0.8691588785046729
hourly,106,2026-06-20 10:00:00+00:00,3,24,69,9,21,0.5,5,1,0.1111111111111111,1,1,0.07246376811594203,0.48596393490847056,0.03864734299516907,8,7,0.875,107,84,0.7850467289719626
hourly,106,2026-06-20 10:00:00+00:00,3,24,69,9,21,1.0,9,1,0.1111111111111111,1,1,0.13043478260869565,0.26085409241175056,-0.019323671497584544,8,7,0.875,107,69,0.6448598130841121
hourly,106,2026-06-20 10:00:00+00:00,6,24,69,25,61,0.1,3,0,0.0,0,0,0.043478260869565216,0.2527770355384204,-0.043478260869565216,54,54,1.0,107,93,0.8691588785046729
hourly,106,2026-06-20 10:00:00+00:00,6,24,69,25,61,0.25,7,4,0.16,3,4,0.10144927536231885,0.035518273932977906,0.058550724637681156,54,31,0.5740740740740741,107,78,0.7289719626168224
hourly,106,2026-06-20 10:00:00+00:00,6,24,69,25,61,0.5,13,6,0.24,6,7,0.18840579710144928,0.001343195787298541,0.05159420289855071,54,17,0.3148148148148148,107,55,0.514018691588785
hourly,106,2026-06-20 10:00:00+00:00,6,24,69,25,61,1.0,25,12,0.48,12,13,0.36231884057971014,3.394666212317813e-07,0.11768115942028984,54,5,0.09259259259259259,107,18,0.16822429906542055
hourly,106,2026-06-20 10:00:00+00:00,12,24,69,55,122,0.1,6,6,0.10909090909090909,6,6,0.08695652173913043,2.5050578310493568e-05,0.022134387351778653,107,81,0.7570093457943925,107,81,0.7570093457943925
hourly,106,2026-06-20 10:00:00+00:00,12,24,69,55,122,0.25,14,14,0.2545454545454545,14,14,0.2028985507246377,6.468179558276683e-15,0.051646903820816825,107,48,0.4485981308411215,107,48,0.4485981308411215
hourly,106,2026-06-20 10:00:00+00:00,12,24,69,55,122,0.5,28,25,0.45454545454545453,25,28,0.4057971014492754,0.0,0.04874835309617914,107,16,0.14953271028037382,107,16,0.14953271028037382
hourly,106,2026-06-20 10:00:00+00:00,12,24,69,55,122,1.0,55,43,0.7818181818181819,41,52,0.7971014492753623,0.0,-0.01528326745718045,107,2,0.018691588785046728,107,2,0.018691588785046728
hourly,107,2026-06-20 11:00:00+00:00,1,24,73,6,15,0.1,1,0,0.0,0,0,0.0136986301369863,0.9178082191780822,-0.0136986301369863,5,5,1.0,124,121,0.9758064516129032
hourly,107,2026-06-20 11:00:00+00:00,1,24,73,6,15,0.25,2,0,0.0,0,0,0.0273972602739726,0.841324200913242,-0.0273972602739726,5,5,1.0,124,116,0.9354838709677419
hourly,107,2026-06-20 11:00:00+00:00,1,24,73,6,15,0.5,3,0,0.0,0,0,0.0410958904109589,0.7702263811177568,-0.0410958904109589,5,5,1.0,124,110,0.8870967741935484
hourly,107,2026-06-20 11:00:00+00:00,1,24,73,6,15,1.0,6,1,0.16666666666666666,1,1,0.0821917808219178,0.586238800564308,0.08447488584474885,5,5,1.0,124,98,0.7903225806451613
hourly,107,2026-06-20 11:00:00+00:00,3,24,73,16,37,0.1,2,0,0.0,0,0,0.0273972602739726,0.6073059360730594,-0.0273972602739726,14,14,1.0,124,116,0.9354838709677419
hourly,107,2026-06-20 11:00:00+00:00,3,24,73,16,37,0.25,4,1,0.0625,1,1,0.0547945205479452,0.3629172294038202,0.0077054794520547976,14,12,0.8571428571428571,124,106,0.8548387096774194
hourly,107,2026-06-20 11:00:00+00:00,3,24,73,16,37,0.5,8,2,0.125,2,2,0.1095890410958904,0.12292783663659573,0.015410958904109595,14,9,0.6428571428571429,124,87,0.7016129032258065
hourly,107,2026-06-20 11:00:00+00:00,3,24,73,16,37,1.0,16,3,0.1875,2,3,0.2191780821917808,0.010983468827337058,-0.03167808219178081,14,6,0.42857142857142855,124,57,0.4596774193548387
hourly,107,2026-06-20 11:00:00+00:00,6,24,73,31,69,0.1,4,1,0.03225806451612903,1,1,0.0547945205479452,0.10283619525371407,-0.02253645603181617,62,61,0.9838709677419355,124,106,0.8548387096774194
hourly,107,2026-06-20 11:00:00+00:00,6,24,73,31,69,0.25,8,5,0.16129032258064516,4,5,0.1095890410958904,0.00878061882248014,0.05170128148475475,62,30,0.4838709677419355,124,87,0.7016129032258065
hourly,107,2026-06-20 11:00:00+00:00,6,24,73,31,69,0.5,16,8,0.25806451612903225,8,9,0.2191780821917808,3.158522982502421e-05,0.03888643393725144,62,15,0.24193548387096775,124,57,0.4596774193548387
hourly,107,2026-06-20 11:00:00+00:00,6,24,73,31,69,1.0,31,15,0.4838709677419355,13,18,0.4246575342465753,1.1063230771158457e-11,0.05921343349536018,62,6,0.0967741935483871,124,19,0.1532258064516129
hourly,107,2026-06-20 11:00:00+00:00,12,24,73,61,136,0.1,7,7,0.11475409836065574,7,7,0.0958904109589041,4.860838215756862e-07,0.018863687401751636,119,85,0.7142857142857143,124,90,0.7258064516129032
hourly,107,2026-06-20 11:00:00+00:00,12,24,73,61,136,0.25,16,16,0.26229508196721313,16,16,0.2191780821917808,0.0,0.04311699977543232,119,52,0.4369747899159664,124,57,0.4596774193548387
hourly,107,2026-06-20 11:00:00+00:00,12,24,73,61,136,0.5,31,29,0.47540983606557374,29,31,0.4246575342465753,0.0,0.050752301818998424,119,19,0.15966386554621848,124,19,0.1532258064516129
hourly,107,2026-06-20 11:00:00+00:00,12,24,73,61,136,1.0,61,50,0.819672131147541,49,59,0.8356164383561644,0.0,-0.015944307208623387,119,2,0.01680672268907563,124,2,0.016129032258064516
hourly,108,2026-06-20 12:00:00+00:00,1,24,75,5,7,0.1,1,0,0.0,0,0,0.013333333333333334,0.9333333333333333,-0.013333333333333334,3,3,1.0,123,120,0.975609756097561
hourly,108,2026-06-20 12:00:00+00:00,1,24,75,5,7,0.25,2,0,0.0,0,0,0.02666666666666667,0.8702702702702703,-0.02666666666666667,3,3,1.0,123,115,0.9349593495934959
hourly,108,2026-06-20 12:00:00+00:00,1,24,75,5,7,0.5,3,0,0.0,0,0,0.04,0.8106627175120326,-0.04,3,3,1.0,123,109,0.8861788617886179
hourly,108,2026-06-20 12:00:00+00:00,1,24,75,5,7,1.0,5,0,0.0,0,0,0.06666666666666667,0.7012422802891644,-0.06666666666666667,3,3,1.0,123,100,0.8130081300813008
hourly,108,2026-06-20 12:00:00+00:00,3,24,75,17,31,0.1,2,0,0.0,0,0,0.02666666666666667,0.5956756756756757,-0.02666666666666667,15,15,1.0,123,115,0.9349593495934959
hourly,108,2026-06-20 12:00:00+00:00,3,24,75,17,31,0.25,5,1,0.058823529411764705,1,1,0.06666666666666667,0.26548539664495674,-0.00784313725490196,15,15,1.0,123,100,0.8130081300813008
hourly,108,2026-06-20 12:00:00+00:00,3,24,75,17,31,0.5,9,2,0.11764705882352941,2,2,0.12,0.08478698353961954,-0.0023529411764705854,15,15,1.0,123,82,0.6666666666666666
hourly,108,2026-06-20 12:00:00+00:00,3,24,75,17,31,1.0,17,3,0.17647058823529413,3,3,0.22666666666666666,0.006657367411740876,-0.050196078431372526,15,13,0.8666666666666667,123,52,0.42276422764227645
hourly,108,2026-06-20 12:00:00+00:00,6,24,75,31,60,0.1,4,1,0.03225806451612903,1,1,0.05333333333333334,0.11168785223579744,-0.021075268817204305,49,48,0.9795918367346939,123,105,0.8536585365853658
hourly,108,2026-06-20 12:00:00+00:00,6,24,75,31,60,0.25,8,3,0.0967741935483871,3,4,0.10666666666666667,0.010505130852459544,-0.00989247311827958,49,30,0.6122448979591837,123,85,0.6910569105691057
hourly,108,2026-06-20 12:00:00+00:00,6,24,75,31,60,0.5,16,6,0.1935483870967742,6,7,0.21333333333333335,4.8738302594178115e-05,-0.01978494623655916,49,22,0.4489795918367347,123,55,0.44715447154471544
hourly,108,2026-06-20 12:00:00+00:00,6,24,75,31,60,1.0,31,12,0.3870967741935484,10,14,0.41333333333333333,4.574110523817067e-11,-0.026236559139784954,49,16,0.32653061224489793,123,27,0.21951219512195122
hourly,108,2026-06-20 12:00:00+00:00,12,24,75,65,141,0.1,7,7,0.1076923076923077,7,7,0.09333333333333334,6.045858288558085e-08,0.01435897435897436,123,88,0.7154471544715447,123,88,0.7154471544715447
hourly,108,2026-06-20 12:00:00+00:00,12,24,75,65,141,0.25,17,17,0.26153846153846155,17,17,0.22666666666666666,0.0,0.0348717948717949,123,52,0.42276422764227645,123,52,0.42276422764227645
hourly,108,2026-06-20 12:00:00+00:00,12,24,75,65,141,0.5,33,31,0.47692307692307695,31,33,0.44,0.0,0.03692307692307695,123,27,0.21951219512195122,123,27,0.21951219512195122
hourly,108,2026-06-20 12:00:00+00:00,12,24,75,65,141,1.0,65,56,0.8615384615384616,55,63,0.8666666666666667,0.0,-0.00512820512820511,123,3,0.024390243902439025,123,3,0.024390243902439025
hourly,109,2026-06-20 13:00:00+00:00,1,24,69,3,8,0.1,1,0,0.0,0,0,0.014492753623188406,0.9565217391304348,-0.014492753623188406,4,4,1.0,125,122,0.976
hourly,109,2026-06-20 13:00:00+00:00,1,24,69,3,8,0.25,1,0,0.0,0,0,0.014492753623188406,0.9565217391304348,-0.014492753623188406,4,4,1.0,125,122,0.976
hourly,109,2026-06-20 13:00:00+00:00,1,24,69,3,8,0.5,2,0,0.0,0,0,0.028985507246376812,0.9143222506393862,-0.028985507246376812,4,4,1.0,125,117,0.936
hourly,109,2026-06-20 13:00:00+00:00,1,24,69,3,8,1.0,3,0,0.0,0,0,0.043478260869565216,0.873382448371951,-0.043478260869565216,4,4,1.0,125,111,0.888
hourly,109,2026-06-20 13:00:00+00:00,3,24,69,13,25,0.1,2,0,0.0,0,0,0.028985507246376812,0.6564364876385337,-0.028985507246376812,11,11,1.0,125,117,0.936
hourly,109,2026-06-20 13:00:00+00:00,3,24,69,13,25,0.25,4,1,0.07692307692307693,1,1,0.057971014492753624,0.4248578081459709,0.018952062430323303,11,11,1.0,125,107,0.856
hourly,109,2026-06-20 13:00:00+00:00,3,24,69,13,25,0.5,7,2,0.15384615384615385,2,2,0.10144927536231885,0.21495781959766386,0.05239687848383501,11,11,1.0,125,90,0.72
hourly,109,2026-06-20 13:00:00+00:00,3,24,69,13,25,1.0,13,2,0.15384615384615385,2,2,0.18840579710144928,0.04889717961054604,-0.034559643255295425,11,11,1.0,125,68,0.544
hourly,109,2026-06-20 13:00:00+00:00,6,24,69,21,44,0.1,3,0,0.0,0,0,0.043478260869565216,0.3301141352063213,-0.043478260869565216,24,24,1.0,125,111,0.888
hourly,109,2026-06-20 13:00:00+00:00,6,24,69,21,44,0.25,6,1,0.047619047619047616,1,1,0.08695652173913043,0.10236712365772946,-0.039337474120082816,24,24,1.0,125,99,0.792
hourly,109,2026-06-20 13:00:00+00:00,6,24,69,21,44,0.5,11,2,0.09523809523809523,2,2,0.15942028985507245,0.01238900723656005,-0.06418219461697722,24,24,1.0,125,76,0.608
hourly,109,2026-06-20 13:00:00+00:00,6,24,69,21,44,1.0,21,4,0.19047619047619047,3,6,0.30434782608695654,8.270424275687405e-05,-0.11387163561076608,24,22,0.9166666666666666,125,50,0.4
hourly,109,2026-06-20 13:00:00+00:00,12,24,69,62,135,0.1,7,7,0.11290322580645161,7,7,0.10144927536231885,9.268723243605863e-10,0.011453950444132763,123,88,0.7154471544715447,125,90,0.72
hourly,109,2026-06-20 13:00:00+00:00,12,24,69,62,135,0.25,16,16,0.25806451612903225,16,16,0.2318840579710145,0.0,0.026180458158017755,123,55,0.44715447154471544,125,57,0.456
hourly,109,2026-06-20 13:00:00+00:00,12,24,69,62,135,0.5,31,31,0.5,31,31,0.4492753623188406,0.0,0.050724637681159424,123,26,0.21138211382113822,125,26,0.208
hourly,109,2026-06-20 13:00:00+00:00,12,24,69,62,135,1.0,62,58,0.9354838709677419,55,62,0.8985507246376812,0.0,0.03693314633006073,123,2,0.016260162601626018,125,2,0.016
hourly,110,2026-06-20 14:00:00+00:00,1,24,70,3,6,0.1,1,0,0.0,0,0,0.014285714285714285,0.9571428571428572,-0.014285714285714285,2,2,1.0,127,124,0.9763779527559056
hourly,110,2026-06-20 14:00:00+00:00,1,24,70,3,6,0.25,1,0,0.0,0,0,0.014285714285714285,0.9571428571428572,-0.014285714285714285,2,2,1.0,127,124,0.9763779527559056
hourly,110,2026-06-20 14:00:00+00:00,1,24,70,3,6,0.5,2,0,0.0,0,0,0.02857142857142857,0.915527950310559,-0.02857142857142857,2,2,1.0,127,119,0.937007874015748
hourly,110,2026-06-20 14:00:00+00:00,1,24,70,3,6,1.0,3,0,0.0,0,0,0.04285714285714286,0.8751370113262696,-0.04285714285714286,2,2,1.0,127,113,0.889763779527559
hourly,110,2026-06-20 14:00:00+00:00,3,24,70,9,16,0.1,1,0,0.0,0,0,0.014285714285714285,0.8714285714285714,-0.014285714285714285,7,7,1.0,127,124,0.9763779527559056
hourly,110,2026-06-20 14:00:00+00:00,3,24,70,9,16,0.25,3,0,0.0,0,0,0.04285714285714286,0.6574716843259043,-0.04285714285714286,7,7,1.0,127,113,0.889763779527559
hourly,110,2026-06-20 14:00:00+00:00,3,24,70,9,16,0.5,5,0,0.0,0,0,0.07142857142857142,0.4915426025285933,-0.07142857142857142,7,7,1.0,127,105,0.8267716535433071
hourly,110,2026-06-20 14:00:00+00:00,3,24,70,9,16,1.0,9,1,0.1111111111111111,1,1,0.12857142857142856,0.266658812600034,-0.017460317460317454,7,7,1.0,127,89,0.7007874015748031
hourly,110,2026-06-20 14:00:00+00:00,6,24,70,23,46,0.1,3,0,0.0,0,0,0.04285714285714286,0.296218487394958,-0.04285714285714286,41,41,1.0,127,113,0.889763779527559
hourly,110,2026-06-20 14:00:00+00:00,6,24,70,23,46,0.25,6,1,0.043478260869565216,1,1,0.08571428571428572,0.08189369892618356,-0.0422360248447205,41,40,0.975609756097561,127,103,0.8110236220472441
hourly,110,2026-06-20 14:00:00+00:00,6,24,70,23,46,0.5,12,2,0.08695652173913043,2,2,0.17142857142857143,0.004911356440207734,-0.084472049689441,41,27,0.6585365853658537,127,77,0.6062992125984252
hourly,110,2026-06-20 14:00:00+00:00,6,24,70,23,46,1.0,23,6,0.2608695652173913,5,6,0.32857142857142857,8.99962463035181e-06,-0.06770186335403727,41,18,0.43902439024390244,127,47,0.3700787401574803
hourly,110,2026-06-20 14:00:00+00:00,12,24,70,57,122,0.1,6,6,0.10526315789473684,6,6,0.08571428571428572,1.3087649076502763e-05,0.01954887218045112,110,80,0.7272727272727273,127,103,0.8110236220472441
hourly,110,2026-06-20 14:00:00+00:00,12,24,70,57,122,0.25,15,15,0.2631578947368421,14,15,0.21428571428571427,0.0,0.04887218045112782,110,53,0.4818181818181818,127,66,0.5196850393700787
hourly,110,2026-06-20 14:00:00+00:00,12,24,70,57,122,0.5,29,28,0.49122807017543857,28,28,0.4142857142857143,0.0,0.07694235588972426,110,27,0.24545454545454545,127,30,0.23622047244094488
hourly,110,2026-06-20 14:00:00+00:00,12,24,70,57,122,1.0,57,50,0.8771929824561403,44,55,0.8142857142857143,0.0,0.06290726817042602,110,3,0.02727272727272727,127,3,0.023622047244094488
hourly,111,2026-06-20 15:00:00+00:00,1,24,72,1,3,0.1,1,0,0.0,0,0,0.013888888888888888,0.9861111111111112,-0.013888888888888888,3,3,1.0,128,125,0.9765625
hourly,111,2026-06-20 15:00:00+00:00,1,24,72,1,3,0.25,1,0,0.0,0,0,0.013888888888888888,0.9861111111111112,-0.013888888888888888,3,3,1.0,128,125,0.9765625
hourly,111,2026-06-20 15:00:00+00:00,1,24,72,1,3,0.5,1,0,0.0,0,0,0.013888888888888888,0.9861111111111112,-0.013888888888888888,3,3,1.0,128,125,0.9765625
hourly,111,2026-06-20 15:00:00+00:00,1,24,72,1,3,1.0,1,0,0.0,0,0,0.013888888888888888,0.9861111111111112,-0.013888888888888888,3,3,1.0,128,125,0.9765625
hourly,111,2026-06-20 15:00:00+00:00,3,24,72,8,16,0.1,1,0,0.0,0,0,0.013888888888888888,0.8888888888888888,-0.013888888888888888,5,5,1.0,128,125,0.9765625
hourly,111,2026-06-20 15:00:00+00:00,3,24,72,8,16,0.25,2,0,0.0,0,0,0.027777777777777776,0.7887323943661971,-0.027777777777777776,5,5,1.0,128,120,0.9375
hourly,111,2026-06-20 15:00:00+00:00,3,24,72,8,16,0.5,4,0,0.0,0,0,0.05555555555555555,0.6175954276382936,-0.05555555555555555,5,5,1.0,128,111,0.8671875
hourly,111,2026-06-20 15:00:00+00:00,3,24,72,8,16,1.0,8,1,0.125,1,1,0.1111111111111111,0.3698019319565062,0.013888888888888895,5,4,0.8,128,94,0.734375
hourly,111,2026-06-20 15:00:00+00:00,6,24,72,23,41,0.1,3,0,0.0,0,0,0.041666666666666664,0.3089201877934272,-0.041666666666666664,34,34,1.0,128,114,0.890625
hourly,111,2026-06-20 15:00:00+00:00,6,24,72,23,41,0.25,6,1,0.043478260869565216,1,1,0.08333333333333333,0.08950277609467162,-0.03985507246376811,34,33,0.9705882352941176,128,104,0.8125
hourly,111,2026-06-20 15:00:00+00:00,6,24,72,23,41,0.5,12,2,0.08695652173913043,2,2,0.16666666666666666,0.0060054694703043435,-0.07971014492753623,34,22,0.6470588235294118,128,79,0.6171875
hourly,111,2026-06-20 15:00:00+00:00,6,24,72,23,41,1.0,23,5,0.21739130434782608,5,5,0.3194444444444444,1.4982863696623839e-05,-0.10205314009661834,34,16,0.47058823529411764,128,48,0.375
hourly,111,2026-06-20 15:00:00+00:00,12,24,72,51,104,0.1,6,5,0.09803921568627451,5,5,0.08333333333333333,0.0003473142554222153,0.01470588235294118,89,70,0.7865168539325843,128,104,0.8125
hourly,111,2026-06-20 15:00:00+00:00,12,24,72,51,104,0.25,13,10,0.19607843137254902,10,10,0.18055555555555555,2.8697965314500867e-09,0.015522875816993464,89,54,0.6067415730337079,128,75,0.5859375
hourly,111,2026-06-20 15:00:00+00:00,12,24,72,51,104,0.5,26,20,0.39215686274509803,19,21,0.3611111111111111,0.0,0.03104575163398693,89,34,0.38202247191011235,128,40,0.3125
hourly,111,2026-06-20 15:00:00+00:00,12,24,72,51,104,1.0,51,40,0.7843137254901961,37,43,0.7083333333333334,0.0,0.0759803921568627,89,3,0.033707865168539325,128,4,0.03125
hourly,112,2026-06-20 16:00:00+00:00,3,24,72,5,10,0.1,1,0,0.0,0,0,0.013888888888888888,0.9305555555555556,-0.013888888888888888,4,4,1.0,128,125,0.9765625
hourly,112,2026-06-20 16:00:00+00:00,3,24,72,5,10,0.25,2,0,0.0,0,0,0.027777777777777776,0.8650234741784038,-0.027777777777777776,4,4,1.0,128,120,0.9375
hourly,112,2026-06-20 16:00:00+00:00,3,24,72,5,10,0.5,3,0,0.0,0,0,0.041666666666666664,0.8032360831656606,-0.041666666666666664,4,4,1.0,128,114,0.890625
hourly,112,2026-06-20 16:00:00+00:00,3,24,72,5,10,1.0,5,0,0.0,0,0,0.06944444444444445,0.6902489103418464,-0.06944444444444445,4,4,1.0,128,106,0.828125
hourly,112,2026-06-20 16:00:00+00:00,6,24,72,18,31,0.1,2,0,0.0,0,0,0.027777777777777776,0.5598591549295775,-0.027777777777777776,20,20,1.0,128,120,0.9375
hourly,112,2026-06-20 16:00:00+00:00,6,24,72,18,31,0.25,5,1,0.05555555555555555,1,1,0.06944444444444445,0.22603009360510892,-0.013888888888888895,20,19,0.95,128,106,0.828125
hourly,112,2026-06-20 16:00:00+00:00,6,24,72,18,31,0.5,9,2,0.1111111111111111,2,2,0.125,0.0624808894069983,-0.013888888888888895,20,15,0.75,128,91,0.7109375
hourly,112,2026-06-20 16:00:00+00:00,6,24,72,18,31,1.0,18,4,0.2222222222222222,4,5,0.25,0.002339402842748212,-0.02777777777777779,20,13,0.65,128,59,0.4609375
hourly,112,2026-06-20 16:00:00+00:00,12,24,72,42,84,0.1,5,2,0.047619047619047616,2,2,0.06944444444444445,0.010185151831706351,-0.02182539682539683,76,63,0.8289473684210527,128,106,0.828125
hourly,112,2026-06-20 16:00:00+00:00,12,24,72,42,84,0.25,11,7,0.16666666666666666,6,7,0.1527777777777778,1.8074831497694998e-05,0.013888888888888867,76,48,0.631578947368421,128,83,0.6484375
hourly,112,2026-06-20 16:00:00+00:00,12,24,72,42,84,0.5,21,12,0.2857142857142857,11,13,0.2916666666666667,1.8515958971760388e-11,-0.005952380952380987,76,32,0.42105263157894735,128,53,0.4140625
hourly,112,2026-06-20 16:00:00+00:00,12,24,72,42,84,1.0,42,26,0.6190476190476191,26,29,0.5833333333333334,0.0,0.0357142857142857,76,5,0.06578947368421052,128,6,0.046875
hourly,113,2026-06-20 17:00:00+00:00,3,24,73,2,5,0.1,1,0,0.0,0,0,0.0136986301369863,0.9726027397260274,-0.0136986301369863,3,3,1.0,128,125,0.9765625
hourly,113,2026-06-20 17:00:00+00:00,3,24,73,2,5,0.25,1,0,0.0,0,0,0.0136986301369863,0.9726027397260274,-0.0136986301369863,3,3,1.0,128,125,0.9765625
hourly,113,2026-06-20 17:00:00+00:00,3,24,73,2,5,0.5,1,0,0.0,0,0,0.0136986301369863,0.9726027397260274,-0.0136986301369863,3,3,1.0,128,125,0.9765625
hourly,113,2026-06-20 17:00:00+00:00,3,24,73,2,5,1.0,2,0,0.0,0,0,0.0273972602739726,0.94558599695586,-0.0273972602739726,3,3,1.0,128,120,0.9375
hourly,113,2026-06-20 17:00:00+00:00,6,24,73,12,20,0.1,2,0,0.0,0,0,0.0273972602739726,0.6963470319634704,-0.0273972602739726,9,9,1.0,128,120,0.9375
hourly,113,2026-06-20 17:00:00+00:00,6,24,73,12,20,0.25,3,0,0.0,0,0,0.0410958904109589,0.5786545758569683,-0.0410958904109589,9,9,1.0,128,114,0.890625
hourly,113,2026-06-20 17:00:00+00:00,6,24,73,12,20,0.5,6,0,0.0,0,0,0.0821917808219178,0.3261776688462297,-0.0821917808219178,9,9,1.0,128,104,0.8125
hourly,113,2026-06-20 17:00:00+00:00,6,24,73,12,20,1.0,12,1,0.08333333333333333,1,1,0.1643835616438356,0.09475142707667296,-0.08105022831050228,9,9,1.0,128,79,0.6171875
hourly,113,2026-06-20 17:00:00+00:00,12,24,73,43,81,0.1,5,2,0.046511627906976744,2,2,0.0684931506849315,0.009487538692548382,-0.02198152277795476,71,67,0.9436619718309859,128,106,0.828125
hourly,113,2026-06-20 17:00:00+00:00,12,24,73,43,81,0.25,11,7,0.16279069767441862,6,7,0.1506849315068493,1.5351226751466984e-05,0.01210576616756931,71,51,0.7183098591549296,128,83,0.6484375
hourly,113,2026-06-20 17:00:00+00:00,12,24,73,43,81,0.5,22,13,0.3023255813953488,11,14,0.3013698630136986,2.282789462271829e-12,0.0009557183816502057,71,31,0.43661971830985913,128,51,0.3984375
hourly,113,2026-06-20 17:00:00+00:00,12,24,73,43,81,1.0,43,27,0.627906976744186,27,29,0.589041095890411,0.0,0.03886588085377507,71,4,0.056338028169014086,128,4,0.03125
hourly,114,2026-06-20 18:00:00+00:00,1,24,75,3,8,0.1,1,0,0.0,0,0,0.013333333333333334,0.96,-0.013333333333333334,4,4,1.0,131,128,0.9770992366412213
hourly,114,2026-06-20 18:00:00+00:00,1,24,75,3,8,0.25,1,0,0.0,0,0,0.013333333333333334,0.96,-0.013333333333333334,4,4,1.0,131,128,0.9770992366412213
hourly,114,2026-06-20 18:00:00+00:00,1,24,75,3,8,0.5,2,0,0.0,0,0,0.02666666666666667,0.9210810810810811,-0.02666666666666667,4,4,1.0,131,123,0.9389312977099237
hourly,114,2026-06-20 18:00:00+00:00,1,24,75,3,8,1.0,3,0,0.0,0,0,0.04,0.8832284339133655,-0.04,4,4,1.0,131,117,0.8931297709923665
hourly,114,2026-06-20 18:00:00+00:00,3,24,75,3,9,0.1,1,0,0.0,0,0,0.013333333333333334,0.96,-0.013333333333333334,5,5,1.0,131,128,0.9770992366412213
hourly,114,2026-06-20 18:00:00+00:00,3,24,75,3,9,0.25,1,0,0.0,0,0,0.013333333333333334,0.96,-0.013333333333333334,5,5,1.0,131,128,0.9770992366412213
hourly,114,2026-06-20 18:00:00+00:00,3,24,75,3,9,0.5,2,0,0.0,0,0,0.02666666666666667,0.9210810810810811,-0.02666666666666667,5,5,1.0,131,123,0.9389312977099237
hourly,114,2026-06-20 18:00:00+00:00,3,24,75,3,9,1.0,3,0,0.0,0,0,0.04,0.8832284339133655,-0.04,5,5,1.0,131,117,0.8931297709923665
hourly,114,2026-06-20 18:00:00+00:00,6,24,75,10,23,0.1,1,0,0.0,0,0,0.013333333333333334,0.8666666666666667,-0.013333333333333334,7,7,1.0,131,128,0.9770992366412213
hourly,114,2026-06-20 18:00:00+00:00,6,24,75,10,23,0.25,3,0,0.0,0,0,0.04,0.6468715290633099,-0.04,7,7,1.0,131,117,0.8931297709923665
hourly,114,2026-06-20 18:00:00+00:00,6,24,75,10,23,0.5,5,0,0.0,0,0,0.06666666666666667,0.4785735764705473,-0.06666666666666667,7,7,1.0,131,109,0.8320610687022901
hourly,114,2026-06-20 18:00:00+00:00,6,24,75,10,23,1.0,10,2,0.2,1,2,0.13333333333333333,0.21595739133878653,0.06666666666666668,7,4,0.5714285714285714,131,89,0.6793893129770993
hourly,114,2026-06-20 18:00:00+00:00,12,24,75,40,78,0.1,4,1,0.025,1,1,0.05333333333333334,0.04307869513348966,-0.028333333333333335,62,62,1.0,131,114,0.8702290076335878
hourly,114,2026-06-20 18:00:00+00:00,12,24,75,40,78,0.25,10,5,0.125,3,6,0.13333333333333333,0.0002214652033113351,-0.008333333333333331,62,37,0.5967741935483871,131,89,0.6793893129770993
hourly,114,2026-06-20 18:00:00+00:00,12,24,75,40,78,0.5,20,10,0.25,10,10,0.26666666666666666,4.043915053998466e-09,-0.016666666666666663,62,26,0.41935483870967744,131,52,0.3969465648854962
hourly,114,2026-06-20 18:00:00+00:00,12,24,75,40,78,1.0,40,21,0.525,20,23,0.5333333333333333,0.0,-0.008333333333333304,62,5,0.08064516129032258,131,8,0.061068702290076333
hourly,115,2026-06-20 19:00:00+00:00,1,24,75,1,2,0.1,1,0,0.0,0,0,0.013333333333333334,0.9866666666666667,-0.013333333333333334,2,2,1.0,132,129,0.9772727272727273
hourly,115,2026-06-20 19:00:00+00:00,1,24,75,1,2,0.25,1,0,0.0,0,0,0.013333333333333334,0.9866666666666667,-0.013333333333333334,2,2,1.0,132,129,0.9772727272727273
hourly,115,2026-06-20 19:00:00+00:00,1,24,75,1,2,0.5,1,0,0.0,0,0,0.013333333333333334,0.9866666666666667,-0.013333333333333334,2,2,1.0,132,129,0.9772727272727273
hourly,115,2026-06-20 19:00:00+00:00,1,24,75,1,2,1.0,1,0,0.0,0,0,0.013333333333333334,0.9866666666666667,-0.013333333333333334,2,2,1.0,132,129,0.9772727272727273
hourly,115,2026-06-20 19:00:00+00:00,3,24,75,4,10,0.1,1,0,0.0,0,0,0.013333333333333334,0.9466666666666667,-0.013333333333333334,6,6,1.0,132,129,0.9772727272727273
hourly,115,2026-06-20 19:00:00+00:00,3,24,75,4,10,0.25,1,0,0.0,0,0,0.013333333333333334,0.9466666666666667,-0.013333333333333334,6,6,1.0,132,129,0.9772727272727273
hourly,115,2026-06-20 19:00:00+00:00,3,24,75,4,10,0.5,2,0,0.0,0,0,0.02666666666666667,0.8954954954954955,-0.02666666666666667,6,6,1.0,132,124,0.9393939393939394
hourly,115,2026-06-20 19:00:00+00:00,3,24,75,4,10,1.0,4,0,0.0,0,0,0.05333333333333334,0.7994035131021432,-0.05333333333333334,6,6,1.0,132,115,0.8712121212121212
hourly,115,2026-06-20 19:00:00+00:00,6,24,75,8,19,0.1,1,0,0.0,0,0,0.013333333333333334,0.8933333333333333,-0.013333333333333334,7,7,1.0,132,129,0.9772727272727273
hourly,115,2026-06-20 19:00:00+00:00,6,24,75,8,19,0.25,2,0,0.0,0,0,0.02666666666666667,0.7967567567567567,-0.02666666666666667,7,7,1.0,132,124,0.9393939393939394
hourly,115,2026-06-20 19:00:00+00:00,6,24,75,8,19,0.5,4,0,0.0,0,0,0.05333333333333334,0.6306141758196553,-0.05333333333333334,7,7,1.0,132,115,0.8712121212121212
hourly,115,2026-06-20 19:00:00+00:00,6,24,75,8,19,1.0,8,2,0.25,2,2,0.10666666666666667,0.3866007225343004,0.1433333333333333,7,3,0.42857142857142855,132,95,0.7196969696969697
hourly,115,2026-06-20 19:00:00+00:00,12,24,75,29,59,0.1,3,0,0.0,0,0,0.04,0.22480562754535358,-0.04,47,47,1.0,132,118,0.8939393939393939
hourly,115,2026-06-20 19:00:00+00:00,12,24,75,29,59,0.25,8,3,0.10344827586206896,3,3,0.10666666666666667,0.015466302179652386,-0.0032183908045977094,47,28,0.5957446808510638,132,95,0.7196969696969697
hourly,115,2026-06-20 19:00:00+00:00,12,24,75,29,59,0.5,15,3,0.10344827586206896,3,3,0.2,0.0002244455759064487,-0.09655172413793105,47,28,0.5957446808510638,132,68,0.5151515151515151
hourly,115,2026-06-20 19:00:00+00:00,12,24,75,29,59,1.0,29,8,0.27586206896551724,6,8,0.38666666666666666,3.431303603554578e-09,-0.11080459770114942,47,18,0.3829787234042553,132,35,0.26515151515151514
hourly,116,2026-06-20 20:00:00+00:00,1,24,73,1,3,0.1,1,0,0.0,0,0,0.0136986301369863,0.9863013698630136,-0.0136986301369863,3,3,1.0,128,123,0.9609375
hourly,116,2026-06-20 20:00:00+00:00,1,24,73,1,3,0.25,1,0,0.0,0,0,0.0136986301369863,0.9863013698630136,-0.0136986301369863,3,3,1.0,128,123,0.9609375
hourly,116,2026-06-20 20:00:00+00:00,1,24,73,1,3,0.5,1,0,0.0,0,0,0.0136986301369863,0.9863013698630136,-0.0136986301369863,3,3,1.0,128,123,0.9609375
hourly,116,2026-06-20 20:00:00+00:00,1,24,73,1,3,1.0,1,0,0.0,0,0,0.0136986301369863,0.9863013698630136,-0.0136986301369863,3,3,1.0,128,123,0.9609375
hourly,116,2026-06-20 20:00:00+00:00,3,24,73,5,13,0.1,1,0,0.0,0,0,0.0136986301369863,0.9315068493150684,-0.0136986301369863,5,5,1.0,128,123,0.9609375
hourly,116,2026-06-20 20:00:00+00:00,3,24,73,5,13,0.25,2,0,0.0,0,0,0.0273972602739726,0.8668188736681888,-0.0273972602739726,5,5,1.0,128,117,0.9140625
hourly,116,2026-06-20 20:00:00+00:00,3,24,73,5,13,0.5,3,0,0.0,0,0,0.0410958904109589,0.8057752910154994,-0.0410958904109589,5,5,1.0,128,114,0.890625
hourly,116,2026-06-20 20:00:00+00:00,3,24,73,5,13,1.0,5,0,0.0,0,0,0.0684931506849315,0.6940010788042397,-0.0684931506849315,5,5,1.0,128,107,0.8359375
hourly,116,2026-06-20 20:00:00+00:00,6,24,73,6,18,0.1,1,0,0.0,0,0,0.0136986301369863,0.9178082191780822,-0.0136986301369863,7,7,1.0,128,123,0.9609375
hourly,116,2026-06-20 20:00:00+00:00,6,24,73,6,18,0.25,2,0,0.0,0,0,0.0273972602739726,0.841324200913242,-0.0273972602739726,7,7,1.0,128,117,0.9140625
hourly,116,2026-06-20 20:00:00+00:00,6,24,73,6,18,0.5,3,0,0.0,0,0,0.0410958904109589,0.7702263811177568,-0.0410958904109589,7,7,1.0,128,114,0.890625
hourly,116,2026-06-20 20:00:00+00:00,6,24,73,6,18,1.0,6,0,0.0,0,0,0.0821917808219178,0.586238800564308,-0.0821917808219178,7,7,1.0,128,100,0.78125
hourly,116,2026-06-20 20:00:00+00:00,12,24,73,28,62,0.1,3,1,0.03571428571428571,1,1,0.0410958904109589,0.22814972023924368,-0.0053816046966731895,47,46,0.9787234042553191,128,114,0.890625
hourly,116,2026-06-20 20:00:00+00:00,12,24,73,28,62,0.25,7,3,0.10714285714285714,3,3,0.0958904109589041,0.02785138776673288,0.011252446183953033,47,28,0.5957446808510638,128,94,0.734375
hourly,116,2026-06-20 20:00:00+00:00,12,24,73,28,62,0.5,14,4,0.14285714285714285,4,4,0.1917808219178082,0.00045133077763796753,-0.04892367906066536,47,28,0.5957446808510638,128,72,0.5625
hourly,116,2026-06-20 20:00:00+00:00,12,24,73,28,62,1.0,28,8,0.2857142857142857,7,8,0.3835616438356164,8.999874763576517e-09,-0.09784735812133072,47,18,0.3829787234042553,128,34,0.265625
hourly,117,2026-06-20 21:00:00+00:00,3,24,73,2,6,0.1,1,0,0.0,0,0,0.0136986301369863,0.9726027397260274,-0.0136986301369863,4,4,1.0,128,123,0.9609375
hourly,117,2026-06-20 21:00:00+00:00,3,24,73,2,6,0.25,1,0,0.0,0,0,0.0136986301369863,0.9726027397260274,-0.0136986301369863,4,4,1.0,128,123,0.9609375
hourly,117,2026-06-20 21:00:00+00:00,3,24,73,2,6,0.5,1,0,0.0,0,0,0.0136986301369863,0.9726027397260274,-0.0136986301369863,4,4,1.0,128,123,0.9609375
hourly,117,2026-06-20 21:00:00+00:00,3,24,73,2,6,1.0,2,0,0.0,0,0,0.0273972602739726,0.94558599695586,-0.0273972602739726,4,4,1.0,128,117,0.9140625
hourly,117,2026-06-20 21:00:00+00:00,6,24,73,5,15,0.1,1,0,0.0,0,0,0.0136986301369863,0.9315068493150684,-0.0136986301369863,6,6,1.0,128,123,0.9609375
hourly,117,2026-06-20 21:00:00+00:00,6,24,73,5,15,0.25,2,0,0.0,0,0,0.0273972602739726,0.8668188736681888,-0.0273972602739726,6,6,1.0,128,117,0.9140625
hourly,117,2026-06-20 21:00:00+00:00,6,24,73,5,15,0.5,3,0,0.0,0,0,0.0410958904109589,0.8057752910154994,-0.0410958904109589,6,6,1.0,128,114,0.890625
hourly,117,2026-06-20 21:00:00+00:00,6,24,73,5,15,1.0,5,0,0.0,0,0,0.0684931506849315,0.6940010788042397,-0.0684931506849315,6,6,1.0,128,107,0.8359375
hourly,117,2026-06-20 21:00:00+00:00,12,24,73,25,54,0.1,3,1,0.04,1,1,0.0410958904109589,0.27808862306257637,-0.001095890410958901,40,39,0.975,128,114,0.890625
hourly,117,2026-06-20 21:00:00+00:00,12,24,73,25,54,0.25,7,3,0.12,3,3,0.0958904109589041,0.045189268556605246,0.02410958904109589,40,28,0.7,128,100,0.78125
hourly,117,2026-06-20 21:00:00+00:00,12,24,73,25,54,0.5,13,4,0.16,4,4,0.1780821917808219,0.0022363112480976756,-0.018082191780821905,40,23,0.575,128,77,0.6015625
hourly,117,2026-06-20 21:00:00+00:00,12,24,73,25,54,1.0,25,8,0.32,7,8,0.3424657534246575,1.3335349635558922e-06,-0.02246575342465751,40,15,0.375,128,44,0.34375
hourly,118,2026-06-20 22:00:00+00:00,1,24,76,3,6,0.1,1,0,0.0,0,0,0.013157894736842105,0.9605263157894737,-0.013157894736842105,6,6,1.0,129,124,0.9612403100775194
hourly,118,2026-06-20 22:00:00+00:00,1,24,76,3,6,0.25,1,0,0.0,0,0,0.013157894736842105,0.9605263157894737,-0.013157894736842105,6,6,1.0,129,124,0.9612403100775194
hourly,118,2026-06-20 22:00:00+00:00,1,24,76,3,6,0.5,2,0,0.0,0,0,0.02631578947368421,0.9221052631578948,-0.02631578947368421,6,6,1.0,129,118,0.9147286821705426
hourly,118,2026-06-20 22:00:00+00:00,1,24,76,3,6,1.0,3,0,0.0,0,0,0.039473684210526314,0.8847226173541963,-0.039473684210526314,6,6,1.0,129,115,0.8914728682170543
hourly,118,2026-06-20 22:00:00+00:00,3,24,76,4,11,0.1,1,0,0.0,0,0,0.013157894736842105,0.9473684210526315,-0.013157894736842105,6,6,1.0,129,124,0.9612403100775194
hourly,118,2026-06-20 22:00:00+00:00,3,24,76,4,11,0.25,1,0,0.0,0,0,0.013157894736842105,0.9473684210526315,-0.013157894736842105,6,6,1.0,129,124,0.9612403100775194
hourly,118,2026-06-20 22:00:00+00:00,3,24,76,4,11,0.5,2,0,0.0,0,0,0.02631578947368421,0.8968421052631579,-0.02631578947368421,6,6,1.0,129,118,0.9147286821705426
hourly,118,2026-06-20 22:00:00+00:00,3,24,76,4,11,1.0,4,0,0.0,0,0,0.05263157894736842,0.8018784465792397,-0.05263157894736842,6,6,1.0,129,110,0.8527131782945736
hourly,118,2026-06-20 22:00:00+00:00,6,24,76,8,22,0.1,1,0,0.0,0,0,0.013157894736842105,0.8947368421052632,-0.013157894736842105,6,6,1.0,129,124,0.9612403100775194
hourly,118,2026-06-20 22:00:00+00:00,6,24,76,8,22,0.25,2,0,0.0,0,0,0.02631578947368421,0.7992982456140351,-0.02631578947368421,6,6,1.0,129,118,0.9147286821705426
hourly,118,2026-06-20 22:00:00+00:00,6,24,76,8,22,0.5,4,0,0.0,0,0,0.05263157894736842,0.634762953292153,-0.05263157894736842,6,6,1.0,129,110,0.8527131782945736
hourly,118,2026-06-20 22:00:00+00:00,6,24,76,8,22,1.0,8,2,0.25,2,2,0.10526315789473684,0.3920266975874134,0.14473684210526316,6,6,1.0,129,96,0.7441860465116279
hourly,118,2026-06-20 22:00:00+00:00,12,24,76,24,51,0.1,3,1,0.041666666666666664,1,1,0.039473684210526314,0.31436699857752487,0.0021929824561403508,26,25,0.9615384615384616,129,115,0.8914728682170543
hourly,118,2026-06-20 22:00:00+00:00,12,24,76,24,51,0.25,6,2,0.08333333333333333,2,2,0.07894736842105263,0.09312331310361308,0.0043859649122807015,26,25,0.9615384615384616,129,108,0.8372093023255814
hourly,118,2026-06-20 22:00:00+00:00,12,24,76,24,51,0.5,12,4,0.16666666666666666,4,4,0.15789473684210525,0.006652653515296948,0.008771929824561403,26,16,0.6153846153846154,129,82,0.6356589147286822
hourly,118,2026-06-20 22:00:00+00:00,12,24,76,24,51,1.0,24,8,0.3333333333333333,8,9,0.3157894736842105,1.131698253728244e-05,0.017543859649122806,26,11,0.4230769230769231,129,50,0.3875968992248062
hourly,119,2026-06-20 23:00:00+00:00,3,24,76,4,8,0.1,1,0,0.0,0,0,0.013157894736842105,0.9473684210526315,-0.013157894736842105,6,6,1.0,129,124,0.9612403100775194
hourly,119,2026-06-20 23:00:00+00:00,3,24,76,4,8,0.25,1,0,0.0,0,0,0.013157894736842105,0.9473684210526315,-0.013157894736842105,6,6,1.0,129,124,0.9612403100775194
hourly,119,2026-06-20 23:00:00+00:00,3,24,76,4,8,0.5,2,0,0.0,0,0,0.02631578947368421,0.8968421052631579,-0.02631578947368421,6,6,1.0,129,118,0.9147286821705426
hourly,119,2026-06-20 23:00:00+00:00,3,24,76,4,8,1.0,4,0,0.0,0,0,0.05263157894736842,0.8018784465792397,-0.05263157894736842,6,6,1.0,129,110,0.8527131782945736
hourly,119,2026-06-20 23:00:00+00:00,6,24,76,8,21,0.1,1,0,0.0,0,0,0.013157894736842105,0.8947368421052632,-0.013157894736842105,6,6,1.0,129,124,0.9612403100775194
hourly,119,2026-06-20 23:00:00+00:00,6,24,76,8,21,0.25,2,0,0.0,0,0,0.02631578947368421,0.7992982456140351,-0.02631578947368421,6,6,1.0,129,118,0.9147286821705426
hourly,119,2026-06-20 23:00:00+00:00,6,24,76,8,21,0.5,4,0,0.0,0,0,0.05263157894736842,0.634762953292153,-0.05263157894736842,6,6,1.0,129,110,0.8527131782945736
hourly,119,2026-06-20 23:00:00+00:00,6,24,76,8,21,1.0,8,2,0.25,2,2,0.10526315789473684,0.3920266975874134,0.14473684210526316,6,6,1.0,129,96,0.7441860465116279
hourly,119,2026-06-20 23:00:00+00:00,12,24,76,19,41,0.1,2,0,0.0,0,0,0.02631578947368421,0.56,-0.02631578947368421,13,13,1.0,129,118,0.9147286821705426
hourly,119,2026-06-20 23:00:00+00:00,12,24,76,19,41,0.25,5,0,0.0,0,0,0.06578947368421052,0.22663828211773418,-0.06578947368421052,13,13,1.0,129,108,0.8372093023255814
hourly,119,2026-06-20 23:00:00+00:00,12,24,76,19,41,0.5,10,3,0.15789473684210525,3,3,0.13157894736842105,0.04524024167086778,0.02631578947368421,13,8,0.6153846153846154,129,90,0.6976744186046512
hourly,119,2026-06-20 23:00:00+00:00,12,24,76,19,41,1.0,19,4,0.21052631578947367,4,6,0.25,0.0016654875917412949,-0.03947368421052633,13,8,0.6153846153846154,129,58,0.4496124031007752
hourly,120,2026-06-21 00:00:00+00:00,1,24,76,1,2,0.1,1,0,0.0,0,0,0.013157894736842105,0.9868421052631579,-0.013157894736842105,2,2,1.0,129,124,0.9612403100775194
hourly,120,2026-06-21 00:00:00+00:00,1,24,76,1,2,0.25,1,0,0.0,0,0,0.013157894736842105,0.9868421052631579,-0.013157894736842105,2,2,1.0,129,124,0.9612403100775194
hourly,120,2026-06-21 00:00:00+00:00,1,24,76,1,2,0.5,1,0,0.0,0,0,0.013157894736842105,0.9868421052631579,-0.013157894736842105,2,2,1.0,129,124,0.9612403100775194
hourly,120,2026-06-21 00:00:00+00:00,1,24,76,1,2,1.0,1,0,0.0,0,0,0.013157894736842105,0.9868421052631579,-0.013157894736842105,2,2,1.0,129,124,0.9612403100775194
hourly,120,2026-06-21 00:00:00+00:00,3,24,76,4,8,0.1,1,0,0.0,0,0,0.013157894736842105,0.9473684210526315,-0.013157894736842105,6,6,1.0,129,124,0.9612403100775194
hourly,120,2026-06-21 00:00:00+00:00,3,24,76,4,8,0.25,1,0,0.0,0,0,0.013157894736842105,0.9473684210526315,-0.013157894736842105,6,6,1.0,129,124,0.9612403100775194
hourly,120,2026-06-21 00:00:00+00:00,3,24,76,4,8,0.5,2,0,0.0,0,0,0.02631578947368421,0.8968421052631579,-0.02631578947368421,6,6,1.0,129,118,0.9147286821705426
hourly,120,2026-06-21 00:00:00+00:00,3,24,76,4,8,1.0,4,0,0.0,0,0,0.05263157894736842,0.8018784465792397,-0.05263157894736842,6,6,1.0,129,110,0.8527131782945736
hourly,120,2026-06-21 00:00:00+00:00,6,24,76,6,16,0.1,1,0,0.0,0,0,0.013157894736842105,0.9210526315789473,-0.013157894736842105,6,6,1.0,129,124,0.9612403100775194
hourly,120,2026-06-21 00:00:00+00:00,6,24,76,6,16,0.25,2,0,0.0,0,0,0.02631578947368421,0.8473684210526315,-0.02631578947368421,6,6,1.0,129,118,0.9147286821705426
hourly,120,2026-06-21 00:00:00+00:00,6,24,76,6,16,0.5,3,0,0.0,0,0,0.039473684210526314,0.7786628733997155,-0.039473684210526314,6,6,1.0,129,115,0.8914728682170543
hourly,120,2026-06-21 00:00:00+00:00,6,24,76,6,16,1.0,6,1,0.16666666666666666,0,1,0.07894736842105263,0.5997466870894169,0.08771929824561403,6,6,1.0,129,108,0.8372093023255814
hourly,120,2026-06-21 00:00:00+00:00,12,24,76,16,38,0.1,2,0,0.0,0,0,0.02631578947368421,0.6210526315789474,-0.02631578947368421,10,10,1.0,129,118,0.9147286821705426
hourly,120,2026-06-21 00:00:00+00:00,12,24,76,16,38,0.25,4,0,0.0,0,0,0.05263157894736842,0.380081451314328,-0.05263157894736842,10,10,1.0,129,110,0.8527131782945736
hourly,120,2026-06-21 00:00:00+00:00,12,24,76,16,38,0.5,8,3,0.1875,3,3,0.10526315789473684,0.1356935003773749,0.08223684210526316,10,6,0.6,129,96,0.7441860465116279
hourly,120,2026-06-21 00:00:00+00:00,12,24,76,16,38,1.0,16,4,0.25,3,4,0.21052631578947367,0.013814177597960936,0.03947368421052633,10,6,0.6,129,67,0.5193798449612403
hourly,121,2026-06-21 01:00:00+00:00,3,24,73,1,2,0.1,1,0,0.0,0,0,0.0136986301369863,0.9863013698630136,-0.0136986301369863,2,2,1.0,127,121,0.952755905511811
hourly,121,2026-06-21 01:00:00+00:00,3,24,73,1,2,0.25,1,0,0.0,0,0,0.0136986301369863,0.9863013698630136,-0.0136986301369863,2,2,1.0,127,121,0.952755905511811
hourly,121,2026-06-21 01:00:00+00:00,3,24,73,1,2,0.5,1,0,0.0,0,0,0.0136986301369863,0.9863013698630136,-0.0136986301369863,2,2,1.0,127,121,0.952755905511811
hourly,121,2026-06-21 01:00:00+00:00,3,24,73,1,2,1.0,1,0,0.0,0,0,0.0136986301369863,0.9863013698630136,-0.0136986301369863,2,2,1.0,127,121,0.952755905511811
hourly,121,2026-06-21 01:00:00+00:00,6,24,73,5,13,0.1,1,0,0.0,0,0,0.0136986301369863,0.9315068493150684,-0.0136986301369863,6,6,1.0,127,121,0.952755905511811
hourly,121,2026-06-21 01:00:00+00:00,6,24,73,5,13,0.25,2,0,0.0,0,0,0.0273972602739726,0.8668188736681888,-0.0273972602739726,6,6,1.0,127,118,0.9291338582677166
hourly,121,2026-06-21 01:00:00+00:00,6,24,73,5,13,0.5,3,0,0.0,0,0,0.0410958904109589,0.8057752910154994,-0.0410958904109589,6,6,1.0,127,113,0.889763779527559
hourly,121,2026-06-21 01:00:00+00:00,6,24,73,5,13,1.0,5,0,0.0,0,0,0.0684931506849315,0.6940010788042397,-0.0684931506849315,6,6,1.0,127,106,0.8346456692913385
hourly,121,2026-06-21 01:00:00+00:00,12,24,73,12,32,0.1,2,0,0.0,0,0,0.0273972602739726,0.6963470319634704,-0.0273972602739726,8,8,1.0,127,118,0.9291338582677166
hourly,121,2026-06-21 01:00:00+00:00,12,24,73,12,32,0.25,3,0,0.0,0,0,0.0410958904109589,0.5786545758569683,-0.0410958904109589,8,8,1.0,127,113,0.889763779527559
hourly,121,2026-06-21 01:00:00+00:00,12,24,73,12,32,0.5,6,1,0.08333333333333333,1,1,0.0821917808219178,0.3261776688462297,0.001141552511415525,8,8,1.0,127,106,0.8346456692913385
hourly,121,2026-06-21 01:00:00+00:00,12,24,73,12,32,1.0,12,3,0.25,3,3,0.1643835616438356,0.09475142707667296,0.08561643835616439,8,6,0.75,127,80,0.6299212598425197
hourly,122,2026-06-21 02:00:00+00:00,1,24,66,1,2,0.1,1,0,0.0,0,0,0.015151515151515152,0.9848484848484849,-0.015151515151515152,2,2,1.0,114,108,0.9473684210526315
hourly,122,2026-06-21 02:00:00+00:00,1,24,66,1,2,0.25,1,0,0.0,0,0,0.015151515151515152,0.9848484848484849,-0.015151515151515152,2,2,1.0,114,108,0.9473684210526315
hourly,122,2026-06-21 02:00:00+00:00,1,24,66,1,2,0.5,1,0,0.0,0,0,0.015151515151515152,0.9848484848484849,-0.015151515151515152,2,2,1.0,114,108,0.9473684210526315
hourly,122,2026-06-21 02:00:00+00:00,1,24,66,1,2,1.0,1,0,0.0,0,0,0.015151515151515152,0.9848484848484849,-0.015151515151515152,2,2,1.0,114,108,0.9473684210526315
hourly,122,2026-06-21 02:00:00+00:00,3,24,66,2,4,0.1,1,0,0.0,0,0,0.015151515151515152,0.9696969696969697,-0.015151515151515152,2,2,1.0,114,108,0.9473684210526315
hourly,122,2026-06-21 02:00:00+00:00,3,24,66,2,4,0.25,1,0,0.0,0,0,0.015151515151515152,0.9696969696969697,-0.015151515151515152,2,2,1.0,114,108,0.9473684210526315
hourly,122,2026-06-21 02:00:00+00:00,3,24,66,2,4,0.5,1,0,0.0,0,0,0.015151515151515152,0.9696969696969697,-0.015151515151515152,2,2,1.0,114,108,0.9473684210526315
hourly,122,2026-06-21 02:00:00+00:00,3,24,66,2,4,1.0,2,0,0.0,0,0,0.030303030303030304,0.9398601398601398,-0.030303030303030304,2,2,1.0,114,99,0.868421052631579
hourly,122,2026-06-21 02:00:00+00:00,6,24,66,6,12,0.1,1,0,0.0,0,0,0.015151515151515152,0.9090909090909091,-0.015151515151515152,6,6,1.0,114,108,0.9473684210526315
hourly,122,2026-06-21 02:00:00+00:00,6,24,66,6,12,0.25,2,0,0.0,0,0,0.030303030303030304,0.8251748251748252,-0.030303030303030304,6,6,1.0,114,99,0.868421052631579
hourly,122,2026-06-21 02:00:00+00:00,6,24,66,6,12,0.5,3,0,0.0,0,0,0.045454545454545456,0.7478146853146853,-0.045454545454545456,6,6,1.0,114,95,0.8333333333333334
hourly,122,2026-06-21 02:00:00+00:00,6,24,66,6,12,1.0,6,2,0.3333333333333333,1,2,0.09090909090909091,0.5510074712877463,0.2424242424242424,6,6,1.0,114,84,0.7368421052631579
hourly,122,2026-06-21 02:00:00+00:00,12,24,66,10,29,0.1,1,0,0.0,0,0,0.015151515151515152,0.8484848484848485,-0.015151515151515152,8,8,1.0,114,108,0.9473684210526315
hourly,122,2026-06-21 02:00:00+00:00,12,24,66,10,29,0.25,3,0,0.0,0,0,0.045454545454545456,0.6057692307692307,-0.045454545454545456,8,8,1.0,114,95,0.8333333333333334
hourly,122,2026-06-21 02:00:00+00:00,12,24,66,10,29,0.5,5,1,0.1,0,1,0.07575757575757576,0.4274193548387097,0.024242424242424246,8,8,1.0,114,89,0.7807017543859649
hourly,122,2026-06-21 02:00:00+00:00,12,24,66,10,29,1.0,10,2,0.2,2,2,0.15151515151515152,0.16876935629215742,0.04848484848484849,8,6,0.75,114,67,0.5877192982456141
hourly,123,2026-06-21 03:00:00+00:00,1,24,62,3,7,0.1,1,0,0.0,0,0,0.016129032258064516,0.9516129032258065,-0.016129032258064516,7,7,1.0,93,88,0.946236559139785
hourly,123,2026-06-21 03:00:00+00:00,1,24,62,3,7,0.25,1,0,0.0,0,0,0.016129032258064516,0.9516129032258065,-0.016129032258064516,7,7,1.0,93,88,0.946236559139785
hourly,123,2026-06-21 03:00:00+00:00,1,24,62,3,7,0.5,2,0,0.0,0,0,0.03225806451612903,0.9048122686409307,-0.03225806451612903,7,7,1.0,93,85,0.9139784946236559
hourly,123,2026-06-21 03:00:00+00:00,1,24,62,3,7,1.0,3,0,0.0,0,0,0.04838709677419355,0.8595716552088842,-0.04838709677419355,7,7,1.0,93,81,0.8709677419354839
hourly,123,2026-06-21 03:00:00+00:00,3,24,62,3,7,0.1,1,0,0.0,0,0,0.016129032258064516,0.9516129032258065,-0.016129032258064516,7,7,1.0,93,88,0.946236559139785
hourly,123,2026-06-21 03:00:00+00:00,3,24,62,3,7,0.25,1,0,0.0,0,0,0.016129032258064516,0.9516129032258065,-0.016129032258064516,7,7,1.0,93,88,0.946236559139785
hourly,123,2026-06-21 03:00:00+00:00,3,24,62,3,7,0.5,2,0,0.0,0,0,0.03225806451612903,0.9048122686409307,-0.03225806451612903,7,7,1.0,93,85,0.9139784946236559
hourly,123,2026-06-21 03:00:00+00:00,3,24,62,3,7,1.0,3,0,0.0,0,0,0.04838709677419355,0.8595716552088842,-0.04838709677419355,7,7,1.0,93,81,0.8709677419354839
hourly,123,2026-06-21 03:00:00+00:00,6,24,62,7,15,0.1,1,0,0.0,0,0,0.016129032258064516,0.8870967741935484,-0.016129032258064516,7,7,1.0,93,88,0.946236559139785
hourly,123,2026-06-21 03:00:00+00:00,6,24,62,7,15,0.25,2,0,0.0,0,0,0.03225806451612903,0.7852987837123215,-0.03225806451612903,7,7,1.0,93,85,0.9139784946236559
hourly,123,2026-06-21 03:00:00+00:00,6,24,62,7,15,0.5,4,0,0.0,0,1,0.06451612903225806,0.6113795050596492,-0.06451612903225806,7,7,1.0,93,81,0.8709677419354839
hourly,123,2026-06-21 03:00:00+00:00,6,24,62,7,15,1.0,7,1,0.14285714285714285,1,1,0.11290322580645161,0.4126256868313195,0.02995391705069124,7,7,1.0,93,66,0.7096774193548387
hourly,123,2026-06-21 03:00:00+00:00,12,24,62,12,32,0.1,2,0,0.0,0,0,0.03225806451612903,0.6478053939714437,-0.03225806451612903,7,7,1.0,93,85,0.9139784946236559
hourly,123,2026-06-21 03:00:00+00:00,12,24,62,12,32,0.25,3,0,0.0,0,0,0.04838709677419355,0.518244315177155,-0.04838709677419355,7,7,1.0,93,81,0.8709677419354839
hourly,123,2026-06-21 03:00:00+00:00,12,24,62,12,32,0.5,6,2,0.16666666666666666,2,2,0.0967741935483871,0.258492465797089,0.06989247311827956,7,7,1.0,93,69,0.7419354838709677
hourly,123,2026-06-21 03:00:00+00:00,12,24,62,12,32,1.0,12,2,0.16666666666666666,2,3,0.1935483870967742,0.05619955816996769,-0.02688172043010753,7,7,1.0,93,52,0.5591397849462365
hourly,124,2026-06-21 04:00:00+00:00,1,24,58,6,21,0.1,1,1,0.16666666666666666,1,1,0.017241379310344827,0.896551724137931,0.14942528735632182,14,5,0.35714285714285715,98,81,0.826530612244898
hourly,124,2026-06-21 04:00:00+00:00,1,24,58,6,21,0.25,2,1,0.16666666666666666,1,1,0.034482758620689655,0.8021778584392014,0.13218390804597702,14,5,0.35714285714285715,98,74,0.7551020408163265
hourly,124,2026-06-21 04:00:00+00:00,1,24,58,6,21,0.5,3,1,0.16666666666666666,1,1,0.05172413793103448,0.716230230749287,0.11494252873563218,14,5,0.35714285714285715,98,71,0.7244897959183674
hourly,124,2026-06-21 04:00:00+00:00,1,24,58,6,21,1.0,6,1,0.16666666666666666,1,1,0.10344827586206896,0.5029855449332901,0.0632183908045977,14,5,0.35714285714285715,98,56,0.5714285714285714
hourly,124,2026-06-21 04:00:00+00:00,3,24,58,8,26,0.1,1,1,0.125,1,1,0.017241379310344827,0.8620689655172413,0.10775862068965517,18,6,0.3333333333333333,98,81,0.826530612244898
hourly,124,2026-06-21 04:00:00+00:00,3,24,58,8,26,0.25,2,1,0.125,1,1,0.034482758620689655,0.7410768300060496,0.09051724137931035,18,6,0.3333333333333333,98,74,0.7551020408163265
hourly,124,2026-06-21 04:00:00+00:00,3,24,58,8,26,0.5,4,1,0.125,1,1,0.06896551724137931,0.5428147170433921,0.05603448275862069,18,6,0.3333333333333333,98,71,0.7244897959183674
hourly,124,2026-06-21 04:00:00+00:00,3,24,58,8,26,1.0,8,2,0.25,1,2,0.13793103448275862,0.2800915083295419,0.11206896551724138,18,5,0.2777777777777778,98,53,0.5408163265306123
hourly,124,2026-06-21 04:00:00+00:00,6,24,58,9,28,0.1,1,1,0.1111111111111111,1,1,0.017241379310344827,0.8448275862068966,0.09386973180076627,18,6,0.3333333333333333,98,81,0.826530612244898
hourly,124,2026-06-21 04:00:00+00:00,6,24,58,9,28,0.25,3,1,0.1111111111111111,1,1,0.05172413793103448,0.5970961887477314,0.05938697318007662,18,6,0.3333333333333333,98,71,0.7244897959183674
hourly,124,2026-06-21 04:00:00+00:00,6,24,58,9,28,0.5,5,2,0.2222222222222222,1,2,0.08620689655172414,0.41615794973326736,0.13601532567049807,18,6,0.3333333333333333,98,63,0.6428571428571429
hourly,124,2026-06-21 04:00:00+00:00,6,24,58,9,28,1.0,9,3,0.3333333333333333,2,3,0.15517241379310345,0.19292703093738844,0.17816091954022986,18,5,0.2777777777777778,98,50,0.5102040816326531
hourly,124,2026-06-21 04:00:00+00:00,12,24,58,17,51,0.1,2,1,0.058823529411764705,1,1,0.034482758620689655,0.4960677555958863,0.02434077079107505,18,7,0.3888888888888889,98,74,0.7551020408163265
hourly,124,2026-06-21 04:00:00+00:00,12,24,58,17,51,0.25,5,3,0.17647058823529413,2,3,0.08620689655172414,0.16354845665190493,0.09026369168356999,18,6,0.3333333333333333,98,63,0.6428571428571429
hourly,124,2026-06-21 04:00:00+00:00,12,24,58,17,51,0.5,9,4,0.23529411764705882,3,4,0.15517241379310345,0.03289958794187812,0.08012170385395537,18,6,0.3333333333333333,98,50,0.5102040816326531
hourly,124,2026-06-21 04:00:00+00:00,12,24,58,17,51,1.0,17,5,0.29411764705882354,4,6,0.29310344827586204,0.0007673271982346401,0.0010141987829614951,18,6,0.3333333333333333,98,28,0.2857142857142857
hourly,125,2026-06-21 05:00:00+00:00,3,24,58,8,26,0.1,1,1,0.125,1,1,0.017241379310344827,0.8620689655172413,0.10775862068965517,18,6,0.3333333333333333,93,76,0.8172043010752689
hourly,125,2026-06-21 05:00:00+00:00,3,24,58,8,26,0.25,2,1,0.125,1,1,0.034482758620689655,0.7410768300060496,0.09051724137931035,18,6,0.3333333333333333,93,73,0.7849462365591398
hourly,125,2026-06-21 05:00:00+00:00,3,24,58,8,26,0.5,4,1,0.125,1,1,0.06896551724137931,0.5428147170433921,0.05603448275862069,18,6,0.3333333333333333,93,68,0.7311827956989247
hourly,125,2026-06-21 05:00:00+00:00,3,24,58,8,26,1.0,8,2,0.25,1,2,0.13793103448275862,0.2800915083295419,0.11206896551724138,18,5,0.2777777777777778,93,52,0.5591397849462365
hourly,125,2026-06-21 05:00:00+00:00,6,24,58,9,28,0.1,1,1,0.1111111111111111,1,1,0.017241379310344827,0.8448275862068966,0.09386973180076627,18,6,0.3333333333333333,93,76,0.8172043010752689
hourly,125,2026-06-21 05:00:00+00:00,6,24,58,9,28,0.25,3,1,0.1111111111111111,1,2,0.05172413793103448,0.5970961887477314,0.05938697318007662,18,6,0.3333333333333333,93,73,0.7849462365591398
hourly,125,2026-06-21 05:00:00+00:00,6,24,58,9,28,0.5,5,2,0.2222222222222222,2,2,0.08620689655172414,0.41615794973326736,0.13601532567049807,18,6,0.3333333333333333,93,61,0.6559139784946236
hourly,125,2026-06-21 05:00:00+00:00,6,24,58,9,28,1.0,9,3,0.3333333333333333,2,3,0.15517241379310345,0.19292703093738844,0.17816091954022986,18,5,0.2777777777777778,93,49,0.5268817204301075
hourly,125,2026-06-21 05:00:00+00:00,12,24,58,17,50,0.1,2,1,0.058823529411764705,1,1,0.034482758620689655,0.4960677555958863,0.02434077079107505,18,6,0.3333333333333333,93,73,0.7849462365591398
hourly,125,2026-06-21 05:00:00+00:00,12,24,58,17,50,0.25,5,3,0.17647058823529413,3,3,0.08620689655172414,0.16354845665190493,0.09026369168356999,18,6,0.3333333333333333,93,61,0.6559139784946236
hourly,125,2026-06-21 05:00:00+00:00,12,24,58,17,50,0.5,9,4,0.23529411764705882,3,4,0.15517241379310345,0.03289958794187812,0.08012170385395537,18,6,0.3333333333333333,93,49,0.5268817204301075
hourly,125,2026-06-21 05:00:00+00:00,12,24,58,17,50,1.0,17,5,0.29411764705882354,4,6,0.29310344827586204,0.0007673271982346401,0.0010141987829614951,18,6,0.3333333333333333,93,28,0.3010752688172043
hourly,126,2026-06-21 06:00:00+00:00,1,24,53,2,6,0.1,1,1,0.5,1,1,0.018867924528301886,0.9622641509433962,0.4811320754716981,4,4,1.0,84,66,0.7857142857142857
hourly,126,2026-06-21 06:00:00+00:00,1,24,53,2,6,0.25,1,1,0.5,1,1,0.018867924528301886,0.9622641509433962,0.4811320754716981,4,4,1.0,84,66,0.7857142857142857
hourly,126,2026-06-21 06:00:00+00:00,1,24,53,2,6,0.5,1,1,0.5,1,1,0.018867924528301886,0.9622641509433962,0.4811320754716981,4,4,1.0,84,66,0.7857142857142857
hourly,126,2026-06-21 06:00:00+00:00,1,24,53,2,6,1.0,2,1,0.5,1,1,0.03773584905660377,0.9252539912917271,0.46226415094339623,4,4,1.0,84,66,0.7857142857142857
hourly,126,2026-06-21 06:00:00+00:00,3,24,53,6,24,0.1,1,1,0.16666666666666666,1,1,0.018867924528301886,0.8867924528301887,0.14779874213836477,15,6,0.4,84,66,0.7857142857142857
hourly,126,2026-06-21 06:00:00+00:00,3,24,53,6,24,0.25,2,1,0.16666666666666666,1,1,0.03773584905660377,0.7844702467343977,0.1289308176100629,15,6,0.4,84,66,0.7857142857142857
hourly,126,2026-06-21 06:00:00+00:00,3,24,53,6,24,0.5,3,1,0.16666666666666666,1,1,0.05660377358490566,0.6921796294715273,0.110062893081761,15,6,0.4,84,58,0.6904761904761905
hourly,126,2026-06-21 06:00:00+00:00,3,24,53,6,24,1.0,6,2,0.3333333333333333,2,2,0.11320754716981132,0.46771566391433206,0.220125786163522,15,6,0.4,84,47,0.5595238095238095
hourly,126,2026-06-21 06:00:00+00:00,6,24,53,8,29,0.1,1,1,0.125,1,1,0.018867924528301886,0.8490566037735849,0.10613207547169812,19,7,0.3684210526315789,84,66,0.7857142857142857
hourly,126,2026-06-21 06:00:00+00:00,6,24,53,8,29,0.25,2,1,0.125,1,1,0.03773584905660377,0.7184325108853411,0.08726415094339623,19,7,0.3684210526315789,84,66,0.7857142857142857
hourly,126,2026-06-21 06:00:00+00:00,6,24,53,8,29,0.5,4,1,0.125,1,1,0.07547169811320754,0.5088192606505592,0.049528301886792456,19,7,0.3684210526315789,84,51,0.6071428571428571
hourly,126,2026-06-21 06:00:00+00:00,6,24,53,8,29,1.0,8,3,0.375,2,3,0.1509433962264151,0.24319944932924037,0.2240566037735849,19,3,0.15789473684210525,84,45,0.5357142857142857
hourly,126,2026-06-21 06:00:00+00:00,12,24,53,15,47,0.1,2,2,0.13333333333333333,1,2,0.03773584905660377,0.5101596516690856,0.09559748427672957,19,7,0.3684210526315789,84,66,0.7857142857142857
hourly,126,2026-06-21 06:00:00+00:00,12,24,53,15,47,0.25,4,3,0.2,3,3,0.07547169811320754,0.2520788867070776,0.12452830188679247,19,7,0.3684210526315789,84,51,0.6071428571428571
hourly,126,2026-06-21 06:00:00+00:00,12,24,53,15,47,0.5,8,5,0.3333333333333333,4,5,0.1509433962264151,0.05517571810836259,0.18238993710691823,19,6,0.3157894736842105,84,45,0.5357142857142857
hourly,126,2026-06-21 06:00:00+00:00,12,24,53,15,47,1.0,15,5,0.3333333333333333,5,6,0.2830188679245283,0.002475268125317148,0.05031446540880502,19,6,0.3157894736842105,84,20,0.23809523809523808
hourly,127,2026-06-21 07:00:00+00:00,1,24,44,6,16,0.1,1,1,0.16666666666666666,1,1,0.022727272727272728,0.8636363636363636,0.14393939393939392,6,6,1.0,75,49,0.6533333333333333
hourly,127,2026-06-21 07:00:00+00:00,1,24,44,6,16,0.25,2,2,0.3333333333333333,1,2,0.045454545454545456,0.7431289640591966,0.28787878787878785,6,4,0.6666666666666666,75,49,0.6533333333333333
hourly,127,2026-06-21 07:00:00+00:00,1,24,44,6,16,0.5,3,2,0.3333333333333333,1,2,0.06818181818181818,0.6369676834793114,0.26515151515151514,6,4,0.6666666666666666,75,49,0.6533333333333333
hourly,127,2026-06-21 07:00:00+00:00,1,24,44,6,16,1.0,6,3,0.5,3,3,0.13636363636363635,0.391083816920459,0.36363636363636365,6,3,0.5,75,37,0.49333333333333335
hourly,127,2026-06-21 07:00:00+00:00,3,24,44,8,19,0.1,1,1,0.125,1,1,0.022727272727272728,0.8181818181818182,0.10227272727272727,11,7,0.6363636363636364,75,49,0.6533333333333333
hourly,127,2026-06-21 07:00:00+00:00,3,24,44,8,19,0.25,2,2,0.25,1,2,0.045454545454545456,0.6659619450317125,0.20454545454545453,11,5,0.45454545454545453,75,49,0.6533333333333333
hourly,127,2026-06-21 07:00:00+00:00,3,24,44,8,19,0.5,4,2,0.25,2,2,0.09090909090909091,0.4339194554736245,0.1590909090909091,11,5,0.45454545454545453,75,43,0.5733333333333334
hourly,127,2026-06-21 07:00:00+00:00,3,24,44,8,19,1.0,8,3,0.375,3,3,0.18181818181818182,0.1707379759145589,0.19318181818181818,11,4,0.36363636363636365,75,28,0.37333333333333335
hourly,127,2026-06-21 07:00:00+00:00,6,24,44,12,35,0.1,2,2,0.16666666666666666,1,2,0.045454545454545456,0.5243128964059197,0.1212121212121212,27,8,0.2962962962962963,75,49,0.6533333333333333
hourly,127,2026-06-21 07:00:00+00:00,6,24,44,12,35,0.25,3,2,0.16666666666666666,1,2,0.06818181818181818,0.37450921171851403,0.09848484848484848,27,8,0.2962962962962963,75,49,0.6533333333333333
hourly,127,2026-06-21 07:00:00+00:00,6,24,44,12,35,0.5,6,3,0.25,3,3,0.13636363636363635,0.12837304499244376,0.11363636363636365,27,7,0.25925925925925924,75,37,0.49333333333333335
hourly,127,2026-06-21 07:00:00+00:00,6,24,44,12,35,1.0,12,4,0.3333333333333333,3,4,0.2727272727272727,0.010705809960879335,0.06060606060606061,27,5,0.18518518518518517,75,22,0.29333333333333333
hourly,127,2026-06-21 07:00:00+00:00,12,24,44,18,50,0.1,2,2,0.1111111111111111,1,2,0.045454545454545456,0.34355179704016914,0.06565656565656565,27,8,0.2962962962962963,75,49,0.6533333333333333
hourly,127,2026-06-21 07:00:00+00:00,12,24,44,18,50,0.25,5,4,0.2222222222222222,4,4,0.11363636363636363,0.0605704562029009,0.10858585858585858,27,7,0.25925925925925924,75,43,0.5733333333333334
hourly,127,2026-06-21 07:00:00+00:00,12,24,44,18,50,0.5,9,5,0.2777777777777778,5,6,0.20454545454545456,0.004407413653017737,0.07323232323232323,27,7,0.25925925925925924,75,27,0.36
hourly,127,2026-06-21 07:00:00+00:00,12,24,44,18,50,1.0,18,7,0.3888888888888889,7,8,0.4090909090909091,1.517463252535372e-06,-0.02020202020202022,27,5,0.18518518518518517,75,5,0.06666666666666667
hourly,128,2026-06-21 08:00:00+00:00,1,24,45,3,13,0.1,1,0,0.0,0,0,0.022222222222222223,0.9333333333333333,-0.022222222222222223,13,13,1.0,90,49,0.5444444444444444
hourly,128,2026-06-21 08:00:00+00:00,1,24,45,3,13,0.25,1,0,0.0,0,0,0.022222222222222223,0.9333333333333333,-0.022222222222222223,13,13,1.0,90,49,0.5444444444444444
hourly,128,2026-06-21 08:00:00+00:00,1,24,45,3,13,0.5,2,1,0.3333333333333333,1,1,0.044444444444444446,0.8696969696969697,0.28888888888888886,13,8,0.6153846153846154,90,49,0.5444444444444444
hourly,128,2026-06-21 08:00:00+00:00,1,24,45,3,13,1.0,3,2,0.6666666666666666,1,2,0.06666666666666667,0.8090204369274137,0.6,13,3,0.23076923076923078,90,49,0.5444444444444444
hourly,128,2026-06-21 08:00:00+00:00,3,24,45,9,26,0.1,1,1,0.1111111111111111,1,1,0.022222222222222223,0.8,0.08888888888888888,26,22,0.8461538461538461,90,49,0.5444444444444444
hourly,128,2026-06-21 08:00:00+00:00,3,24,45,9,26,0.25,3,3,0.3333333333333333,2,3,0.06666666666666667,0.5031712473572939,0.26666666666666666,26,6,0.23076923076923078,90,49,0.5444444444444444
hourly,128,2026-06-21 08:00:00+00:00,3,24,45,9,26,0.5,5,4,0.4444444444444444,3,4,0.1111111111111111,0.3085649461145774,0.3333333333333333,26,5,0.19230769230769232,90,49,0.5444444444444444
hourly,128,2026-06-21 08:00:00+00:00,3,24,45,9,26,1.0,9,4,0.4444444444444444,4,4,0.2,0.10623696279128109,0.2444444444444444,26,5,0.19230769230769232,90,28,0.3111111111111111
hourly,128,2026-06-21 08:00:00+00:00,6,24,45,13,42,0.1,2,2,0.15384615384615385,2,2,0.044444444444444446,0.501010101010101,0.1094017094017094,42,17,0.40476190476190477,90,49,0.5444444444444444
hourly,128,2026-06-21 08:00:00+00:00,6,24,45,13,42,0.25,4,4,0.3076923076923077,2,4,0.08888888888888889,0.24135038088526461,0.2188034188034188,42,9,0.21428571428571427,90,49,0.5444444444444444
hourly,128,2026-06-21 08:00:00+00:00,6,24,45,13,42,0.5,7,4,0.3076923076923077,4,4,0.15555555555555556,0.07417109266230083,0.15213675213675215,42,9,0.21428571428571427,90,37,0.4111111111111111
hourly,128,2026-06-21 08:00:00+00:00,6,24,45,13,42,1.0,13,5,0.38461538461538464,4,5,0.28888888888888886,0.004758137760390815,0.09572649572649577,42,6,0.14285714285714285,90,22,0.24444444444444444
hourly,128,2026-06-21 08:00:00+00:00,12,24,45,19,54,0.1,2,2,0.10526315789473684,2,2,0.044444444444444446,0.3282828282828283,0.06081871345029239,42,17,0.40476190476190477,90,49,0.5444444444444444
hourly,128,2026-06-21 08:00:00+00:00,12,24,45,19,54,0.25,5,5,0.2631578947368421,4,5,0.1111111111111111,0.05384040551368969,0.15204678362573099,42,9,0.21428571428571427,90,49,0.5444444444444444
hourly,128,2026-06-21 08:00:00+00:00,12,24,45,19,54,0.5,10,6,0.3157894736842105,6,7,0.2222222222222222,0.0016650229355844783,0.0935672514619883,42,9,0.21428571428571427,90,27,0.3
hourly,128,2026-06-21 08:00:00+00:00,12,24,45,19,54,1.0,19,8,0.42105263157894735,8,10,0.4222222222222222,2.6977124489517727e-07,-0.001169590643274876,42,6,0.14285714285714285,90,6,0.06666666666666667
hourly,129,2026-06-21 09:00:00+00:00,1,24,51,10,29,0.1,1,1,0.1,1,1,0.0196078431372549,0.803921568627451,0.0803921568627451,23,9,0.391304347826087,96,80,0.8333333333333334
hourly,129,2026-06-21 09:00:00+00:00,1,24,51,10,29,0.25,3,2,0.2,2,2,0.058823529411764705,0.5118847539015606,0.1411764705882353,23,9,0.391304347826087,96,70,0.7291666666666666
hourly,129,2026-06-21 09:00:00+00:00,1,24,51,10,29,0.5,5,2,0.2,2,4,0.09803921568627451,0.31902037410708967,0.1019607843137255,23,9,0.391304347826087,96,70,0.7291666666666666
hourly,129,2026-06-21 09:00:00+00:00,1,24,51,10,29,1.0,10,4,0.4,4,5,0.19607843137254902,0.08773866709517532,0.203921568627451,23,8,0.34782608695652173,96,23,0.23958333333333334
hourly,129,2026-06-21 09:00:00+00:00,3,24,51,18,43,0.1,2,2,0.1111111111111111,2,2,0.0392156862745098,0.41411764705882353,0.0718954248366013,39,25,0.6410256410256411,96,73,0.7604166666666666
hourly,129,2026-06-21 09:00:00+00:00,3,24,51,18,43,0.25,5,4,0.2222222222222222,3,5,0.09803921568627451,0.10103445633572578,0.1241830065359477,39,21,0.5384615384615384,96,70,0.7291666666666666
hourly,129,2026-06-21 09:00:00+00:00,3,24,51,18,43,0.5,9,6,0.3333333333333333,6,6,0.17647058823529413,0.012676903474424643,0.15686274509803919,39,14,0.358974358974359,96,24,0.25
hourly,129,2026-06-21 09:00:00+00:00,3,24,51,18,43,1.0,18,8,0.4444444444444444,8,10,0.35294117647058826,3.717292318157653e-05,0.09150326797385616,39,8,0.20512820512820512,96,13,0.13541666666666666
hourly,129,2026-06-21 09:00:00+00:00,6,24,51,21,57,0.1,3,3,0.14285714285714285,3,3,0.058823529411764705,0.1949579831932773,0.08403361344537814,53,26,0.49056603773584906,96,70,0.7291666666666666
hourly,129,2026-06-21 09:00:00+00:00,6,24,51,21,57,0.25,6,5,0.23809523809523808,4,6,0.11764705882352941,0.03297017234275764,0.12044817927170867,53,26,0.49056603773584906,96,62,0.6458333333333334
hourly,129,2026-06-21 09:00:00+00:00,6,24,51,21,57,0.5,11,6,0.2857142857142857,6,8,0.21568627450980393,0.0011470054284491219,0.07002801120448177,53,19,0.3584905660377358,96,21,0.21875
hourly,129,2026-06-21 09:00:00+00:00,6,24,51,21,57,1.0,21,10,0.47619047619047616,9,12,0.4117647058823529,1.2500059159210133e-07,0.06442577030812324,53,7,0.1320754716981132,96,8,0.08333333333333333
hourly,129,2026-06-21 09:00:00+00:00,12,24,51,26,69,0.1,3,3,0.11538461538461539,3,3,0.058823529411764705,0.11044417767106843,0.056561085972850686,59,27,0.4576271186440678,96,70,0.7291666666666666
hourly,129,2026-06-21 09:00:00+00:00,12,24,51,26,69,0.25,7,6,0.23076923076923078,5,6,0.13725490196078433,0.004152015416095516,0.09351432880844646,59,20,0.3389830508474576,96,36,0.375
hourly,129,2026-06-21 09:00:00+00:00,12,24,51,26,69,0.5,13,8,0.3076923076923077,7,10,0.2549019607843137,1.0919031930122793e-05,0.052790346907994,59,16,0.2711864406779661,96,21,0.21875
hourly,129,2026-06-21 09:00:00+00:00,12,24,51,26,69,1.0,26,15,0.5769230769230769,13,15,0.5098039215686274,0.0,0.06711915535444946,59,8,0.13559322033898305,96,8,0.08333333333333333
hourly,130,2026-06-21 10:00:00+00:00,1,24,49,4,14,0.1,1,1,0.25,1,1,0.02040816326530612,0.9183673469387755,0.22959183673469388,10,4,0.4,92,76,0.8260869565217391
hourly,130,2026-06-21 10:00:00+00:00,1,24,49,4,14,0.25,1,1,0.25,1,1,0.02040816326530612,0.9183673469387755,0.22959183673469388,10,4,0.4,92,76,0.8260869565217391
hourly,130,2026-06-21 10:00:00+00:00,1,24,49,4,14,0.5,2,1,0.25,1,1,0.04081632653061224,0.8418367346938775,0.20918367346938777,10,4,0.4,92,69,0.75
hourly,130,2026-06-21 10:00:00+00:00,1,24,49,4,14,1.0,4,1,0.25,1,1,0.08163265306122448,0.7032179199154223,0.16836734693877553,10,4,0.4,92,66,0.717391304347826
hourly,130,2026-06-21 10:00:00+00:00,3,24,49,16,43,0.1,2,1,0.0625,1,1,0.04081632653061224,0.4489795918367347,0.02168367346938776,37,29,0.7837837837837838,92,69,0.75
hourly,130,2026-06-21 10:00:00+00:00,3,24,49,16,43,0.25,4,2,0.125,2,3,0.08163265306122448,0.19313183182616248,0.04336734693877552,37,25,0.6756756756756757,92,66,0.717391304347826
hourly,130,2026-06-21 10:00:00+00:00,3,24,49,16,43,0.5,8,4,0.25,4,4,0.16326530612244897,0.03078676558074556,0.08673469387755103,37,19,0.5135135135135135,92,47,0.5108695652173914
hourly,130,2026-06-21 10:00:00+00:00,3,24,49,16,43,1.0,16,7,0.4375,7,8,0.32653061224489793,0.00034849615482727996,0.11096938775510207,37,11,0.2972972972972973,92,27,0.29347826086956524
hourly,130,2026-06-21 10:00:00+00:00,6,24,49,22,51,0.1,3,3,0.13636363636363635,3,3,0.061224489795918366,0.15876031263569257,0.07513914656771799,47,29,0.6170212765957447,92,66,0.717391304347826
hourly,130,2026-06-21 10:00:00+00:00,6,24,49,22,51,0.25,6,6,0.2727272727272727,6,6,0.12244897959183673,0.02116804168475901,0.15027829313543598,47,23,0.48936170212765956,92,47,0.5108695652173914
hourly,130,2026-06-21 10:00:00+00:00,6,24,49,22,51,0.5,11,8,0.36363636363636365,8,8,0.22448979591836735,0.0004474853264219966,0.1391465677179963,47,19,0.40425531914893614,92,37,0.40217391304347827
hourly,130,2026-06-21 10:00:00+00:00,6,24,49,22,51,1.0,22,14,0.6363636363636364,12,15,0.4489795918367347,1.6243494575837868e-09,0.18738404452690166,47,4,0.0851063829787234,92,9,0.09782608695652174
hourly,130,2026-06-21 10:00:00+00:00,12,24,49,25,69,0.1,3,3,0.12,3,3,0.061224489795918366,0.10985670864090318,0.05877551020408163,65,33,0.5076923076923077,92,66,0.717391304347826
hourly,130,2026-06-21 10:00:00+00:00,12,24,49,25,69,0.25,7,6,0.24,6,6,0.14285714285714285,0.00402912278221531,0.09714285714285714,65,27,0.4153846153846154,92,47,0.5108695652173914
hourly,130,2026-06-21 10:00:00+00:00,12,24,49,25,69,0.5,13,9,0.36,8,10,0.2653061224489796,9.505615279139615e-06,0.09469387755102038,65,20,0.3076923076923077,92,35,0.3804347826086957
hourly,130,2026-06-21 10:00:00+00:00,12,24,49,25,69,1.0,25,15,0.6,15,15,0.5102040816326531,0.0,0.0897959183673469,65,4,0.06153846153846154,92,6,0.06521739130434782
hourly,131,2026-06-21 11:00:00+00:00,1,24,48,6,15,0.1,1,1,0.16666666666666666,1,1,0.020833333333333332,0.875,0.14583333333333331,5,5,1.0,88,71,0.8068181818181818
hourly,131,2026-06-21 11:00:00+00:00,1,24,48,6,15,0.25,2,1,0.16666666666666666,1,1,0.041666666666666664,0.7632978723404256,0.125,5,5,1.0,88,63,0.7159090909090909
hourly,131,2026-06-21 11:00:00+00:00,1,24,48,6,15,0.5,3,1,0.16666666666666666,1,1,0.0625,0.6637372802960222,0.10416666666666666,5,5,1.0,88,60,0.6818181818181818
hourly,131,2026-06-21 11:00:00+00:00,1,24,48,6,15,1.0,6,1,0.16666666666666666,1,1,0.125,0.42747674451200474,0.04166666666666666,5,5,1.0,88,42,0.4772727272727273
hourly,131,2026-06-21 11:00:00+00:00,3,24,48,17,48,0.1,2,1,0.058823529411764705,1,1,0.041666666666666664,0.4122340425531915,0.01715686274509804,41,31,0.7560975609756098,88,63,0.7159090909090909
hourly,131,2026-06-21 11:00:00+00:00,3,24,48,17,48,0.25,5,3,0.17647058823529413,3,4,0.10416666666666667,0.09922945925489866,0.07230392156862746,41,24,0.5853658536585366,88,50,0.5681818181818182
hourly,131,2026-06-21 11:00:00+00:00,3,24,48,17,48,0.5,9,5,0.29411764705882354,5,6,0.1875,0.012020747231672757,0.10661764705882354,41,20,0.4878048780487805,88,39,0.4431818181818182
hourly,131,2026-06-21 11:00:00+00:00,3,24,48,17,48,1.0,17,8,0.47058823529411764,8,8,0.3541666666666667,6.247789621451537e-05,0.11642156862745096,41,7,0.17073170731707318,88,15,0.17045454545454544
hourly,131,2026-06-21 11:00:00+00:00,6,24,48,26,63,0.1,3,3,0.11538461538461539,3,3,0.0625,0.08903792784458835,0.05288461538461539,57,37,0.6491228070175439,88,60,0.6818181818181818
hourly,131,2026-06-21 11:00:00+00:00,6,24,48,26,63,0.25,7,6,0.23076923076923078,6,6,0.14583333333333334,0.0023162589907421353,0.08493589743589744,57,31,0.543859649122807,88,42,0.4772727272727273
hourly,131,2026-06-21 11:00:00+00:00,6,24,48,26,63,0.5,13,11,0.4230769230769231,11,11,0.2708333333333333,2.578264208663573e-06,0.15224358974358976,57,14,0.24561403508771928,88,16,0.18181818181818182
hourly,131,2026-06-21 11:00:00+00:00,6,24,48,26,63,1.0,26,17,0.6538461538461539,16,18,0.5416666666666666,0.0,0.11217948717948723,57,4,0.07017543859649122,88,5,0.056818181818181816
hourly,131,2026-06-21 11:00:00+00:00,12,24,48,29,80,0.1,3,3,0.10344827586206896,3,3,0.0625,0.056024514338575394,0.040948275862068964,76,41,0.5394736842105263,88,60,0.6818181818181818
hourly,131,2026-06-21 11:00:00+00:00,12,24,48,29,80,0.25,8,7,0.2413793103448276,7,7,0.16666666666666666,0.0002002973406628454,0.07471264367816094,76,32,0.42105263157894735,88,39,0.4431818181818182
hourly,131,2026-06-21 11:00:00+00:00,12,24,48,29,80,0.5,15,12,0.41379310344827586,11,12,0.3125,3.545359492432721e-09,0.10129310344827586,76,15,0.19736842105263158,88,15,0.17045454545454544
hourly,131,2026-06-21 11:00:00+00:00,12,24,48,29,80,1.0,29,18,0.6206896551724138,16,21,0.6041666666666666,0.0,0.016522988505747183,76,4,0.05263157894736842,88,5,0.056818181818181816
hourly,132,2026-06-21 12:00:00+00:00,1,24,47,4,9,0.1,1,0,0.0,0,0,0.02127659574468085,0.9148936170212766,-0.02127659574468085,4,4,1.0,73,52,0.7123287671232876
hourly,132,2026-06-21 12:00:00+00:00,1,24,47,4,9,0.25,1,0,0.0,0,0,0.02127659574468085,0.9148936170212766,-0.02127659574468085,4,4,1.0,73,52,0.7123287671232876
hourly,132,2026-06-21 12:00:00+00:00,1,24,47,4,9,0.5,2,0,0.0,0,0,0.0425531914893617,0.8353376503237743,-0.0425531914893617,4,4,1.0,73,42,0.5753424657534246
hourly,132,2026-06-21 12:00:00+00:00,1,24,47,4,9,1.0,4,0,0.0,0,0,0.0851063829787234,0.691895831581308,-0.0851063829787234,4,4,1.0,73,42,0.5753424657534246
hourly,132,2026-06-21 12:00:00+00:00,3,24,47,14,31,0.1,2,0,0.0,0,0,0.0425531914893617,0.4884366327474561,-0.0425531914893617,14,14,1.0,73,42,0.5753424657534246
hourly,132,2026-06-21 12:00:00+00:00,3,24,47,14,31,0.25,4,1,0.07142857142857142,1,1,0.0851063829787234,0.2294172062904718,-0.013677811550151978,14,14,1.0,73,42,0.5753424657534246
hourly,132,2026-06-21 12:00:00+00:00,3,24,47,14,31,0.5,7,2,0.14285714285714285,2,3,0.14893617021276595,0.0679272726509508,-0.006079027355623101,14,6,0.42857142857142855,73,38,0.5205479452054794
hourly,132,2026-06-21 12:00:00+00:00,3,24,47,14,31,1.0,14,6,0.42857142857142855,6,6,0.2978723404255319,0.0023966753103911186,0.13069908814589665,14,3,0.21428571428571427,73,15,0.2054794520547945
hourly,132,2026-06-21 12:00:00+00:00,6,24,47,27,62,0.1,3,3,0.1111111111111111,3,3,0.06382978723404255,0.07030527289546716,0.04728132387706856,44,32,0.7272727272727273,73,42,0.5753424657534246
hourly,132,2026-06-21 12:00:00+00:00,6,24,47,27,62,0.25,7,5,0.18518518518518517,5,6,0.14893617021276595,0.001232599019463664,0.036249014972419225,44,28,0.6363636363636364,73,38,0.5205479452054794
hourly,132,2026-06-21 12:00:00+00:00,6,24,47,27,62,0.5,14,10,0.37037037037037035,10,10,0.2978723404255319,1.1345150375784707e-07,0.07249802994483845,44,10,0.22727272727272727,73,15,0.2054794520547945
hourly,132,2026-06-21 12:00:00+00:00,6,24,47,27,62,1.0,27,18,0.6666666666666666,15,21,0.574468085106383,0.0,0.0921985815602836,44,4,0.09090909090909091,73,4,0.0547945205479452
hourly,132,2026-06-21 12:00:00+00:00,12,24,47,31,79,0.1,4,4,0.12903225806451613,4,4,0.0851063829787234,0.01020379558769938,0.04392587508579272,61,39,0.639344262295082,73,42,0.5753424657534246
hourly,132,2026-06-21 12:00:00+00:00,12,24,47,31,79,0.25,8,6,0.1935483870967742,5,7,0.1702127659574468,4.092762998064333e-05,0.023335621139327384,61,32,0.5245901639344263,73,35,0.4794520547945205
hourly,132,2026-06-21 12:00:00+00:00,12,24,47,31,79,0.5,16,11,0.3548387096774194,10,12,0.3404255319148936,6.65233041079411e-13,0.014413177762525764,61,15,0.2459016393442623,73,15,0.2054794520547945
hourly,132,2026-06-21 12:00:00+00:00,12,24,47,31,79,1.0,31,18,0.5806451612903226,15,25,0.6595744680851063,0.0,-0.07892930679478372,61,4,0.06557377049180328,73,4,0.0547945205479452
hourly,133,2026-06-21 13:00:00+00:00,1,24,44,5,7,0.1,1,0,0.0,0,0,0.022727272727272728,0.8863636363636364,-0.022727272727272728,4,4,1.0,72,49,0.6805555555555556
hourly,133,2026-06-21 13:00:00+00:00,1,24,44,5,7,0.25,2,0,0.0,0,0,0.045454545454545456,0.7832980972515856,-0.045454545454545456,4,4,1.0,72,43,0.5972222222222222
hourly,133,2026-06-21 13:00:00+00:00,1,24,44,5,7,0.5,3,0,0.0,0,0,0.06818181818181818,0.690048323769254,-0.06818181818181818,4,4,1.0,72,43,0.5972222222222222
hourly,133,2026-06-21 13:00:00+00:00,1,24,44,5,7,1.0,5,0,0.0,0,1,0.11363636363636363,0.5301590780178415,-0.11363636363636363,4,4,1.0,72,43,0.5972222222222222
hourly,133,2026-06-21 13:00:00+00:00,3,24,44,13,27,0.1,2,0,0.0,0,0,0.045454545454545456,0.4915433403805497,-0.045454545454545456,17,17,1.0,72,43,0.5972222222222222
hourly,133,2026-06-21 13:00:00+00:00,3,24,44,13,27,0.25,4,1,0.07692307692307693,1,1,0.09090909090909091,0.2317846645696901,-0.013986013986013984,17,17,1.0,72,43,0.5972222222222222
hourly,133,2026-06-21 13:00:00+00:00,3,24,44,13,27,0.5,7,3,0.23076923076923078,3,4,0.1590909090909091,0.06862045990550035,0.0716783216783217,17,11,0.6470588235294118,72,26,0.3611111111111111
hourly,133,2026-06-21 13:00:00+00:00,3,24,44,13,27,1.0,13,6,0.46153846153846156,6,7,0.29545454545454547,0.003972859165170066,0.1660839160839161,17,7,0.4117647058823529,72,15,0.20833333333333334
hourly,133,2026-06-21 13:00:00+00:00,6,24,44,24,53,0.1,3,1,0.041666666666666664,1,2,0.06818181818181818,0.08607671398369073,-0.026515151515151512,38,32,0.8421052631578947,72,43,0.5972222222222222
hourly,133,2026-06-21 13:00:00+00:00,6,24,44,24,53,0.25,6,3,0.125,3,4,0.13636363636363635,0.005490822280385525,-0.011363636363636354,38,20,0.5263157894736842,72,30,0.4166666666666667
hourly,133,2026-06-21 13:00:00+00:00,6,24,44,24,53,0.5,12,8,0.3333333333333333,8,8,0.2727272727272727,5.972779654004838e-06,0.06060606060606061,38,9,0.23684210526315788,72,15,0.20833333333333334
hourly,133,2026-06-21 13:00:00+00:00,6,24,44,24,53,1.0,24,14,0.5833333333333334,13,17,0.5454545454545454,0.0,0.037878787878787956,38,4,0.10526315789473684,72,4,0.05555555555555555
hourly,133,2026-06-21 13:00:00+00:00,12,24,44,33,82,0.1,4,4,0.12121212121212122,4,4,0.09090909090909091,0.0024309213191799693,0.030303030303030304,64,41,0.640625,72,43,0.5972222222222222
hourly,133,2026-06-21 13:00:00+00:00,12,24,44,33,82,0.25,9,8,0.24242424242424243,8,8,0.20454545454545456,7.758165205100751e-08,0.03787878787878787,64,25,0.390625,72,26,0.3611111111111111
hourly,133,2026-06-21 13:00:00+00:00,12,24,44,33,82,0.5,17,15,0.45454545454545453,14,16,0.38636363636363635,0.0,0.06818181818181818,64,6,0.09375,72,6,0.08333333333333333
hourly,133,2026-06-21 13:00:00+00:00,12,24,44,33,82,1.0,33,25,0.7575757575757576,22,30,0.75,0.0,0.007575757575757569,64,3,0.046875,72,3,0.041666666666666664
hourly,134,2026-06-21 14:00:00+00:00,1,24,46,8,16,0.1,1,0,0.0,0,0,0.021739130434782608,0.8260869565217391,-0.021739130434782608,9,9,1.0,78,55,0.7051282051282052
hourly,134,2026-06-21 14:00:00+00:00,1,24,46,8,16,0.25,2,0,0.0,0,0,0.043478260869565216,0.6792270531400966,-0.043478260869565216,9,9,1.0,78,49,0.6282051282051282
hourly,134,2026-06-21 14:00:00+00:00,1,24,46,8,16,0.5,4,1,0.125,0,1,0.08695652173913043,0.45233936942733705,0.03804347826086957,9,7,0.7777777777777778,78,32,0.41025641025641024
hourly,134,2026-06-21 14:00:00+00:00,1,24,46,8,16,1.0,8,1,0.125,1,1,0.17391304347826086,0.18741794511357263,-0.048913043478260865,9,7,0.7777777777777778,78,28,0.358974358974359
hourly,134,2026-06-21 14:00:00+00:00,3,24,46,14,28,0.1,2,0,0.0,0,0,0.043478260869565216,0.4792270531400966,-0.043478260869565216,16,16,1.0,78,49,0.6282051282051282
hourly,134,2026-06-21 14:00:00+00:00,3,24,46,14,28,0.25,4,1,0.07142857142857142,1,2,0.08695652173913043,0.2203633912430677,-0.015527950310559008,16,13,0.8125,78,32,0.41025641025641024
hourly,134,2026-06-21 14:00:00+00:00,3,24,46,14,28,0.5,7,2,0.14285714285714285,2,3,0.15217391304347827,0.0628841872571681,-0.009316770186335421,16,13,0.8125,78,28,0.358974358974359
hourly,134,2026-06-21 14:00:00+00:00,3,24,46,14,28,1.0,14,6,0.42857142857142855,6,6,0.30434782608695654,0.0019653177705962065,0.124223602484472,16,9,0.5625,78,15,0.19230769230769232
hourly,134,2026-06-21 14:00:00+00:00,6,24,46,26,60,0.1,3,1,0.038461538461538464,1,2,0.06521739130434782,0.07509881422924901,-0.02675585284280936,44,37,0.8409090909090909,78,49,0.6282051282051282
hourly,134,2026-06-21 14:00:00+00:00,6,24,46,26,60,0.25,7,4,0.15384615384615385,4,5,0.15217391304347827,0.0014483038478698051,0.0016722408026755842,44,17,0.38636363636363635,78,28,0.358974358974359
hourly,134,2026-06-21 14:00:00+00:00,6,24,46,26,60,0.5,13,9,0.34615384615384615,9,9,0.2826086956521739,7.617458109455446e-07,0.06354515050167225,44,10,0.22727272727272727,78,18,0.23076923076923078
hourly,134,2026-06-21 14:00:00+00:00,6,24,46,26,60,1.0,26,16,0.6153846153846154,16,19,0.5652173913043478,0.0,0.050167224080267636,44,4,0.09090909090909091,78,4,0.05128205128205128
hourly,134,2026-06-21 14:00:00+00:00,12,24,46,37,92,0.1,4,4,0.10810810810810811,4,4,0.08695652173913043,0.0007721297913411159,0.021151586368977682,72,32,0.4444444444444444,78,32,0.41025641025641024
hourly,134,2026-06-21 14:00:00+00:00,12,24,46,37,92,0.25,10,9,0.24324324324324326,9,9,0.21739130434782608,0.0,0.025851938895417176,72,25,0.3472222222222222,78,25,0.32051282051282054
hourly,134,2026-06-21 14:00:00+00:00,12,24,46,37,92,0.5,19,18,0.4864864864864865,17,18,0.41304347826086957,0.0,0.07344300822561695,72,8,0.1111111111111111,78,8,0.10256410256410256
hourly,134,2026-06-21 14:00:00+00:00,12,24,46,37,92,1.0,37,30,0.8108108108108109,28,35,0.8043478260869565,0.0,0.006462984723854315,72,3,0.041666666666666664,78,3,0.038461538461538464
hourly,135,2026-06-21 15:00:00+00:00,1,24,46,3,10,0.1,1,0,0.0,0,0,0.021739130434782608,0.9347826086956522,-0.021739130434782608,4,4,1.0,91,73,0.8021978021978022
hourly,135,2026-06-21 15:00:00+00:00,1,24,46,3,10,0.25,1,0,0.0,0,0,0.021739130434782608,0.9347826086956522,-0.021739130434782608,4,4,1.0,91,73,0.8021978021978022
hourly,135,2026-06-21 15:00:00+00:00,1,24,46,3,10,0.5,2,0,0.0,0,0,0.043478260869565216,0.8724637681159421,-0.043478260869565216,4,4,1.0,91,67,0.7362637362637363
hourly,135,2026-06-21 15:00:00+00:00,1,24,46,3,10,1.0,3,0,0.0,0,0,0.06521739130434782,0.8129776021080369,-0.06521739130434782,4,4,1.0,91,59,0.6483516483516484
hourly,135,2026-06-21 15:00:00+00:00,3,24,46,13,29,0.1,2,0,0.0,0,0,0.043478260869565216,0.5101449275362319,-0.043478260869565216,15,15,1.0,91,67,0.7362637362637363
hourly,135,2026-06-21 15:00:00+00:00,3,24,46,13,29,0.25,4,0,0.0,0,0,0.08695652173913043,0.25075834175935285,-0.08695652173913043,15,15,1.0,91,59,0.6483516483516484
hourly,135,2026-06-21 15:00:00+00:00,3,24,46,13,29,0.5,7,2,0.15384615384615385,2,2,0.15217391304347827,0.07981454536486719,0.0016722408026755842,15,14,0.9333333333333333,91,33,0.3626373626373626
hourly,135,2026-06-21 15:00:00+00:00,3,24,46,13,29,1.0,13,4,0.3076923076923077,3,5,0.2826086956521739,0.005632186979419128,0.025083612040133818,15,12,0.8,91,19,0.2087912087912088
hourly,135,2026-06-21 15:00:00+00:00,6,24,46,22,55,0.1,3,0,0.0,0,1,0.06521739130434782,0.13333333333333333,-0.06521739130434782,36,36,1.0,91,59,0.6483516483516484
hourly,135,2026-06-21 15:00:00+00:00,6,24,46,22,55,0.25,6,3,0.13636363636363635,3,3,0.13043478260869565,0.014369446020041596,0.005928853754940705,36,18,0.5,91,33,0.3626373626373626
hourly,135,2026-06-21 15:00:00+00:00,6,24,46,22,55,0.5,11,7,0.3181818181818182,6,7,0.2391304347826087,0.00018710625630648318,0.07905138339920947,36,14,0.3888888888888889,91,25,0.27472527472527475
hourly,135,2026-06-21 15:00:00+00:00,6,24,46,22,55,1.0,22,14,0.6363636363636364,14,14,0.4782608695652174,3.4979343305163194e-11,0.15810276679841895,36,5,0.1388888888888889,91,5,0.054945054945054944
hourly,135,2026-06-21 15:00:00+00:00,12,24,46,37,94,0.1,4,4,0.10810810810810811,4,4,0.08695652173913043,0.0007721297913411159,0.021151586368977682,83,58,0.6987951807228916,91,59,0.6483516483516484
hourly,135,2026-06-21 15:00:00+00:00,12,24,46,37,94,0.25,10,9,0.24324324324324326,9,9,0.21739130434782608,0.0,0.025851938895417176,83,24,0.2891566265060241,91,25,0.27472527472527475
hourly,135,2026-06-21 15:00:00+00:00,12,24,46,37,94,0.5,19,18,0.4864864864864865,18,18,0.41304347826086957,0.0,0.07344300822561695,83,7,0.08433734939759036,91,8,0.08791208791208792
hourly,135,2026-06-21 15:00:00+00:00,12,24,46,37,94,1.0,37,30,0.8108108108108109,28,36,0.8043478260869565,0.0,0.006462984723854315,83,3,0.03614457831325301,91,3,0.03296703296703297
hourly,136,2026-06-21 16:00:00+00:00,1,24,48,2,6,0.1,1,0,0.0,0,0,0.020833333333333332,0.9583333333333334,-0.020833333333333332,3,3,1.0,93,75,0.8064516129032258
hourly,136,2026-06-21 16:00:00+00:00,1,24,48,2,6,0.25,1,0,0.0,0,0,0.020833333333333332,0.9583333333333334,-0.020833333333333332,3,3,1.0,93,75,0.8064516129032258
hourly,136,2026-06-21 16:00:00+00:00,1,24,48,2,6,0.5,1,0,0.0,0,0,0.020833333333333332,0.9583333333333334,-0.020833333333333332,3,3,1.0,93,75,0.8064516129032258
hourly,136,2026-06-21 16:00:00+00:00,1,24,48,2,6,1.0,2,0,0.0,0,0,0.041666666666666664,0.9175531914893617,-0.041666666666666664,3,3,1.0,93,69,0.7419354838709677
hourly,136,2026-06-21 16:00:00+00:00,3,24,48,13,28,0.1,2,0,0.0,0,0,0.041666666666666664,0.5274822695035462,-0.041666666666666664,14,14,1.0,93,69,0.7419354838709677
hourly,136,2026-06-21 16:00:00+00:00,3,24,48,13,28,0.25,4,0,0.0,0,0,0.08333333333333333,0.26909240415253366,-0.08333333333333333,14,14,1.0,93,61,0.6559139784946236
hourly,136,2026-06-21 16:00:00+00:00,3,24,48,13,28,0.5,7,2,0.15384615384615385,2,3,0.14583333333333334,0.09132968564373595,0.008012820512820512,14,13,0.9285714285714286,93,34,0.3655913978494624
hourly,136,2026-06-21 16:00:00+00:00,3,24,48,13,28,1.0,13,3,0.23076923076923078,3,4,0.2708333333333333,0.007652263498928713,-0.04006410256410253,14,13,0.9285714285714286,93,19,0.20430107526881722
hourly,136,2026-06-21 16:00:00+00:00,6,24,48,22,50,0.1,3,0,0.0,0,1,0.0625,0.15032377428307123,-0.0625,32,32,1.0,93,61,0.6559139784946236
hourly,136,2026-06-21 16:00:00+00:00,6,24,48,22,50,0.25,6,3,0.13636363636363635,3,3,0.125,0.01876133927098796,0.011363636363636354,32,19,0.59375,93,34,0.3655913978494624
hourly,136,2026-06-21 16:00:00+00:00,6,24,48,22,50,0.5,11,7,0.3181818181818182,6,7,0.22916666666666666,0.00034193810518016115,0.08901515151515152,32,15,0.46875,93,25,0.26881720430107525
hourly,136,2026-06-21 16:00:00+00:00,6,24,48,22,50,1.0,22,13,0.5909090909090909,12,13,0.4583333333333333,5.459061963073083e-10,0.13257575757575762,32,5,0.15625,93,5,0.053763440860215055
hourly,136,2026-06-21 16:00:00+00:00,12,24,48,38,86,0.1,4,4,0.10526315789473684,4,4,0.08333333333333333,0.0010792476102374346,0.021929824561403508,75,57,0.76,93,61,0.6559139784946236
hourly,136,2026-06-21 16:00:00+00:00,12,24,48,38,86,0.25,10,9,0.23684210526315788,9,9,0.20833333333333334,1.528884629603854e-10,0.02850877192982454,75,21,0.28,93,25,0.26881720430107525
hourly,136,2026-06-21 16:00:00+00:00,12,24,48,38,86,0.5,19,18,0.47368421052631576,18,18,0.3958333333333333,0.0,0.07785087719298245,75,8,0.10666666666666667,93,8,0.08602150537634409
hourly,136,2026-06-21 16:00:00+00:00,12,24,48,38,86,1.0,38,31,0.8157894736842105,28,37,0.7916666666666666,0.0,0.02412280701754388,75,3,0.04,93,3,0.03225806451612903
hourly,137,2026-06-21 17:00:00+00:00,3,24,49,7,18,0.1,1,0,0.0,0,0,0.02040816326530612,0.8571428571428571,-0.02040816326530612,5,5,1.0,94,77,0.8191489361702128
hourly,137,2026-06-21 17:00:00+00:00,3,24,49,7,18,0.25,2,0,0.0,0,0,0.04081632653061224,0.7321428571428571,-0.04081632653061224,5,5,1.0,94,71,0.7553191489361702
hourly,137,2026-06-21 17:00:00+00:00,3,24,49,7,18,0.5,4,0,0.0,0,0,0.08163265306122448,0.5282806924805075,-0.08163265306122448,5,5,1.0,94,41,0.43617021276595747
hourly,137,2026-06-21 17:00:00+00:00,3,24,49,7,18,1.0,7,1,0.14285714285714285,1,2,0.14285714285714285,0.31406454698841163,0.0,5,5,1.0,94,34,0.3617021276595745
hourly,137,2026-06-21 17:00:00+00:00,6,24,49,18,43,0.1,2,0,0.0,0,0,0.04081632653061224,0.39540816326530615,-0.04081632653061224,22,22,1.0,94,71,0.7553191489361702
hourly,137,2026-06-21 17:00:00+00:00,6,24,49,18,43,0.25,5,2,0.1111111111111111,2,2,0.10204081632653061,0.08910400422888859,0.00907029478458049,22,18,0.8181818181818182,94,41,0.43617021276595747
hourly,137,2026-06-21 17:00:00+00:00,6,24,49,18,43,0.5,9,4,0.2222222222222222,4,5,0.1836734693877551,0.009812854882998169,0.0385487528344671,22,18,0.8181818181818182,94,25,0.26595744680851063
hourly,137,2026-06-21 17:00:00+00:00,6,24,49,18,43,1.0,18,9,0.5,9,10,0.3673469387755102,1.7850827489861534e-05,0.13265306122448978,22,8,0.36363636363636365,94,8,0.0851063829787234
hourly,137,2026-06-21 17:00:00+00:00,12,24,49,38,89,0.1,4,4,0.10526315789473684,4,4,0.08163265306122448,0.0015575147727916328,0.023630504833512353,77,37,0.4805194805194805,94,41,0.43617021276595747
hourly,137,2026-06-21 17:00:00+00:00,12,24,49,38,89,0.25,10,9,0.23684210526315788,9,9,0.20408163265306123,1.3385540940817415e-09,0.03276047261009665,77,21,0.2727272727272727,94,25,0.26595744680851063
hourly,137,2026-06-21 17:00:00+00:00,12,24,49,38,89,0.5,19,18,0.47368421052631576,18,18,0.3877551020408163,0.0,0.08592910848549945,77,8,0.1038961038961039,94,8,0.0851063829787234
hourly,137,2026-06-21 17:00:00+00:00,12,24,49,38,89,1.0,38,30,0.7894736842105263,27,37,0.7755102040816326,0.0,0.013963480128893702,77,3,0.03896103896103896,94,3,0.031914893617021274
hourly,138,2026-06-21 18:00:00+00:00,1,24,50,5,13,0.1,1,0,0.0,0,0,0.02,0.9,-0.02,7,7,1.0,94,79,0.8404255319148937
hourly,138,2026-06-21 18:00:00+00:00,1,24,50,5,13,0.25,2,0,0.0,0,0,0.04,0.8081632653061225,-0.04,7,7,1.0,94,73,0.776595744680851
hourly,138,2026-06-21 18:00:00+00:00,1,24,50,5,13,0.5,3,0,0.0,0,0,0.06,0.7239795918367347,-0.06,7,7,1.0,94,65,0.6914893617021277
hourly,138,2026-06-21 18:00:00+00:00,1,24,50,5,13,1.0,5,0,0.0,0,0,0.1,0.5766386943306462,-0.1,7,7,1.0,94,34,0.3617021276595745
hourly,138,2026-06-21 18:00:00+00:00,3,24,50,9,22,0.1,1,0,0.0,0,0,0.02,0.82,-0.02,7,7,1.0,94,79,0.8404255319148937
hourly,138,2026-06-21 18:00:00+00:00,3,24,50,9,22,0.25,3,0,0.0,0,0,0.06,0.5438775510204081,-0.06,7,7,1.0,94,65,0.6914893617021277
hourly,138,2026-06-21 18:00:00+00:00,3,24,50,9,22,0.5,5,1,0.1111111111111111,1,1,0.1,0.35369650172742545,0.0111111111111111,7,7,1.0,94,34,0.3617021276595745
hourly,138,2026-06-21 18:00:00+00:00,3,24,50,9,22,1.0,9,3,0.3333333333333333,2,4,0.18,0.13983350068293565,0.15333333333333332,7,4,0.5714285714285714,94,25,0.26595744680851063
hourly,138,2026-06-21 18:00:00+00:00,6,24,50,18,44,0.1,2,0,0.0,0,0,0.04,0.4048979591836735,-0.04,19,19,1.0,94,73,0.776595744680851
hourly,138,2026-06-21 18:00:00+00:00,6,24,50,18,44,0.25,5,2,0.1111111111111111,2,2,0.1,0.09504427117748117,0.0111111111111111,19,17,0.8947368421052632,94,34,0.3617021276595745
hourly,138,2026-06-21 18:00:00+00:00,6,24,50,18,44,0.5,9,4,0.2222222222222222,3,5,0.18,0.011195187483907477,0.04222222222222222,19,17,0.8947368421052632,94,25,0.26595744680851063
hourly,138,2026-06-21 18:00:00+00:00,6,24,50,18,44,1.0,18,8,0.4444444444444444,8,8,0.36,2.6113210499454587e-05,0.08444444444444443,19,12,0.631578947368421,94,15,0.1595744680851064
hourly,138,2026-06-21 18:00:00+00:00,12,24,50,40,97,0.1,4,4,0.1,4,4,0.08,0.000911854103343465,0.020000000000000004,68,34,0.5,94,41,0.43617021276595747
hourly,138,2026-06-21 18:00:00+00:00,12,24,50,40,97,0.25,10,10,0.25,10,10,0.2,9.734938866049029e-11,0.04999999999999999,68,18,0.2647058823529412,94,25,0.26595744680851063
hourly,138,2026-06-21 18:00:00+00:00,12,24,50,40,97,0.5,20,19,0.475,19,19,0.4,0.0,0.07499999999999996,68,10,0.14705882352941177,94,15,0.1595744680851064
hourly,138,2026-06-21 18:00:00+00:00,12,24,50,40,97,1.0,40,32,0.8,30,39,0.8,0.0,0.0,68,3,0.04411764705882353,94,3,0.031914893617021274
hourly,139,2026-06-21 19:00:00+00:00,1,24,53,7,15,0.1,1,0,0.0,0,0,0.018867924528301886,0.8679245283018868,-0.018867924528301886,5,5,1.0,99,84,0.8484848484848485
hourly,139,2026-06-21 19:00:00+00:00,1,24,53,7,15,0.25,2,0,0.0,0,1,0.03773584905660377,0.7510885341074021,-0.03773584905660377,5,5,1.0,99,78,0.7878787878787878
hourly,139,2026-06-21 19:00:00+00:00,1,24,53,7,15,0.5,4,1,0.14285714285714285,1,1,0.07547169811320754,0.5572782378553743,0.0673854447439353,5,5,1.0,99,70,0.7070707070707071
hourly,139,2026-06-21 19:00:00+00:00,1,24,53,7,15,1.0,7,2,0.2857142857142857,2,2,0.1320754716981132,0.3472402393931664,0.1536388140161725,5,5,1.0,99,37,0.37373737373737376
hourly,139,2026-06-21 19:00:00+00:00,3,24,53,11,27,0.1,2,0,0.0,0,1,0.03773584905660377,0.6248185776487664,-0.03773584905660377,10,10,1.0,99,78,0.7878787878787878
hourly,139,2026-06-21 19:00:00+00:00,3,24,53,11,27,0.25,3,1,0.09090909090909091,1,1,0.05660377358490566,0.4900537863911893,0.03430531732418525,10,5,0.5,99,78,0.7878787878787878
hourly,139,2026-06-21 19:00:00+00:00,3,24,53,11,27,0.5,6,1,0.09090909090909091,1,2,0.11320754716981132,0.2285000792769938,-0.022298456260720412,10,5,0.5,99,37,0.37373737373737376
hourly,139,2026-06-21 19:00:00+00:00,3,24,53,11,27,1.0,11,3,0.2727272727272727,3,3,0.20754716981132076,0.056157840622601325,0.06518010291595194,10,5,0.5,99,28,0.2828282828282828
hourly,139,2026-06-21 19:00:00+00:00,6,24,53,21,54,0.1,3,1,0.047619047619047616,1,1,0.05660377358490566,0.21173055579270897,-0.008984725965858045,19,19,1.0,99,78,0.7878787878787878
hourly,139,2026-06-21 19:00:00+00:00,6,24,53,21,54,0.25,6,3,0.14285714285714285,3,3,0.11320754716981132,0.03947262504421217,0.029649595687331526,19,17,0.8947368421052632,99,37,0.37373737373737376
hourly,139,2026-06-21 19:00:00+00:00,6,24,53,21,54,0.5,11,6,0.2857142857142857,6,6,0.20754716981132076,0.0016927069951336244,0.07816711590296493,19,13,0.6842105263157895,99,28,0.2828282828282828
hourly,139,2026-06-21 19:00:00+00:00,6,24,53,21,54,1.0,21,11,0.5238095238095238,10,11,0.39622641509433965,4.057546581491279e-07,0.1275831087151842,19,8,0.42105263157894735,99,15,0.15151515151515152
hourly,139,2026-06-21 19:00:00+00:00,12,24,53,39,97,0.1,4,2,0.05128205128205128,2,3,0.07547169811320754,0.00341842397336293,-0.024189646831156264,67,61,0.9104477611940298,99,70,0.7070707070707071
hourly,139,2026-06-21 19:00:00+00:00,12,24,53,39,97,0.25,10,8,0.20512820512820512,8,8,0.18867924528301888,5.133570367389097e-08,0.01644895984518624,67,23,0.34328358208955223,99,32,0.32323232323232326
hourly,139,2026-06-21 19:00:00+00:00,12,24,53,39,97,0.5,20,16,0.41025641025641024,16,16,0.37735849056603776,0.0,0.03289791969037248,67,9,0.13432835820895522,99,15,0.15151515151515152
hourly,139,2026-06-21 19:00:00+00:00,12,24,53,39,97,1.0,39,29,0.7435897435897436,25,34,0.7358490566037735,0.0,0.00774068698597008,67,3,0.04477611940298507,99,3,0.030303030303030304
hourly,140,2026-06-21 20:00:00+00:00,1,24,59,10,21,0.1,1,0,0.0,0,0,0.01694915254237288,0.8305084745762712,-0.01694915254237288,10,10,1.0,125,110,0.88
hourly,140,2026-06-21 20:00:00+00:00,1,24,59,10,21,0.25,3,1,0.1,1,1,0.05084745762711865,0.5667353655910671,0.04915254237288136,10,10,1.0,125,94,0.752
hourly,140,2026-06-21 20:00:00+00:00,1,24,59,10,21,0.5,5,1,0.1,1,2,0.0847457627118644,0.38089032687451585,0.015254237288135603,10,10,1.0,125,55,0.44
hourly,140,2026-06-21 20:00:00+00:00,1,24,59,10,21,1.0,10,4,0.4,3,4,0.1694915254237288,0.13079798707619555,0.23050847457627122,10,9,0.9,125,40,0.32
hourly,140,2026-06-21 20:00:00+00:00,3,24,59,17,39,0.1,2,1,0.058823529411764705,1,1,0.03389830508474576,0.5032144944476914,0.024925224327018942,22,14,0.6363636363636364,125,100,0.8
hourly,140,2026-06-21 20:00:00+00:00,3,24,59,17,39,0.25,5,1,0.058823529411764705,1,2,0.0847457627118644,0.1699165825407789,-0.025922233300099698,22,14,0.6363636363636364,125,55,0.44
hourly,140,2026-06-21 20:00:00+00:00,3,24,59,17,39,0.5,9,4,0.23529411764705882,4,4,0.15254237288135594,0.035484917656879326,0.08275174476570288,22,14,0.6363636363636364,125,41,0.328
hourly,140,2026-06-21 20:00:00+00:00,3,24,59,17,39,1.0,17,6,0.35294117647058826,6,6,0.288135593220339,0.0009176713069056983,0.06480558325024927,22,3,0.13636363636363635,125,15,0.12
hourly,140,2026-06-21 20:00:00+00:00,6,24,59,22,55,0.1,3,1,0.045454545454545456,1,1,0.05084745762711865,0.2390107354886339,-0.0053929121725731916,22,14,0.6363636363636364,125,94,0.752
hourly,140,2026-06-21 20:00:00+00:00,6,24,59,22,55,0.25,6,2,0.09090909090909091,2,2,0.1016949152542373,0.05159596829595907,-0.010785824345146383,22,14,0.6363636363636364,125,55,0.44
hourly,140,2026-06-21 20:00:00+00:00,6,24,59,22,55,0.5,11,7,0.3181818181818182,5,7,0.1864406779661017,0.0030549424655091765,0.13174114021571648,22,5,0.22727272727272727,125,29,0.232
hourly,140,2026-06-21 20:00:00+00:00,6,24,59,22,55,1.0,22,11,0.5,9,11,0.3728813559322034,1.0446012380906177e-06,0.1271186440677966,22,5,0.22727272727272727,125,15,0.12
hourly,140,2026-06-21 20:00:00+00:00,12,24,59,42,106,0.1,5,3,0.07142857142857142,3,4,0.0847457627118644,0.001236021353527275,-0.013317191283292978,90,36,0.4,125,55,0.44
hourly,140,2026-06-21 20:00:00+00:00,12,24,59,42,106,0.25,11,9,0.21428571428571427,9,9,0.1864406779661017,4.4220251454590624e-08,0.027845036319612576,90,19,0.2111111111111111,125,29,0.232
hourly,140,2026-06-21 20:00:00+00:00,12,24,59,42,106,0.5,21,18,0.42857142857142855,17,18,0.3559322033898305,0.0,0.07263922518159804,90,9,0.1,125,15,0.12
hourly,140,2026-06-21 20:00:00+00:00,12,24,59,42,106,1.0,42,31,0.7380952380952381,25,37,0.711864406779661,0.0,0.02623083131557713,90,4,0.044444444444444446,125,4,0.032
hourly,141,2026-06-21 21:00:00+00:00,1,24,61,8,18,0.1,1,0,0.0,0,0,0.01639344262295082,0.8688524590163934,-0.01639344262295082,8,8,1.0,133,118,0.8872180451127819
hourly,141,2026-06-21 21:00:00+00:00,1,24,61,8,18,0.25,2,1,0.125,1,1,0.03278688524590164,0.7530054644808744,0.09221311475409835,8,8,1.0,133,106,0.7969924812030075
hourly,141,2026-06-21 21:00:00+00:00,1,24,61,8,18,0.5,4,1,0.125,1,1,0.06557377049180328,0.5611233005336731,0.05942622950819672,8,8,1.0,133,90,0.6766917293233082
hourly,141,2026-06-21 21:00:00+00:00,1,24,61,8,18,1.0,8,2,0.25,2,2,0.13114754098360656,0.30097607762809175,0.11885245901639344,8,8,1.0,133,45,0.3383458646616541
hourly,141,2026-06-21 21:00:00+00:00,3,24,61,18,42,0.1,2,1,0.05555555555555555,1,1,0.03278688524590164,0.4934426229508197,0.02276867030965391,28,28,1.0,133,106,0.7969924812030075
hourly,141,2026-06-21 21:00:00+00:00,3,24,61,18,42,0.25,5,2,0.1111111111111111,2,3,0.08196721311475409,0.1618043729630483,0.029143897996357013,28,22,0.7857142857142857,133,82,0.6165413533834586
hourly,141,2026-06-21 21:00:00+00:00,3,24,61,18,42,0.5,9,4,0.2222222222222222,4,4,0.14754098360655737,0.03251814585277958,0.07468123861566484,28,16,0.5714285714285714,133,45,0.3383458646616541
hourly,141,2026-06-21 21:00:00+00:00,3,24,61,18,42,1.0,18,7,0.3888888888888889,7,7,0.29508196721311475,0.00046359952089307003,0.09380692167577415,28,5,0.17857142857142858,133,18,0.13533834586466165
hourly,141,2026-06-21 21:00:00+00:00,6,24,61,23,58,0.1,3,2,0.08695652173913043,2,2,0.04918032786885246,0.23439844401222562,0.037776193870277974,35,27,0.7714285714285715,133,96,0.7218045112781954
hourly,141,2026-06-21 21:00:00+00:00,6,24,61,23,58,0.25,6,2,0.08695652173913043,2,3,0.09836065573770492,0.04971927067863679,-0.011404133998574484,35,27,0.7714285714285715,133,79,0.5939849624060151
hourly,141,2026-06-21 21:00:00+00:00,6,24,61,23,58,0.5,12,7,0.30434782608695654,6,7,0.19672131147540983,0.00155418111223445,0.10762651461154671,35,9,0.2571428571428571,133,29,0.21804511278195488
hourly,141,2026-06-21 21:00:00+00:00,6,24,61,23,58,1.0,23,11,0.4782608695652174,10,11,0.3770491803278688,4.1213229174941306e-07,0.10121168923734858,35,4,0.11428571428571428,133,15,0.11278195488721804
hourly,141,2026-06-21 21:00:00+00:00,12,24,61,40,103,0.1,4,2,0.05,2,2,0.06557377049180328,0.01146870299221048,-0.01557377049180328,71,61,0.8591549295774648,133,90,0.6766917293233082
hourly,141,2026-06-21 21:00:00+00:00,12,24,61,40,103,0.25,10,7,0.175,7,7,0.16393442622950818,3.911366913776858e-06,0.011065573770491804,71,23,0.323943661971831,133,43,0.3233082706766917
hourly,141,2026-06-21 21:00:00+00:00,12,24,61,40,103,0.5,20,16,0.4,16,16,0.32786885245901637,3.3671941024559538e-15,0.07213114754098365,71,18,0.2535211267605634,133,18,0.13533834586466165
hourly,141,2026-06-21 21:00:00+00:00,12,24,61,40,103,1.0,40,29,0.725,25,33,0.6557377049180327,0.0,0.06926229508196724,71,4,0.056338028169014086,133,4,0.03007518796992481
hourly,142,2026-06-21 22:00:00+00:00,1,24,59,4,13,0.1,1,1,0.25,1,1,0.01694915254237288,0.9322033898305084,0.2330508474576271,7,6,0.8571428571428571,123,107,0.8699186991869918
hourly,142,2026-06-21 22:00:00+00:00,1,24,59,4,13,0.25,1,1,0.25,1,1,0.01694915254237288,0.9322033898305084,0.2330508474576271,7,6,0.8571428571428571,123,107,0.8699186991869918
hourly,142,2026-06-21 22:00:00+00:00,1,24,59,4,13,0.5,2,1,0.25,1,1,0.03389830508474576,0.8679135008766803,0.21610169491525424,7,6,0.8571428571428571,123,97,0.7886178861788617
hourly,142,2026-06-21 22:00:00+00:00,1,24,59,4,13,1.0,4,1,0.25,1,1,0.06779661016949153,0.7493639124110686,0.1822033898305085,7,6,0.8571428571428571,123,83,0.6747967479674797
hourly,142,2026-06-21 22:00:00+00:00,3,24,59,15,41,0.1,2,2,0.13333333333333333,2,2,0.03389830508474576,0.5528930450029222,0.09943502824858758,24,24,1.0,123,97,0.7886178861788617
hourly,142,2026-06-21 22:00:00+00:00,3,24,59,15,41,0.25,4,2,0.13333333333333333,2,3,0.06779661016949153,0.2982712479621028,0.0655367231638418,24,24,1.0,123,83,0.6747967479674797
hourly,142,2026-06-21 22:00:00+00:00,3,24,59,15,41,0.5,8,5,0.3333333333333333,5,5,0.13559322033898305,0.07992555262716153,0.19774011299435026,24,11,0.4583333333333333,123,42,0.34146341463414637
hourly,142,2026-06-21 22:00:00+00:00,3,24,59,15,41,1.0,15,8,0.5333333333333333,7,8,0.2542372881355932,0.005762836198411435,0.2790960451977401,24,4,0.16666666666666666,123,22,0.17886178861788618
hourly,142,2026-06-21 22:00:00+00:00,6,24,59,23,59,0.1,3,2,0.08695652173913043,2,2,0.05084745762711865,0.21963148666523116,0.036109064112011785,38,30,0.7894736842105263,123,91,0.7398373983739838
hourly,142,2026-06-21 22:00:00+00:00,6,24,59,23,59,0.25,6,4,0.17391304347826086,3,4,0.1016949152542373,0.04322905451823598,0.07221812822402357,38,17,0.4473684210526316,123,51,0.4146341463414634
hourly,142,2026-06-21 22:00:00+00:00,6,24,59,23,59,0.5,12,7,0.30434782608695654,7,7,0.2033898305084746,0.0011180814203721647,0.10095799557848195,38,8,0.21052631578947367,123,25,0.2032520325203252
hourly,142,2026-06-21 22:00:00+00:00,6,24,59,23,59,1.0,23,12,0.5217391304347826,11,12,0.3898305084745763,1.6023831994085442e-07,0.1319086219602063,38,4,0.10526315789473684,123,15,0.12195121951219512
hourly,142,2026-06-21 22:00:00+00:00,12,24,59,39,102,0.1,4,2,0.05128205128205128,2,3,0.06779661016949153,0.010645403690406613,-0.016514558887440245,70,60,0.8571428571428571,123,83,0.6747967479674797
hourly,142,2026-06-21 22:00:00+00:00,12,24,59,39,102,0.25,10,8,0.20512820512820512,8,8,0.1694915254237288,2.9406467217302765e-06,0.035636679704476315,70,22,0.3142857142857143,123,29,0.23577235772357724
hourly,142,2026-06-21 22:00:00+00:00,12,24,59,39,102,0.5,20,16,0.41025641025641024,16,16,0.3389830508474576,3.5783770078364667e-16,0.07127335940895263,70,18,0.2571428571428571,123,18,0.14634146341463414
hourly,142,2026-06-21 22:00:00+00:00,12,24,59,39,102,1.0,39,29,0.7435897435897436,23,31,0.6610169491525424,0.0,0.08257279443720122,70,3,0.04285714285714286,123,4,0.032520325203252036
hourly,143,2026-06-21 23:00:00+00:00,1,24,60,3,14,0.1,1,0,0.0,0,0,0.016666666666666666,0.95,-0.016666666666666666,7,7,1.0,131,126,0.9618320610687023
hourly,143,2026-06-21 23:00:00+00:00,1,24,60,3,14,0.25,1,0,0.0,0,0,0.016666666666666666,0.95,-0.016666666666666666,7,7,1.0,131,126,0.9618320610687023
hourly,143,2026-06-21 23:00:00+00:00,1,24,60,3,14,0.5,2,1,0.3333333333333333,1,1,0.03333333333333333,0.9016949152542373,0.3,7,7,1.0,131,118,0.9007633587786259
hourly,143,2026-06-21 23:00:00+00:00,1,24,60,3,14,1.0,3,2,0.6666666666666666,1,2,0.05,0.8550555230859147,0.6166666666666666,7,3,0.42857142857142855,131,105,0.8015267175572519
hourly,143,2026-06-21 23:00:00+00:00,3,24,60,10,35,0.1,1,1,0.1,1,1,0.016666666666666666,0.8333333333333334,0.08333333333333334,30,30,1.0,131,126,0.9618320610687023
hourly,143,2026-06-21 23:00:00+00:00,3,24,60,10,35,0.25,3,3,0.3,2,3,0.05,0.5727644652250146,0.25,30,10,0.3333333333333333,131,105,0.8015267175572519
hourly,143,2026-06-21 23:00:00+00:00,3,24,60,10,35,0.5,5,3,0.3,3,3,0.08333333333333333,0.38794385144626614,0.21666666666666667,30,10,0.3333333333333333,131,89,0.6793893129770993
hourly,143,2026-06-21 23:00:00+00:00,3,24,60,10,35,1.0,10,6,0.6,6,6,0.16666666666666666,0.13624790320437039,0.43333333333333335,30,2,0.06666666666666667,131,40,0.3053435114503817
hourly,143,2026-06-21 23:00:00+00:00,6,24,60,23,66,0.1,3,3,0.13043478260869565,3,3,0.05,0.22706019871420222,0.08043478260869565,57,36,0.631578947368421,131,105,0.8015267175572519
hourly,143,2026-06-21 23:00:00+00:00,6,24,60,23,66,0.25,6,4,0.17391304347826086,4,5,0.1,0.04643637146636316,0.07391304347826086,57,28,0.49122807017543857,131,81,0.6183206106870229
hourly,143,2026-06-21 23:00:00+00:00,6,24,60,23,66,0.5,12,8,0.34782608695652173,7,8,0.2,0.0013238084017206432,0.14782608695652172,57,4,0.07017543859649122,131,29,0.22137404580152673
hourly,143,2026-06-21 23:00:00+00:00,6,24,60,23,66,1.0,23,12,0.5217391304347826,11,12,0.38333333333333336,2.611503095226544e-07,0.13840579710144923,57,4,0.07017543859649122,131,15,0.11450381679389313
hourly,143,2026-06-21 23:00:00+00:00,12,24,60,36,101,0.1,4,4,0.1111111111111111,4,4,0.06666666666666667,0.02179088867698176,0.04444444444444444,82,45,0.5487804878048781,131,95,0.7251908396946565
hourly,143,2026-06-21 23:00:00+00:00,12,24,60,36,101,0.25,9,7,0.19444444444444445,7,7,0.15,8.844560524588754e-05,0.04444444444444445,82,22,0.2682926829268293,131,42,0.32061068702290074
hourly,143,2026-06-21 23:00:00+00:00,12,24,60,36,101,0.5,18,12,0.3333333333333333,12,12,0.3,1.4550453843296767e-10,0.033333333333333326,82,18,0.21951219512195122,131,18,0.13740458015267176
hourly,143,2026-06-21 23:00:00+00:00,12,24,60,36,101,1.0,36,24,0.6666666666666666,21,26,0.6,0.0,0.06666666666666665,82,4,0.04878048780487805,131,4,0.030534351145038167
hourly,144,2026-06-22 00:00:00+00:00,1,24,63,6,13,0.1,1,1,0.16666666666666666,0,1,0.015873015873015872,0.9047619047619048,0.15079365079365079,4,4,1.0,138,132,0.9565217391304348
hourly,144,2026-06-22 00:00:00+00:00,1,24,63,6,13,0.25,2,1,0.16666666666666666,1,1,0.031746031746031744,0.8172043010752689,0.1349206349206349,4,4,1.0,138,118,0.855072463768116
hourly,144,2026-06-22 00:00:00+00:00,1,24,63,6,13,0.5,3,1,0.16666666666666666,1,1,0.047619047619047616,0.7368235501498326,0.11904761904761904,4,4,1.0,138,111,0.8043478260869565
hourly,144,2026-06-22 00:00:00+00:00,1,24,63,6,13,1.0,6,2,0.3333333333333333,2,2,0.09523809523809523,0.5340786480980844,0.23809523809523808,4,4,1.0,138,88,0.6376811594202898
hourly,144,2026-06-22 00:00:00+00:00,3,24,63,9,36,0.1,1,1,0.1111111111111111,1,1,0.015873015873015872,0.8571428571428571,0.09523809523809523,25,13,0.52,138,132,0.9565217391304348
hourly,144,2026-06-22 00:00:00+00:00,3,24,63,9,36,0.25,3,3,0.3333333333333333,3,3,0.047619047619047616,0.6246128276799879,0.2857142857142857,25,7,0.28,138,111,0.8043478260869565
hourly,144,2026-06-22 00:00:00+00:00,3,24,63,9,36,0.5,5,4,0.4444444444444444,3,4,0.07936507936507936,0.4499329690915167,0.36507936507936506,25,4,0.16,138,94,0.6811594202898551
hourly,144,2026-06-22 00:00:00+00:00,3,24,63,9,36,1.0,9,5,0.5555555555555556,5,5,0.14285714285714285,0.22469181832143256,0.41269841269841273,25,4,0.16,138,45,0.32608695652173914
hourly,144,2026-06-22 00:00:00+00:00,6,24,63,25,72,0.1,3,3,0.12,3,3,0.047619047619047616,0.21243484173151017,0.07238095238095238,54,32,0.5925925925925926,138,111,0.8043478260869565
hourly,144,2026-06-22 00:00:00+00:00,6,24,63,25,72,0.25,7,5,0.2,5,6,0.1111111111111111,0.022810274719948058,0.0888888888888889,54,19,0.35185185185185186,138,80,0.5797101449275363
hourly,144,2026-06-22 00:00:00+00:00,6,24,63,25,72,0.5,13,9,0.36,9,9,0.20634920634920634,0.0005172645790846864,0.15365079365079365,54,4,0.07407407407407407,138,25,0.18115942028985507
hourly,144,2026-06-22 00:00:00+00:00,6,24,63,25,72,1.0,25,13,0.52,12,14,0.3968253968253968,2.2157650094054466e-08,0.12317460317460321,54,4,0.07407407407407407,138,15,0.10869565217391304
hourly,144,2026-06-22 00:00:00+00:00,12,24,63,38,109,0.1,4,4,0.10526315789473684,4,4,0.06349206349206349,0.02123676898928089,0.04177109440267335,85,47,0.5529411764705883,138,101,0.7318840579710145
hourly,144,2026-06-22 00:00:00+00:00,12,24,63,38,109,0.25,10,8,0.21052631578947367,8,8,0.15873015873015872,2.557604610578787e-05,0.05179615705931495,85,14,0.16470588235294117,138,43,0.3115942028985507
hourly,144,2026-06-22 00:00:00+00:00,12,24,63,38,109,0.5,19,12,0.3157894736842105,12,12,0.30158730158730157,2.888521512880298e-11,0.014202172096908938,85,13,0.15294117647058825,138,18,0.13043478260869565
hourly,144,2026-06-22 00:00:00+00:00,12,24,63,38,109,1.0,38,24,0.631578947368421,21,26,0.6031746031746031,0.0,0.028404344193817876,85,4,0.047058823529411764,138,4,0.028985507246376812
hourly,145,2026-06-22 01:00:00+00:00,1,24,68,7,15,0.1,1,0,0.0,0,0,0.014705882352941176,0.8970588235294118,-0.014705882352941176,4,4,1.0,146,140,0.958904109589041
hourly,145,2026-06-22 01:00:00+00:00,1,24,68,7,15,0.25,2,0,0.0,0,0,0.029411764705882353,0.8033362598770851,-0.029411764705882353,4,4,1.0,146,126,0.863013698630137
hourly,145,2026-06-22 01:00:00+00:00,1,24,68,7,15,0.5,4,0,0.0,0,0,0.058823529411764705,0.6407964292073159,-0.058823529411764705,4,4,1.0,146,109,0.7465753424657534
hourly,145,2026-06-22 01:00:00+00:00,1,24,68,7,15,1.0,7,1,0.14285714285714285,1,1,0.10294117647058823,0.45002168583443897,0.03991596638655462,4,3,0.75,146,84,0.5753424657534246
hourly,145,2026-06-22 01:00:00+00:00,3,24,68,13,41,0.1,2,1,0.07692307692307693,1,1,0.029411764705882353,0.6518876207199298,0.047511312217194575,9,9,1.0,146,126,0.863013698630137
hourly,145,2026-06-22 01:00:00+00:00,3,24,68,13,41,0.25,4,2,0.15384615384615385,2,2,0.058823529411764705,0.41878841088674273,0.09502262443438915,9,8,0.8888888888888888,146,109,0.7465753424657534
hourly,145,2026-06-22 01:00:00+00:00,3,24,68,13,41,0.5,7,4,0.3076923076923077,4,4,0.10294117647058823,0.2093238444872412,0.20475113122171948,9,4,0.4444444444444444,146,84,0.5753424657534246
hourly,145,2026-06-22 01:00:00+00:00,3,24,68,13,41,1.0,13,4,0.3076923076923077,4,4,0.19117647058823528,0.04626209563280935,0.11651583710407243,9,4,0.4444444444444444,146,25,0.17123287671232876
hourly,145,2026-06-22 01:00:00+00:00,6,24,68,25,75,0.1,3,3,0.12,3,3,0.04411764705882353,0.24624870300901908,0.07588235294117646,46,24,0.5217391304347826,146,119,0.815068493150685
hourly,145,2026-06-22 01:00:00+00:00,6,24,68,25,75,0.25,7,6,0.24,6,6,0.10294117647058823,0.033239792284051536,0.13705882352941176,46,17,0.3695652173913043,146,84,0.5753424657534246
hourly,145,2026-06-22 01:00:00+00:00,6,24,68,25,75,0.5,13,9,0.36,9,9,0.19117647058823528,0.00116602913515892,0.1688235294117647,46,4,0.08695652173913043,146,25,0.17123287671232876
hourly,145,2026-06-22 01:00:00+00:00,6,24,68,25,75,1.0,25,13,0.52,12,13,0.36764705882352944,2.2987641551387666e-07,0.15235294117647058,46,3,0.06521739130434782,146,15,0.10273972602739725
hourly,145,2026-06-22 01:00:00+00:00,12,24,68,41,117,0.1,5,5,0.12195121951219512,4,5,0.07352941176470588,0.0077445326841727195,0.048421807747489234,89,40,0.449438202247191,146,97,0.6643835616438356
hourly,145,2026-06-22 01:00:00+00:00,12,24,68,41,117,0.25,11,9,0.21951219512195122,9,9,0.16176470588235295,8.504501969514358e-06,0.05774748923959827,89,13,0.14606741573033707,146,37,0.2534246575342466
hourly,145,2026-06-22 01:00:00+00:00,12,24,68,41,117,0.5,21,13,0.3170731707317073,13,13,0.3088235294117647,1.5771025732133435e-12,0.008249641319942602,89,13,0.14606741573033707,146,18,0.1232876712328767
hourly,145,2026-06-22 01:00:00+00:00,12,24,68,41,117,1.0,41,27,0.6585365853658537,21,28,0.6029411764705882,0.0,0.055595408895265486,89,3,0.033707865168539325,146,4,0.0273972602739726
hourly,146,2026-06-22 02:00:00+00:00,3,24,67,12,29,0.1,2,1,0.08333333333333333,1,1,0.029850746268656716,0.6716417910447762,0.05348258706467661,8,8,1.0,145,125,0.8620689655172413
hourly,146,2026-06-22 02:00:00+00:00,3,24,67,12,29,0.25,3,1,0.08333333333333333,1,1,0.04477611940298507,0.547646383467279,0.03855721393034826,8,8,1.0,145,118,0.8137931034482758
hourly,146,2026-06-22 02:00:00+00:00,3,24,67,12,29,0.5,6,2,0.16666666666666666,2,2,0.08955223880597014,0.2904902331659674,0.07711442786069651,8,8,1.0,145,95,0.6551724137931034
hourly,146,2026-06-22 02:00:00+00:00,3,24,67,12,29,1.0,12,3,0.25,3,3,0.1791044776119403,0.07315866286118687,0.07089552238805971,8,4,0.5,145,29,0.2
hourly,146,2026-06-22 02:00:00+00:00,6,24,67,20,60,0.1,2,2,0.1,2,2,0.029850746268656716,0.4889190411578471,0.07014925373134329,33,19,0.5757575757575758,145,125,0.8620689655172413
hourly,146,2026-06-22 02:00:00+00:00,6,24,67,20,60,0.25,5,4,0.2,3,4,0.07462686567164178,0.15883152916735005,0.12537313432835823,33,9,0.2727272727272727,145,101,0.696551724137931
hourly,146,2026-06-22 02:00:00+00:00,6,24,67,20,60,0.5,10,6,0.3,6,6,0.14925373134328357,0.020879749265064567,0.15074626865671642,33,4,0.12121212121212122,145,39,0.2689655172413793
hourly,146,2026-06-22 02:00:00+00:00,6,24,67,20,60,1.0,20,8,0.4,8,8,0.29850746268656714,0.00016842374436425915,0.10149253731343288,33,4,0.12121212121212122,145,18,0.12413793103448276
hourly,146,2026-06-22 02:00:00+00:00,12,24,67,37,108,0.1,4,4,0.10810810810810811,4,4,0.05970149253731343,0.03575435758271579,0.04840661557079468,76,41,0.5394736842105263,145,108,0.7448275862068966
hourly,146,2026-06-22 02:00:00+00:00,12,24,67,37,108,0.25,10,8,0.21621621621621623,8,8,0.14925373134328357,0.00012115185261834487,0.06696248487293266,76,13,0.17105263157894737,145,39,0.2689655172413793
hourly,146,2026-06-22 02:00:00+00:00,12,24,67,37,108,0.5,19,11,0.2972972972972973,11,12,0.2835820895522388,2.261851835910337e-09,0.013715207745058522,76,5,0.06578947368421052,145,18,0.12413793103448276
hourly,146,2026-06-22 02:00:00+00:00,12,24,67,37,108,1.0,37,22,0.5945945945945946,20,23,0.5522388059701493,0.0,0.042355788624445334,76,3,0.039473684210526314,145,4,0.027586206896551724
hourly,147,2026-06-22 03:00:00+00:00,1,24,100,34,95,0.1,4,3,0.08823529411764706,3,3,0.04,0.18379970544919,0.048235294117647064,81,31,0.38271604938271603,249,192,0.7710843373493976
hourly,147,2026-06-22 03:00:00+00:00,1,24,100,34,95,0.25,9,4,0.11764705882352941,4,4,0.09,0.019458265431452976,0.027647058823529413,81,22,0.2716049382716049,249,144,0.5783132530120482
hourly,147,2026-06-22 03:00:00+00:00,1,24,100,34,95,0.5,17,5,0.14705882352941177,5,5,0.17,0.00037832962750034715,-0.022941176470588243,81,19,0.2345679012345679,249,80,0.321285140562249
hourly,147,2026-06-22 03:00:00+00:00,1,24,100,34,95,1.0,34,12,0.35294117647058826,10,13,0.34,1.2066268282961381e-08,0.012941176470588234,81,11,0.13580246913580246,249,23,0.09236947791164658
hourly,147,2026-06-22 03:00:00+00:00,3,24,100,43,113,0.1,5,4,0.09302325581395349,4,4,0.05,0.05561487481590574,0.043023255813953484,91,51,0.5604395604395604,249,178,0.714859437751004
hourly,147,2026-06-22 03:00:00+00:00,3,24,100,43,113,0.25,11,5,0.11627906976744186,5,5,0.11,0.0013027573343358252,0.006279069767441858,91,41,0.45054945054945056,249,83,0.3333333333333333
hourly,147,2026-06-22 03:00:00+00:00,3,24,100,43,113,0.5,22,8,0.18604651162790697,7,9,0.22,4.7590244380936697e-07,-0.03395348837209303,91,21,0.23076923076923078,249,47,0.18875502008032127
hourly,147,2026-06-22 03:00:00+00:00,3,24,100,43,113,1.0,43,19,0.4418604651162791,14,22,0.43,2.0187157937993267e-16,0.011860465116279084,91,9,0.0989010989010989,249,13,0.05220883534136546
hourly,147,2026-06-22 03:00:00+00:00,6,24,100,51,145,0.1,6,6,0.11764705882352941,6,6,0.06,0.011730873575691806,0.05764705882352941,111,69,0.6216216216216216,249,171,0.6867469879518072
hourly,147,2026-06-22 03:00:00+00:00,6,24,100,51,145,0.25,13,9,0.17647058823529413,9,9,0.13,3.6930625725310786e-05,0.046470588235294125,111,59,0.5315315315315315,249,83,0.3333333333333333
hourly,147,2026-06-22 03:00:00+00:00,6,24,100,51,145,0.5,26,15,0.29411764705882354,13,15,0.26,8.339830914617106e-11,0.03411764705882353,111,35,0.3153153153153153,249,37,0.14859437751004015
hourly,147,2026-06-22 03:00:00+00:00,6,24,100,51,145,1.0,51,27,0.5294117647058824,27,27,0.51,0.0,0.01941176470588235,111,6,0.05405405405405406,249,7,0.028112449799196786
hourly,147,2026-06-22 03:00:00+00:00,12,24,100,69,194,0.1,7,7,0.10144927536231885,7,7,0.07,0.0001642708113281069,0.03144927536231884,179,96,0.5363128491620112,249,161,0.6465863453815262
hourly,147,2026-06-22 03:00:00+00:00,12,24,100,69,194,0.25,18,15,0.21739130434782608,14,15,0.18,6.726116595341249e-12,0.03739130434782609,179,56,0.3128491620111732,249,77,0.3092369477911647
hourly,147,2026-06-22 03:00:00+00:00,12,24,100,69,194,0.5,35,25,0.36231884057971014,21,25,0.35,0.0,0.012318840579710166,179,21,0.11731843575418995,249,23,0.09236947791164658
hourly,147,2026-06-22 03:00:00+00:00,12,24,100,69,194,1.0,69,52,0.7536231884057971,38,53,0.69,0.0,0.06362318840579717,179,3,0.01675977653631285,249,4,0.01606425702811245
hourly,148,2026-06-22 04:00:00+00:00,1,24,106,7,22,0.1,1,1,0.14285714285714285,1,1,0.009433962264150943,0.9339622641509434,0.1334231805929919,18,7,0.3888888888888889,260,238,0.9153846153846154
hourly,148,2026-06-22 04:00:00+00:00,1,24,106,7,22,0.25,2,2,0.2857142857142857,2,2,0.018867924528301886,0.8716981132075472,0.2668463611859838,18,7,0.3888888888888889,260,217,0.8346153846153846
hourly,148,2026-06-22 04:00:00+00:00,1,24,106,7,22,0.5,4,2,0.2857142857142857,2,2,0.03773584905660377,0.7577719221610044,0.24797843665768193,18,7,0.3888888888888889,260,198,0.7615384615384615
hourly,148,2026-06-22 04:00:00+00:00,1,24,106,7,22,1.0,7,2,0.2857142857142857,2,2,0.0660377358490566,0.6108736203023613,0.2196765498652291,18,7,0.3888888888888889,260,167,0.6423076923076924
hourly,148,2026-06-22 04:00:00+00:00,3,24,106,43,114,0.1,5,3,0.06976744186046512,3,3,0.04716981132075472,0.06935845906838224,0.022597630539710395,107,49,0.45794392523364486,260,184,0.7076923076923077
hourly,148,2026-06-22 04:00:00+00:00,3,24,106,43,114,0.25,11,4,0.09302325581395349,4,4,0.10377358490566038,0.0022151187829079965,-0.010750329091706895,107,29,0.27102803738317754,260,94,0.36153846153846153
hourly,148,2026-06-22 04:00:00+00:00,3,24,106,43,114,0.5,22,8,0.18604651162790697,7,9,0.20754716981132076,1.7135668113396276e-06,-0.02150065818341379,107,18,0.16822429906542055,260,53,0.20384615384615384
hourly,148,2026-06-22 04:00:00+00:00,3,24,106,43,114,1.0,43,19,0.4418604651162791,14,22,0.4056603773584906,1.4094779990389236e-14,0.03620008775778849,107,9,0.08411214953271028,260,14,0.05384615384615385
hourly,148,2026-06-22 04:00:00+00:00,6,24,106,56,151,0.1,6,5,0.08928571428571429,5,5,0.05660377358490566,0.009315115651832531,0.032681940700808626,126,69,0.5476190476190477,260,174,0.6692307692307692
hourly,148,2026-06-22 04:00:00+00:00,6,24,106,56,151,0.25,14,8,0.14285714285714285,7,8,0.1320754716981132,8.871842115218653e-06,0.010781671159029643,126,66,0.5238095238095238,260,91,0.35
hourly,148,2026-06-22 04:00:00+00:00,6,24,106,56,151,0.5,28,16,0.2857142857142857,12,16,0.2641509433962264,2.6731787225748795e-12,0.021563342318059286,126,23,0.18253968253968253,260,26,0.1
hourly,148,2026-06-22 04:00:00+00:00,6,24,106,56,151,1.0,56,32,0.5714285714285714,28,32,0.5283018867924528,0.0,0.04312668463611857,126,6,0.047619047619047616,260,7,0.026923076923076925
hourly,148,2026-06-22 04:00:00+00:00,12,24,106,74,203,0.1,8,8,0.10810810810810811,8,8,0.07547169811320754,3.487736034791156e-05,0.03263640999490057,192,98,0.5104166666666666,260,157,0.6038461538461538
hourly,148,2026-06-22 04:00:00+00:00,12,24,106,74,203,0.25,19,15,0.20270270270270271,14,15,0.1792452830188679,7.77000152193917e-13,0.0234574196838348,192,60,0.3125,260,82,0.3153846153846154
hourly,148,2026-06-22 04:00:00+00:00,12,24,106,74,203,0.5,37,27,0.36486486486486486,24,27,0.3490566037735849,0.0,0.015808261091279974,192,21,0.109375,260,23,0.08846153846153847
hourly,148,2026-06-22 04:00:00+00:00,12,24,106,74,203,1.0,74,57,0.7702702702702703,42,58,0.6981132075471698,0.0,0.07215706272310052,192,3,0.015625,260,4,0.015384615384615385
hourly,149,2026-06-22 05:00:00+00:00,3,24,106,43,113,0.1,5,3,0.06976744186046512,3,3,0.04716981132075472,0.06935845906838224,0.022597630539710395,106,49,0.46226415094339623,260,184,0.7076923076923077
hourly,149,2026-06-22 05:00:00+00:00,3,24,106,43,113,0.25,11,4,0.09302325581395349,4,4,0.10377358490566038,0.0022151187829079965,-0.010750329091706895,106,29,0.27358490566037735,260,94,0.36153846153846153
hourly,149,2026-06-22 05:00:00+00:00,3,24,106,43,113,0.5,22,8,0.18604651162790697,7,9,0.20754716981132076,1.7135668113396276e-06,-0.02150065818341379,106,18,0.16981132075471697,260,53,0.20384615384615384
hourly,149,2026-06-22 05:00:00+00:00,3,24,106,43,113,1.0,43,19,0.4418604651162791,14,22,0.4056603773584906,1.4094779990389236e-14,0.03620008775778849,106,9,0.08490566037735849,260,14,0.05384615384615385
hourly,149,2026-06-22 05:00:00+00:00,6,24,106,55,139,0.1,6,5,0.09090909090909091,4,5,0.05660377358490566,0.01055713107207687,0.03430531732418525,126,69,0.5476190476190477,260,174,0.6692307692307692
hourly,149,2026-06-22 05:00:00+00:00,6,24,106,55,139,0.25,14,7,0.12727272727272726,6,7,0.1320754716981132,1.2228755348004089e-05,-0.004802744425385946,126,66,0.5238095238095238,260,91,0.35
hourly,149,2026-06-22 05:00:00+00:00,6,24,106,55,139,0.5,28,15,0.2727272727272727,11,15,0.2641509433962264,5.927483254405168e-12,0.008576329331046295,126,23,0.18253968253968253,260,26,0.1
hourly,149,2026-06-22 05:00:00+00:00,6,24,106,55,139,1.0,55,30,0.5454545454545454,27,30,0.5188679245283019,0.0,0.02658662092624353,126,6,0.047619047619047616,260,7,0.026923076923076925
hourly,149,2026-06-22 05:00:00+00:00,12,24,106,74,202,0.1,8,8,0.10810810810810811,8,8,0.07547169811320754,3.487736034791156e-05,0.03263640999490057,191,70,0.36649214659685864,260,157,0.6038461538461538
hourly,149,2026-06-22 05:00:00+00:00,12,24,106,74,202,0.25,19,15,0.20270270270270271,14,15,0.1792452830188679,7.77000152193917e-13,0.0234574196838348,191,58,0.3036649214659686,260,82,0.3153846153846154
hourly,149,2026-06-22 05:00:00+00:00,12,24,106,74,202,0.5,37,27,0.36486486486486486,24,27,0.3490566037735849,0.0,0.015808261091279974,191,21,0.1099476439790576,260,23,0.08846153846153847
hourly,149,2026-06-22 05:00:00+00:00,12,24,106,74,202,1.0,74,57,0.7702702702702703,42,58,0.6981132075471698,0.0,0.07215706272310052,191,3,0.015706806282722512,260,4,0.015384615384615385
hourly,150,2026-06-22 06:00:00+00:00,3,24,105,7,22,0.1,1,1,0.14285714285714285,1,1,0.009523809523809525,0.9333333333333333,0.13333333333333333,18,7,0.3888888888888889,256,234,0.9140625
hourly,150,2026-06-22 06:00:00+00:00,3,24,105,7,22,0.25,2,2,0.2857142857142857,2,2,0.01904761904761905,0.8705128205128205,0.26666666666666666,18,7,0.3888888888888889,256,213,0.83203125
hourly,150,2026-06-22 06:00:00+00:00,3,24,105,7,22,0.5,4,2,0.2857142857142857,2,2,0.0380952380952381,0.7556707522441389,0.2476190476190476,18,7,0.3888888888888889,256,194,0.7578125
hourly,150,2026-06-22 06:00:00+00:00,3,24,105,7,22,1.0,7,2,0.2857142857142857,2,2,0.06666666666666667,0.607819563839264,0.21904761904761905,18,7,0.3888888888888889,256,163,0.63671875
hourly,150,2026-06-22 06:00:00+00:00,6,24,105,50,129,0.1,5,4,0.08,4,4,0.047619047619047616,0.03602669559605059,0.032380952380952385,120,75,0.625,256,180,0.703125
hourly,150,2026-06-22 06:00:00+00:00,6,24,105,50,129,0.25,13,5,0.1,5,5,0.12380952380952381,0.00010393993531028195,-0.023809523809523808,120,65,0.5416666666666666,256,94,0.3671875
hourly,150,2026-06-22 06:00:00+00:00,6,24,105,50,129,0.5,25,11,0.22,10,11,0.23809523809523808,3.167840416234561e-09,-0.01809523809523808,120,23,0.19166666666666668,256,47,0.18359375
hourly,150,2026-06-22 06:00:00+00:00,6,24,105,50,129,1.0,50,24,0.48,24,25,0.47619047619047616,1.2422102625643198e-24,0.003809523809523818,120,6,0.05,256,7,0.02734375
hourly,150,2026-06-22 06:00:00+00:00,12,24,105,72,194,0.1,8,8,0.1111111111111111,8,8,0.0761904761904762,4.979632918244679e-05,0.03492063492063491,131,70,0.5343511450381679,256,153,0.59765625
hourly,150,2026-06-22 06:00:00+00:00,12,24,105,72,194,0.25,18,15,0.20833333333333334,14,15,0.17142857142857143,1.2942602535115818e-11,0.03690476190476191,131,58,0.44274809160305345,256,82,0.3203125
hourly,150,2026-06-22 06:00:00+00:00,12,24,105,72,194,0.5,36,26,0.3611111111111111,24,26,0.34285714285714286,0.0,0.018253968253968245,131,21,0.16030534351145037,256,23,0.08984375
hourly,150,2026-06-22 06:00:00+00:00,12,24,105,72,194,1.0,72,55,0.7638888888888888,39,57,0.6857142857142857,0.0,0.07817460317460312,131,3,0.022900763358778626,256,4,0.015625
hourly,151,2026-06-22 07:00:00+00:00,1,24,102,4,19,0.1,1,1,0.25,1,1,0.00980392156862745,0.9607843137254902,0.24019607843137256,19,8,0.42105263157894735,265,239,0.9018867924528302
hourly,151,2026-06-22 07:00:00+00:00,1,24,102,4,19,0.25,1,1,0.25,1,1,0.00980392156862745,0.9607843137254902,0.24019607843137256,19,8,0.42105263157894735,265,239,0.9018867924528302
hourly,151,2026-06-22 07:00:00+00:00,1,24,102,4,19,0.5,2,2,0.5,2,2,0.0196078431372549,0.9227334498155698,0.4803921568627451,19,8,0.42105263157894735,265,217,0.8188679245283019
hourly,151,2026-06-22 07:00:00+00:00,1,24,102,4,19,1.0,4,2,0.5,2,3,0.0392156862745098,0.8500332386179794,0.4607843137254902,19,8,0.42105263157894735,265,198,0.7471698113207547
hourly,151,2026-06-22 07:00:00+00:00,3,24,102,4,19,0.1,1,1,0.25,1,1,0.00980392156862745,0.9607843137254902,0.24019607843137256,19,8,0.42105263157894735,265,239,0.9018867924528302
hourly,151,2026-06-22 07:00:00+00:00,3,24,102,4,19,0.25,1,1,0.25,1,1,0.00980392156862745,0.9607843137254902,0.24019607843137256,19,8,0.42105263157894735,265,239,0.9018867924528302
hourly,151,2026-06-22 07:00:00+00:00,3,24,102,4,19,0.5,2,2,0.5,2,2,0.0196078431372549,0.9227334498155698,0.4803921568627451,19,8,0.42105263157894735,265,217,0.8188679245283019
hourly,151,2026-06-22 07:00:00+00:00,3,24,102,4,19,1.0,4,2,0.5,2,3,0.0392156862745098,0.8500332386179794,0.4607843137254902,19,8,0.42105263157894735,265,198,0.7471698113207547
hourly,151,2026-06-22 07:00:00+00:00,6,24,102,44,128,0.1,5,3,0.06818181818181818,3,4,0.049019607843137254,0.055012896247607954,0.019162210338680923,121,68,0.5619834710743802,265,184,0.6943396226415094
hourly,151,2026-06-22 07:00:00+00:00,6,24,102,44,128,0.25,11,5,0.11363636363636363,5,5,0.10784313725490197,0.0012780740549370782,0.005793226381461666,121,24,0.19834710743801653,265,132,0.4981132075471698
hourly,151,2026-06-22 07:00:00+00:00,6,24,102,44,128,0.5,22,10,0.22727272727272727,8,10,0.21568627450980393,4.7036929129932044e-07,0.011586452762923333,121,13,0.10743801652892562,265,43,0.16226415094339622
hourly,151,2026-06-22 07:00:00+00:00,6,24,102,44,128,1.0,44,20,0.45454545454545453,17,23,0.43137254901960786,6.591885003242997e-17,0.023172905525846665,121,9,0.0743801652892562,265,13,0.04905660377358491
hourly,151,2026-06-22 07:00:00+00:00,12,24,102,68,199,0.1,7,7,0.10294117647058823,7,7,0.06862745098039216,0.00029131042706627067,0.03431372549019607,142,68,0.4788732394366197,265,162,0.6113207547169811
hourly,151,2026-06-22 07:00:00+00:00,12,24,102,68,199,0.25,17,15,0.22058823529411764,14,15,0.16666666666666666,2.4320572085332913e-10,0.05392156862745098,142,62,0.43661971830985913,265,86,0.32452830188679244
hourly,151,2026-06-22 07:00:00+00:00,12,24,102,68,199,0.5,34,25,0.36764705882352944,25,25,0.3333333333333333,7.615480469304983e-28,0.03431372549019612,142,19,0.13380281690140844,265,21,0.07924528301886792
hourly,151,2026-06-22 07:00:00+00:00,12,24,102,68,199,1.0,68,51,0.75,35,53,0.6666666666666666,0.0,0.08333333333333337,142,3,0.02112676056338028,265,4,0.01509433962264151
hourly,152,2026-06-22 08:00:00+00:00,3,24,100,4,20,0.1,1,1,0.25,1,1,0.01,0.96,0.24,20,9,0.45,263,237,0.9011406844106464
hourly,152,2026-06-22 08:00:00+00:00,3,24,100,4,20,0.25,1,1,0.25,1,1,0.01,0.96,0.24,20,9,0.45,263,237,0.9011406844106464
hourly,152,2026-06-22 08:00:00+00:00,3,24,100,4,20,0.5,2,2,0.5,2,2,0.02,0.9212121212121213,0.48,20,9,0.45,263,216,0.8212927756653993
hourly,152,2026-06-22 08:00:00+00:00,3,24,100,4,20,1.0,4,3,0.75,3,3,0.04,0.8471740336246963,0.71,20,4,0.2,263,190,0.7224334600760456
hourly,152,2026-06-22 08:00:00+00:00,6,24,100,44,128,0.1,5,4,0.09090909090909091,4,4,0.05,0.05073637702503682,0.04090909090909091,121,48,0.39669421487603307,263,184,0.6996197718631179
hourly,152,2026-06-22 08:00:00+00:00,6,24,100,44,128,0.25,11,5,0.11363636363636363,5,5,0.11,0.0010513480242008413,0.003636363636363632,121,28,0.23140495867768596,263,129,0.49049429657794674
hourly,152,2026-06-22 08:00:00+00:00,6,24,100,44,128,0.5,22,10,0.22727272727272727,9,10,0.22,2.922207988303131e-07,0.007272727272727264,121,13,0.10743801652892562,263,42,0.1596958174904943
hourly,152,2026-06-22 08:00:00+00:00,6,24,100,44,128,1.0,44,20,0.45454545454545453,18,23,0.44,1.1308287918481917e-17,0.014545454545454528,121,9,0.0743801652892562,263,12,0.045627376425855515
hourly,152,2026-06-22 08:00:00+00:00,12,24,100,63,186,0.1,7,7,0.1111111111111111,7,7,0.07,0.0006431630732897169,0.0411111111111111,143,68,0.4755244755244755,263,160,0.6083650190114068
hourly,152,2026-06-22 08:00:00+00:00,12,24,100,63,186,0.25,16,13,0.20634920634920634,12,13,0.16,9.566945040304115e-09,0.046349206349206334,143,58,0.40559440559440557,263,59,0.22433460076045628
hourly,152,2026-06-22 08:00:00+00:00,12,24,100,63,186,0.5,32,23,0.36507936507936506,21,23,0.32,3.0479643100272004e-21,0.04507936507936505,143,19,0.13286713286713286,263,23,0.08745247148288973
hourly,152,2026-06-22 08:00:00+00:00,12,24,100,63,186,1.0,63,46,0.7301587301587301,32,46,0.63,0.0,0.10015873015873011,143,4,0.027972027972027972,263,5,0.019011406844106463
hourly,153,2026-06-22 09:00:00+00:00,1,24,118,30,94,0.1,3,3,0.1,3,3,0.025423728813559324,0.41112559756627554,0.07457627118644068,83,18,0.21686746987951808,321,241,0.7507788161993769
hourly,153,2026-06-22 09:00:00+00:00,1,24,118,30,94,0.25,8,6,0.2,6,6,0.06779661016949153,0.08786735563434486,0.1322033898305085,83,7,0.08433734939759036,321,176,0.5482866043613707
hourly,153,2026-06-22 09:00:00+00:00,1,24,118,30,94,0.5,15,8,0.26666666666666666,7,8,0.1271186440677966,0.008771650478945873,0.13954802259887006,83,6,0.07228915662650602,321,102,0.3177570093457944
hourly,153,2026-06-22 09:00:00+00:00,1,24,118,30,94,1.0,30,8,0.26666666666666666,8,9,0.2542372881355932,3.1244193637842375e-05,0.012429378531073454,83,6,0.07228915662650602,321,25,0.0778816199376947
hourly,153,2026-06-22 09:00:00+00:00,3,24,118,30,108,0.1,3,3,0.1,3,3,0.025423728813559324,0.41112559756627554,0.07457627118644068,100,23,0.23,321,241,0.7507788161993769
hourly,153,2026-06-22 09:00:00+00:00,3,24,118,30,108,0.25,8,6,0.2,6,6,0.06779661016949153,0.08786735563434486,0.1322033898305085,100,11,0.11,321,176,0.5482866043613707
hourly,153,2026-06-22 09:00:00+00:00,3,24,118,30,108,0.5,15,8,0.26666666666666666,7,8,0.1271186440677966,0.008771650478945873,0.13954802259887006,100,6,0.06,321,102,0.3177570093457944
hourly,153,2026-06-22 09:00:00+00:00,3,24,118,30,108,1.0,30,8,0.26666666666666666,8,9,0.2542372881355932,3.1244193637842375e-05,0.012429378531073454,100,6,0.06,321,25,0.0778816199376947
hourly,153,2026-06-22 09:00:00+00:00,6,24,118,35,126,0.1,4,4,0.11428571428571428,4,4,0.03389830508474576,0.23946566482078388,0.08038740920096851,119,25,0.21008403361344538,321,226,0.7040498442367601
hourly,153,2026-06-22 09:00:00+00:00,6,24,118,35,126,0.25,9,6,0.17142857142857143,6,6,0.07627118644067797,0.03676322018819437,0.09515738498789346,119,11,0.09243697478991597,321,166,0.5171339563862928
hourly,153,2026-06-22 09:00:00+00:00,6,24,118,35,126,0.5,18,9,0.2571428571428571,9,9,0.15254237288135594,0.0009530428929975398,0.10460048426150118,119,6,0.05042016806722689,321,96,0.29906542056074764
hourly,153,2026-06-22 09:00:00+00:00,6,24,118,35,126,1.0,35,9,0.2571428571428571,9,10,0.2966101694915254,2.6769172382243954e-07,-0.03946731234866829,119,6,0.05042016806722689,321,22,0.06853582554517133
hourly,153,2026-06-22 09:00:00+00:00,12,24,118,83,250,0.1,9,9,0.10843373493975904,9,9,0.07627118644067797,7.897196447379923e-06,0.03216254849908107,216,90,0.4166666666666667,321,166,0.5171339563862928
hourly,153,2026-06-22 09:00:00+00:00,12,24,118,83,250,0.25,21,17,0.20481927710843373,16,17,0.17796610169491525,2.4338905301119275e-14,0.026853175413518476,216,58,0.26851851851851855,321,58,0.1806853582554517
hourly,153,2026-06-22 09:00:00+00:00,12,24,118,83,250,0.5,42,31,0.37349397590361444,25,31,0.3559322033898305,0.0,0.017561772513783935,216,12,0.05555555555555555,321,13,0.040498442367601244
hourly,153,2026-06-22 09:00:00+00:00,12,24,118,83,250,1.0,83,64,0.7710843373493976,48,66,0.7033898305084746,0.0,0.06769450684092304,216,4,0.018518518518518517,321,4,0.012461059190031152
hourly,154,2026-06-22 10:00:00+00:00,3,24,118,32,97,0.1,4,4,0.125,4,4,0.03389830508474576,0.2767266953224822,0.09110169491525424,86,21,0.2441860465116279,321,227,0.7071651090342679
hourly,154,2026-06-22 10:00:00+00:00,3,24,118,32,97,0.25,8,6,0.1875,6,6,0.06779661016949153,0.07253418072218645,0.11970338983050847,86,10,0.11627906976744186,321,177,0.5514018691588785
hourly,154,2026-06-22 10:00:00+00:00,3,24,118,32,97,0.5,16,8,0.25,8,8,0.13559322033898305,0.004151030017869232,0.11440677966101695,86,9,0.10465116279069768,321,102,0.3177570093457944
hourly,154,2026-06-22 10:00:00+00:00,3,24,118,32,97,1.0,32,9,0.28125,8,10,0.2711864406779661,5.427740012843568e-06,0.0100635593220339,86,6,0.06976744186046512,321,23,0.07165109034267912
hourly,154,2026-06-22 10:00:00+00:00,6,24,118,32,110,0.1,4,4,0.125,4,4,0.03389830508474576,0.2767266953224822,0.09110169491525424,102,25,0.24509803921568626,321,227,0.7071651090342679
hourly,154,2026-06-22 10:00:00+00:00,6,24,118,32,110,0.25,8,6,0.1875,6,6,0.06779661016949153,0.07253418072218645,0.11970338983050847,102,14,0.13725490196078433,321,177,0.5514018691588785
hourly,154,2026-06-22 10:00:00+00:00,6,24,118,32,110,0.5,16,8,0.25,8,8,0.13559322033898305,0.004151030017869232,0.11440677966101695,102,9,0.08823529411764706,321,102,0.3177570093457944
hourly,154,2026-06-22 10:00:00+00:00,6,24,118,32,110,1.0,32,9,0.28125,8,10,0.2711864406779661,5.427740012843568e-06,0.0100635593220339,102,6,0.058823529411764705,321,23,0.07165109034267912
hourly,154,2026-06-22 10:00:00+00:00,12,24,118,83,242,0.1,9,8,0.0963855421686747,8,8,0.07627118644067797,7.897196447379923e-06,0.020114355727996733,217,92,0.423963133640553,321,167,0.5202492211838006
hourly,154,2026-06-22 10:00:00+00:00,12,24,118,83,242,0.25,21,15,0.18072289156626506,14,15,0.17796610169491525,2.4338905301119275e-14,0.0027567898713498074,217,57,0.2626728110599078,321,58,0.1806853582554517
hourly,154,2026-06-22 10:00:00+00:00,12,24,118,83,242,0.5,42,31,0.37349397590361444,25,31,0.3559322033898305,0.0,0.017561772513783935,217,11,0.05069124423963134,321,13,0.040498442367601244
hourly,154,2026-06-22 10:00:00+00:00,12,24,118,83,242,1.0,83,64,0.7710843373493976,48,66,0.7033898305084746,0.0,0.06769450684092304,217,4,0.018433179723502304,321,4,0.012461059190031152
hourly,155,2026-06-22 11:00:00+00:00,3,24,114,32,96,0.1,4,4,0.125,4,4,0.03508771929824561,0.26211486621360863,0.08991228070175439,85,20,0.23529411764705882,309,215,0.6957928802588996
hourly,155,2026-06-22 11:00:00+00:00,3,24,114,32,96,0.25,8,6,0.1875,6,6,0.07017543859649122,0.06476272595434698,0.11732456140350878,85,10,0.11764705882352941,309,165,0.5339805825242718
hourly,155,2026-06-22 11:00:00+00:00,3,24,114,32,96,0.5,16,7,0.21875,7,8,0.14035087719298245,0.0032365246811093522,0.07839912280701755,85,9,0.10588235294117647,309,102,0.3300970873786408
hourly,155,2026-06-22 11:00:00+00:00,3,24,114,32,96,1.0,32,9,0.28125,8,10,0.2807017543859649,2.9210323981440562e-06,0.0005482456140351033,85,6,0.07058823529411765,309,23,0.0744336569579288
hourly,155,2026-06-22 11:00:00+00:00,6,24,114,32,110,0.1,4,4,0.125,4,4,0.03508771929824561,0.26211486621360863,0.08991228070175439,102,25,0.24509803921568626,309,215,0.6957928802588996
hourly,155,2026-06-22 11:00:00+00:00,6,24,114,32,110,0.25,8,6,0.1875,6,6,0.07017543859649122,0.06476272595434698,0.11732456140350878,102,14,0.13725490196078433,309,165,0.5339805825242718
hourly,155,2026-06-22 11:00:00+00:00,6,24,114,32,110,0.5,16,7,0.21875,7,8,0.14035087719298245,0.0032365246811093522,0.07839912280701755,102,9,0.08823529411764706,309,102,0.3300970873786408
hourly,155,2026-06-22 11:00:00+00:00,6,24,114,32,110,1.0,32,9,0.28125,8,10,0.2807017543859649,2.9210323981440562e-06,0.0005482456140351033,102,6,0.058823529411764705,309,23,0.0744336569579288
hourly,155,2026-06-22 11:00:00+00:00,12,24,114,82,230,0.1,9,8,0.0975609756097561,7,8,0.07894736842105263,4.327334237476731e-06,0.018613607188703474,217,92,0.423963133640553,309,155,0.5016181229773463
hourly,155,2026-06-22 11:00:00+00:00,12,24,114,82,230,0.25,21,14,0.17073170731707318,13,14,0.18421052631578946,2.997933852103259e-15,-0.01347881899871628,217,57,0.2626728110599078,309,58,0.18770226537216828
hourly,155,2026-06-22 11:00:00+00:00,12,24,114,82,230,0.5,41,30,0.36585365853658536,25,30,0.35964912280701755,0.0,0.006204535729567806,217,11,0.05069124423963134,309,13,0.042071197411003236
hourly,155,2026-06-22 11:00:00+00:00,12,24,114,82,230,1.0,82,64,0.7804878048780488,50,66,0.7192982456140351,0.0,0.061189559264013704,217,4,0.018433179723502304,309,4,0.012944983818770227
hourly,156,2026-06-22 12:00:00+00:00,6,24,112,32,110,0.1,4,4,0.125,4,4,0.03571428571428571,0.25464914455740145,0.08928571428571429,102,25,0.24509803921568626,305,212,0.6950819672131148
hourly,156,2026-06-22 12:00:00+00:00,6,24,112,32,110,0.25,8,6,0.1875,6,6,0.07142857142857142,0.0609633690461789,0.11607142857142858,102,14,0.13725490196078433,305,162,0.5311475409836065
hourly,156,2026-06-22 12:00:00+00:00,6,24,112,32,110,0.5,16,8,0.25,7,8,0.14285714285714285,0.0028328451068669637,0.10714285714285715,102,9,0.08823529411764706,305,103,0.3377049180327869
hourly,156,2026-06-22 12:00:00+00:00,6,24,112,32,110,1.0,32,9,0.28125,9,10,0.2857142857142857,2.089719573410434e-06,-0.004464285714285698,102,6,0.058823529411764705,305,22,0.07213114754098361
hourly,156,2026-06-22 12:00:00+00:00,12,24,112,77,220,0.1,8,7,0.09090909090909091,7,7,0.07142857142857142,4.949792295356966e-05,0.019480519480519487,211,98,0.46445497630331756,305,162,0.5311475409836065
hourly,156,2026-06-22 12:00:00+00:00,12,24,112,77,220,0.25,20,12,0.15584415584415584,12,12,0.17857142857142858,4.97782243319721e-13,-0.022727272727272735,211,36,0.17061611374407584,305,66,0.21639344262295082
hourly,156,2026-06-22 12:00:00+00:00,12,24,112,77,220,0.5,39,27,0.35064935064935066,22,27,0.3482142857142857,0.0,0.0024350649350649567,211,9,0.04265402843601896,305,12,0.03934426229508197
hourly,156,2026-06-22 12:00:00+00:00,12,24,112,77,220,1.0,77,57,0.7402597402597403,42,60,0.6875,0.0,0.052759740259740284,211,4,0.018957345971563982,305,4,0.013114754098360656
hourly,157,2026-06-22 13:00:00+00:00,6,24,110,32,97,0.1,4,4,0.125,4,4,0.03636363636363636,0.2470776529766498,0.08863636363636364,86,21,0.2441860465116279,302,210,0.695364238410596
hourly,157,2026-06-22 13:00:00+00:00,6,24,110,32,97,0.25,8,6,0.1875,6,6,0.07272727272727272,0.05722860555588426,0.11477272727272728,86,10,0.11627906976744186,302,160,0.5298013245033113
hourly,157,2026-06-22 13:00:00+00:00,6,24,110,32,97,0.5,16,8,0.25,7,8,0.14545454545454545,0.002463612717321692,0.10454545454545455,86,9,0.10465116279069768,302,101,0.3344370860927152
hourly,157,2026-06-22 13:00:00+00:00,6,24,110,32,97,1.0,32,10,0.3125,10,10,0.2909090909090909,1.4673507918867292e-06,0.021590909090909105,86,6,0.06976744186046512,302,18,0.059602649006622516
hourly,157,2026-06-22 13:00:00+00:00,12,24,110,71,207,0.1,8,6,0.08450704225352113,6,6,0.07272727272727272,0.00015016574099170865,0.011779769526248401,200,55,0.275,302,160,0.5298013245033113
hourly,157,2026-06-22 13:00:00+00:00,12,24,110,71,207,0.25,18,10,0.14084507042253522,10,10,0.16363636363636364,3.12671667683332e-10,-0.022791293213828417,200,29,0.145,302,87,0.28807947019867547
hourly,157,2026-06-22 13:00:00+00:00,12,24,110,71,207,0.5,36,23,0.323943661971831,19,23,0.32727272727272727,7.08054426621498e-26,-0.0033290653008962723,200,9,0.045,302,12,0.039735099337748346
hourly,157,2026-06-22 13:00:00+00:00,12,24,110,71,207,1.0,71,50,0.704225352112676,36,53,0.6454545454545455,0.0,0.0587708066581305,200,5,0.025,302,5,0.016556291390728478
hourly,158,2026-06-22 14:00:00+00:00,6,24,106,32,96,0.1,4,4,0.125,4,4,0.03773584905660377,0.23162194098262975,0.08726415094339623,85,20,0.23529411764705882,289,197,0.6816608996539792
hourly,158,2026-06-22 14:00:00+00:00,6,24,106,32,96,0.25,8,6,0.1875,6,6,0.07547169811320754,0.049975115059098456,0.11202830188679246,85,10,0.11764705882352941,289,151,0.5224913494809689
hourly,158,2026-06-22 14:00:00+00:00,6,24,106,32,96,0.5,16,8,0.25,7,8,0.1509433962264151,0.001823995383193382,0.09905660377358491,85,9,0.10588235294117647,289,85,0.29411764705882354
hourly,158,2026-06-22 14:00:00+00:00,6,24,106,32,96,1.0,32,10,0.3125,10,11,0.3018867924528302,6.794097538890273e-07,0.010613207547169823,85,6,0.07058823529411765,289,16,0.05536332179930796
hourly,158,2026-06-22 14:00:00+00:00,12,24,106,71,206,0.1,8,7,0.09859154929577464,6,7,0.07547169811320754,7.804181999216451e-05,0.023119851182567097,199,29,0.1457286432160804,289,151,0.5224913494809689
hourly,158,2026-06-22 14:00:00+00:00,12,24,106,71,206,0.25,18,11,0.15492957746478872,10,11,0.16981132075471697,4.700850920773198e-11,-0.014881743289928251,199,17,0.08542713567839195,289,66,0.22837370242214533
hourly,158,2026-06-22 14:00:00+00:00,12,24,106,71,206,0.5,36,24,0.3380281690140845,21,24,0.33962264150943394,0.0,-0.0015944724953494416,199,9,0.04522613065326633,289,12,0.04152249134948097
hourly,158,2026-06-22 14:00:00+00:00,12,24,106,71,206,1.0,71,51,0.7183098591549296,36,56,0.6698113207547169,0.0,0.048498538400212676,199,5,0.02512562814070352,289,5,0.01730103806228374
hourly,159,2026-06-22 15:00:00+00:00,12,24,103,37,128,0.1,4,4,0.10810810810810811,4,4,0.038834951456310676,0.16301180089453834,0.06927315665179744,121,28,0.23140495867768596,286,194,0.6783216783216783
hourly,159,2026-06-22 15:00:00+00:00,12,24,103,37,128,0.25,10,6,0.16216216216216217,6,6,0.0970873786407767,0.008943159670001078,0.06507478352138547,121,14,0.11570247933884298,286,123,0.43006993006993005
hourly,159,2026-06-22 15:00:00+00:00,12,24,103,37,128,0.5,19,9,0.24324324324324326,9,9,0.18446601941747573,7.044143360417204e-05,0.05877722382576753,121,9,0.0743801652892562,286,66,0.23076923076923078
hourly,159,2026-06-22 15:00:00+00:00,12,24,103,37,128,1.0,37,15,0.40540540540540543,11,18,0.3592233009708738,3.3841307475495443e-10,0.046182104434531634,121,5,0.04132231404958678,286,12,0.04195804195804196
hourly,160,2026-06-22 16:00:00+00:00,12,24,101,32,110,0.1,4,4,0.125,4,4,0.039603960396039604,0.21173570418266316,0.08539603960396039,102,25,0.24509803921568626,283,191,0.6749116607773852
hourly,160,2026-06-22 16:00:00+00:00,12,24,101,32,110,0.25,8,6,0.1875,6,6,0.07920792079207921,0.041373783828352904,0.10829207920792079,102,14,0.13725490196078433,283,145,0.5123674911660777
hourly,160,2026-06-22 16:00:00+00:00,12,24,101,32,110,0.5,16,8,0.25,8,8,0.15841584158415842,0.0011963564717651265,0.09158415841584158,102,9,0.08823529411764706,283,83,0.29328621908127206
hourly,160,2026-06-22 16:00:00+00:00,12,24,101,32,110,1.0,32,10,0.3125,10,12,0.31683168316831684,2.257106698554028e-07,-0.0043316831683168355,102,6,0.058823529411764705,283,12,0.04240282685512368
hourly,161,2026-06-22 17:00:00+00:00,12,24,101,32,110,0.1,4,4,0.125,4,4,0.039603960396039604,0.21173570418266316,0.08539603960396039,102,25,0.24509803921568626,282,132,0.46808510638297873
hourly,161,2026-06-22 17:00:00+00:00,12,24,101,32,110,0.25,8,6,0.1875,6,6,0.07920792079207921,0.041373783828352904,0.10829207920792079,102,14,0.13725490196078433,282,93,0.32978723404255317
hourly,161,2026-06-22 17:00:00+00:00,12,24,101,32,110,0.5,16,8,0.25,8,8,0.15841584158415842,0.0011963564717651265,0.09158415841584158,102,9,0.08823529411764706,282,74,0.2624113475177305
hourly,161,2026-06-22 17:00:00+00:00,12,24,101,32,110,1.0,32,10,0.3125,10,12,0.31683168316831684,2.257106698554028e-07,-0.0043316831683168355,102,6,0.058823529411764705,282,12,0.0425531914893617
hourly,162,2026-06-22 18:00:00+00:00,12,24,99,32,110,0.1,4,4,0.125,4,4,0.04040404040404041,0.20361409168478387,0.08459595959595959,102,26,0.2549019607843137,222,127,0.5720720720720721
hourly,162,2026-06-22 18:00:00+00:00,12,24,99,32,110,0.25,8,6,0.1875,6,6,0.08080808080808081,0.03809771431640413,0.10669191919191919,102,14,0.13725490196078433,222,93,0.4189189189189189
hourly,162,2026-06-22 18:00:00+00:00,12,24,99,32,110,0.5,16,8,0.25,8,8,0.16161616161616163,0.0009940425506871867,0.08838383838383837,102,9,0.08823529411764706,222,74,0.3333333333333333
hourly,162,2026-06-22 18:00:00+00:00,12,24,99,32,110,1.0,32,10,0.3125,10,12,0.32323232323232326,1.3793093537614882e-07,-0.01073232323232326,102,6,0.058823529411764705,222,12,0.05405405405405406
hourly,163,2026-06-22 19:00:00+00:00,12,24,95,32,97,0.1,4,4,0.125,4,4,0.042105263157894736,0.18710745411168997,0.08289473684210527,86,22,0.2558139534883721,219,127,0.5799086757990868
hourly,163,2026-06-22 19:00:00+00:00,12,24,95,32,97,0.25,8,6,0.1875,6,6,0.08421052631578947,0.03186232013680589,0.10328947368421053,86,10,0.11627906976744186,219,93,0.4246575342465753
hourly,163,2026-06-22 19:00:00+00:00,12,24,95,32,97,0.5,16,8,0.25,8,8,0.16842105263157894,0.0006639076776595941,0.08157894736842106,86,9,0.10465116279069768,219,66,0.3013698630136986
hourly,163,2026-06-22 19:00:00+00:00,12,24,95,32,97,1.0,32,11,0.34375,10,13,0.3368421052631579,4.627566418686023e-08,0.006907894736842113,86,5,0.05813953488372093,219,12,0.0547945205479452
hourly,164,2026-06-22 20:00:00+00:00,12,24,88,31,91,0.1,4,4,0.12903225806451613,4,4,0.045454545454545456,0.1693947827727723,0.08357771260997067,80,21,0.2625,211,127,0.6018957345971564
hourly,164,2026-06-22 20:00:00+00:00,12,24,88,31,91,0.25,8,6,0.1935483870967742,6,6,0.09090909090909091,0.025707697101705076,0.10263929618768328,80,10,0.125,211,93,0.44075829383886256
hourly,164,2026-06-22 20:00:00+00:00,12,24,88,31,91,0.5,16,7,0.22580645161290322,7,8,0.18181818181818182,0.0003999514501783316,0.043988269794721396,80,9,0.1125,211,58,0.27488151658767773
hourly,164,2026-06-22 20:00:00+00:00,12,24,88,31,91,1.0,31,11,0.3548387096774194,9,16,0.3522727272727273,2.195658972641918e-08,0.00256598240469208,80,5,0.0625,211,12,0.05687203791469194
