hour_index,time,horizon_hours,resources,labels,largest_resource_degree,requested_fraction,k,fraction_removed,R0,R_degree,D_degree,Q_degree,R_random_p05,R_random_median,R_random_p95,Q_random_median,G,R_tie_p05,R_tie_median,R_tie_p95,random_fraction_at_least_as_disruptive
8,2026-06-16 08:00:00+00:00,6,5,7,2,0.1,1,0.2,0.7142857142857143,0.5714285714285714,0.1428571428571429,0.7999999999999999,0.42857142857142855,0.5714285714285714,0.7142857142857143,0.7999999999999999,0.0,0.42857142857142855,0.5714285714285714,0.7142857142857143,0.8
8,2026-06-16 08:00:00+00:00,6,5,7,2,0.25,2,0.4,0.7142857142857143,0.42857142857142855,0.28571428571428575,0.6,0.2857142857142857,0.42857142857142855,0.5714285714285714,0.6,0.0,0.2857142857142857,0.42857142857142855,0.5714285714285714,0.706
8,2026-06-16 08:00:00+00:00,6,5,7,2,0.5,3,0.6,0.7142857142857143,0.42857142857142855,0.28571428571428575,0.6,0.2857142857142857,0.2857142857142857,0.42857142857142855,0.39999999999999997,-0.14285714285714285,0.2857142857142857,0.2857142857142857,0.42857142857142855,1.0
8,2026-06-16 08:00:00+00:00,24,5,7,2,0.1,1,0.2,0.7142857142857143,0.5714285714285714,0.1428571428571429,0.7999999999999999,0.42857142857142855,0.5714285714285714,0.7142857142857143,0.7999999999999999,0.0,0.42857142857142855,0.5714285714285714,0.7142857142857143,0.794
8,2026-06-16 08:00:00+00:00,24,5,7,2,0.25,2,0.4,0.7142857142857143,0.42857142857142855,0.28571428571428575,0.6,0.2857142857142857,0.42857142857142855,0.5714285714285714,0.6,0.0,0.2857142857142857,0.42857142857142855,0.5714285714285714,0.69
8,2026-06-16 08:00:00+00:00,24,5,7,2,0.5,3,0.6,0.7142857142857143,0.42857142857142855,0.28571428571428575,0.6,0.2857142857142857,0.2857142857142857,0.42857142857142855,0.39999999999999997,-0.14285714285714285,0.2857142857142857,0.2857142857142857,0.42857142857142855,1.0
9,2026-06-16 09:00:00+00:00,6,10,18,4,0.1,1,0.1,0.5555555555555556,0.5555555555555556,0.0,1.0,0.2777777777777778,0.5555555555555556,0.5555555555555556,1.0,0.0,0.2777777777777778,0.5555555555555556,0.5555555555555556,1.0
9,2026-06-16 09:00:00+00:00,6,10,18,4,0.25,3,0.3,0.5555555555555556,0.2777777777777778,0.2777777777777778,0.5,0.2222222222222222,0.4444444444444444,0.5555555555555556,0.7999999999999999,0.16666666666666663,0.2222222222222222,0.2777777777777778,0.2777777777777778,0.312
9,2026-06-16 09:00:00+00:00,6,10,18,4,0.5,5,0.5,0.5555555555555556,0.2777777777777778,0.2777777777777778,0.5,0.2222222222222222,0.2777777777777778,0.5,0.5,0.0,0.16666666666666666,0.16666666666666666,0.2777777777777778,0.532
9,2026-06-16 09:00:00+00:00,24,10,18,4,0.1,1,0.1,0.5555555555555556,0.5555555555555556,0.0,1.0,0.2777777777777778,0.5555555555555556,0.5555555555555556,1.0,0.0,0.2777777777777778,0.2777777777777778,0.5555555555555556,1.0
9,2026-06-16 09:00:00+00:00,24,10,18,4,0.25,3,0.3,0.5555555555555556,0.2777777777777778,0.2777777777777778,0.5,0.2222222222222222,0.4444444444444444,0.5555555555555556,0.7999999999999999,0.16666666666666663,0.2222222222222222,0.2777777777777778,0.2777777777777778,0.268
9,2026-06-16 09:00:00+00:00,24,10,18,4,0.5,5,0.5,0.5555555555555556,0.2777777777777778,0.2777777777777778,0.5,0.16666666666666666,0.2777777777777778,0.5,0.5,0.0,0.16666666666666666,0.16666666666666666,0.2777777777777778,0.53
10,2026-06-16 10:00:00+00:00,6,29,45,8,0.1,3,0.10344827586206896,0.6888888888888889,0.4444444444444444,0.24444444444444446,0.6451612903225806,0.4666666666666667,0.6888888888888889,0.6888888888888889,1.0,0.24444444444444446,0.4444444444444444,0.5333333333333333,0.5333333333333333,0.042
10,2026-06-16 10:00:00+00:00,6,29,45,8,0.25,8,0.27586206896551724,0.6888888888888889,0.2222222222222222,0.4666666666666667,0.3225806451612903,0.3111111111111111,0.4888888888888889,0.6888888888888889,0.7096774193548387,0.26666666666666666,0.2222222222222222,0.2222222222222222,0.2222222222222222,0.014
10,2026-06-16 10:00:00+00:00,6,29,45,8,0.5,15,0.5172413793103449,0.6888888888888889,0.1111111111111111,0.5777777777777777,0.16129032258064516,0.15555555555555556,0.28888888888888886,0.5111111111111111,0.4193548387096774,0.17777777777777776,0.08888888888888889,0.1111111111111111,0.13333333333333333,0.016
10,2026-06-16 10:00:00+00:00,24,29,45,8,0.1,3,0.10344827586206896,0.6888888888888889,0.4444444444444444,0.24444444444444446,0.6451612903225806,0.4888888888888889,0.6888888888888889,0.6888888888888889,1.0,0.24444444444444446,0.4444444444444444,0.5333333333333333,0.5333333333333333,0.018
10,2026-06-16 10:00:00+00:00,24,29,45,8,0.25,8,0.27586206896551724,0.6888888888888889,0.2222222222222222,0.4666666666666667,0.3225806451612903,0.3111111111111111,0.4888888888888889,0.6888888888888889,0.7096774193548387,0.26666666666666666,0.2222222222222222,0.2222222222222222,0.2222222222222222,0.008
10,2026-06-16 10:00:00+00:00,24,29,45,8,0.5,15,0.5172413793103449,0.6888888888888889,0.1111111111111111,0.5777777777777777,0.16129032258064516,0.17777777777777778,0.3111111111111111,0.5122222222222211,0.45161290322580644,0.2,0.08888888888888889,0.1111111111111111,0.13333333333333333,0.006
11,2026-06-16 11:00:00+00:00,6,40,58,12,0.1,4,0.1,0.6896551724137931,0.5,0.18965517241379315,0.725,0.5172413793103449,0.6724137931034483,0.6896551724137931,0.975,0.1724137931034483,0.5,0.5,0.5,0.04
11,2026-06-16 11:00:00+00:00,6,40,58,12,0.25,10,0.25,0.6896551724137931,0.39655172413793105,0.2931034482758621,0.575,0.46551724137931033,0.6551724137931034,0.6896551724137931,0.95,0.2586206896551724,0.39655172413793105,0.39655172413793105,0.39655172413793105,0.002
11,2026-06-16 11:00:00+00:00,6,40,58,12,0.5,20,0.5,0.6896551724137931,0.10344827586206896,0.5862068965517242,0.15,0.3103448275862069,0.46551724137931033,0.6379310344827587,0.6749999999999999,0.3620689655172414,0.10344827586206896,0.10344827586206896,0.10344827586206896,0.0
11,2026-06-16 11:00:00+00:00,24,40,58,12,0.1,4,0.1,0.6896551724137931,0.5,0.18965517241379315,0.725,0.5172413793103449,0.6724137931034483,0.6896551724137931,0.975,0.1724137931034483,0.5,0.5,0.5,0.046
11,2026-06-16 11:00:00+00:00,24,40,58,12,0.25,10,0.25,0.6896551724137931,0.39655172413793105,0.2931034482758621,0.575,0.46551724137931033,0.6551724137931034,0.6896551724137931,0.95,0.2586206896551724,0.39655172413793105,0.39655172413793105,0.39655172413793105,0.008
11,2026-06-16 11:00:00+00:00,24,40,58,12,0.5,20,0.5,0.6896551724137931,0.10344827586206896,0.5862068965517242,0.15,0.29310344827586204,0.46551724137931033,0.6379310344827587,0.6749999999999999,0.3620689655172414,0.10344827586206896,0.10344827586206896,0.10344827586206896,0.0
12,2026-06-16 12:00:00+00:00,6,43,61,12,0.1,5,0.11627906976744186,0.6557377049180327,0.47540983606557374,0.180327868852459,0.725,0.4918032786885246,0.639344262295082,0.6557377049180327,0.9750000000000001,0.16393442622950827,0.47540983606557374,0.47540983606557374,0.47540983606557374,0.048
12,2026-06-16 12:00:00+00:00,6,43,61,12,0.25,11,0.2558139534883721,0.6557377049180327,0.36065573770491804,0.2950819672131147,0.55,0.4426229508196721,0.6065573770491803,0.6557377049180327,0.925,0.2459016393442623,0.36065573770491804,0.4098360655737705,0.45901639344262296,0.006
12,2026-06-16 12:00:00+00:00,6,43,61,12,0.5,22,0.5116279069767442,0.6557377049180327,0.09836065573770492,0.5573770491803278,0.15000000000000002,0.3106557377049181,0.45901639344262296,0.6065573770491803,0.7000000000000001,0.36065573770491804,0.09836065573770492,0.09836065573770492,0.09836065573770492,0.0
12,2026-06-16 12:00:00+00:00,24,43,61,12,0.1,5,0.11627906976744186,0.6557377049180327,0.47540983606557374,0.180327868852459,0.725,0.47540983606557374,0.639344262295082,0.6557377049180327,0.9750000000000001,0.16393442622950827,0.47540983606557374,0.47540983606557374,0.47540983606557374,0.052
12,2026-06-16 12:00:00+00:00,24,43,61,12,0.25,11,0.2558139534883721,0.6557377049180327,0.36065573770491804,0.2950819672131147,0.55,0.4426229508196721,0.6065573770491803,0.6557377049180327,0.925,0.2459016393442623,0.36065573770491804,0.4098360655737705,0.45901639344262296,0.002
12,2026-06-16 12:00:00+00:00,24,43,61,12,0.5,22,0.5116279069767442,0.6557377049180327,0.09836065573770492,0.5573770491803278,0.15000000000000002,0.29508196721311475,0.4426229508196721,0.6065573770491803,0.675,0.3442622950819672,0.09836065573770492,0.09836065573770492,0.09836065573770492,0.0
13,2026-06-16 13:00:00+00:00,6,49,67,12,0.1,5,0.10204081632653061,0.6417910447761194,0.4626865671641791,0.17910447761194026,0.7209302325581396,0.47761194029850745,0.6268656716417911,0.6417910447761194,0.9767441860465117,0.16417910447761197,0.4626865671641791,0.4626865671641791,0.4626865671641791,0.022
13,2026-06-16 13:00:00+00:00,6,49,67,12,0.25,13,0.2653061224489796,0.6417910447761194,0.31343283582089554,0.32835820895522383,0.48837209302325585,0.43208955223880596,0.5970149253731343,0.6417910447761194,0.9302325581395349,0.28358208955223874,0.23880597014925373,0.2835820895522388,0.3582089552238806,0.0
13,2026-06-16 13:00:00+00:00,6,49,67,12,0.5,25,0.5102040816326531,0.6417910447761194,0.1044776119402985,0.5373134328358209,0.16279069767441862,0.29850746268656714,0.43283582089552236,0.5828358208955218,0.6744186046511628,0.32835820895522383,0.08955223880597014,0.1044776119402985,0.11940298507462686,0.0
13,2026-06-16 13:00:00+00:00,24,49,67,12,0.1,5,0.10204081632653061,0.6417910447761194,0.4626865671641791,0.17910447761194026,0.7209302325581396,0.4925373134328358,0.6268656716417911,0.6417910447761194,0.9767441860465117,0.16417910447761197,0.4626865671641791,0.4626865671641791,0.4626865671641791,0.012
13,2026-06-16 13:00:00+00:00,24,49,67,12,0.25,13,0.2653061224489796,0.6417910447761194,0.31343283582089554,0.32835820895522383,0.48837209302325585,0.43283582089552236,0.5970149253731343,0.6417910447761194,0.9302325581395349,0.28358208955223874,0.23880597014925373,0.2835820895522388,0.3582089552238806,0.0
13,2026-06-16 13:00:00+00:00,24,49,67,12,0.5,25,0.5102040816326531,0.6417910447761194,0.1044776119402985,0.5373134328358209,0.16279069767441862,0.2537313432835821,0.43283582089552236,0.582089552238806,0.6744186046511628,0.32835820895522383,0.08955223880597014,0.11940298507462686,0.11940298507462686,0.0
14,2026-06-16 14:00:00+00:00,6,41,58,12,0.1,5,0.12195121951219512,0.8448275862068966,0.6379310344827587,0.2068965517241379,0.7551020408163266,0.6206896551724138,0.8275862068965517,0.8448275862068966,0.9795918367346939,0.18965517241379304,0.6379310344827587,0.6379310344827587,0.6379310344827587,0.122
14,2026-06-16 14:00:00+00:00,6,41,58,12,0.25,11,0.2682926829268293,0.8448275862068966,0.1724137931034483,0.6724137931034483,0.20408163265306123,0.43103448275862066,0.6551724137931034,0.8275862068965517,0.7755102040816326,0.48275862068965514,0.1724137931034483,0.20689655172413793,0.22413793103448276,0.0
14,2026-06-16 14:00:00+00:00,6,41,58,12,0.5,21,0.5121951219512195,0.8448275862068966,0.13793103448275862,0.7068965517241379,0.16326530612244897,0.22413793103448276,0.46551724137931033,0.6732758620689647,0.5510204081632653,0.3275862068965517,0.13793103448275862,0.13793103448275862,0.13793103448275862,0.0
14,2026-06-16 14:00:00+00:00,24,49,68,12,0.1,5,0.10204081632653061,0.8088235294117647,0.6470588235294118,0.16176470588235292,0.8,0.6176470588235294,0.7941176470588235,0.8088235294117647,0.9818181818181817,0.1470588235294117,0.45588235294117646,0.47058823529411764,0.6470588235294118,0.15
14,2026-06-16 14:00:00+00:00,24,49,68,12,0.25,13,0.2653061224489796,0.8088235294117647,0.23529411764705882,0.5735294117647058,0.2909090909090909,0.45588235294117646,0.6470588235294118,0.7794117647058824,0.8,0.411764705882353,0.23529411764705882,0.25,0.35294117647058826,0.0
14,2026-06-16 14:00:00+00:00,24,49,68,12,0.5,25,0.5102040816326531,0.8088235294117647,0.11764705882352941,0.6911764705882353,0.14545454545454545,0.3235294117647059,0.5,0.6911764705882353,0.6181818181818182,0.38235294117647056,0.08823529411764706,0.11764705882352941,0.11764705882352941,0.0
15,2026-06-16 15:00:00+00:00,6,34,49,12,0.1,4,0.11764705882352941,0.9387755102040817,0.7142857142857143,0.22448979591836737,0.7608695652173912,0.6326530612244898,0.8979591836734694,0.9387755102040817,0.9565217391304347,0.18367346938775508,0.7142857142857143,0.7142857142857143,0.7142857142857143,0.166
15,2026-06-16 15:00:00+00:00,6,34,49,12,0.25,9,0.2647058823529412,0.9387755102040817,0.24489795918367346,0.6938775510204083,0.2608695652173913,0.46938775510204084,0.7346938775510204,0.9183673469387755,0.782608695652174,0.489795918367347,0.24489795918367346,0.24489795918367346,0.24489795918367346,0.0
15,2026-06-16 15:00:00+00:00,6,34,49,12,0.5,17,0.5,0.9387755102040817,0.16326530612244897,0.7755102040816327,0.17391304347826084,0.28469387755102044,0.5102040816326531,0.7755102040816326,0.5434782608695652,0.34693877551020413,0.16326530612244897,0.16326530612244897,0.16326530612244897,0.0
15,2026-06-16 15:00:00+00:00,24,50,68,12,0.1,5,0.1,0.8088235294117647,0.6470588235294118,0.16176470588235292,0.8,0.6316176470588235,0.7941176470588235,0.8088235294117647,0.9818181818181817,0.1470588235294117,0.47058823529411764,0.4852941176470588,0.6470588235294118,0.134
15,2026-06-16 15:00:00+00:00,24,50,68,12,0.25,13,0.26,0.8088235294117647,0.23529411764705882,0.5735294117647058,0.2909090909090909,0.47058823529411764,0.6617647058823529,0.7941176470588235,0.8181818181818181,0.4264705882352941,0.23529411764705882,0.25,0.36764705882352944,0.0
15,2026-06-16 15:00:00+00:00,24,50,68,12,0.5,25,0.5,0.8088235294117647,0.11764705882352941,0.6911764705882353,0.14545454545454545,0.3235294117647059,0.5,0.6764705882352942,0.6181818181818182,0.38235294117647056,0.08823529411764706,0.11764705882352941,0.11764705882352941,0.0
16,2026-06-16 16:00:00+00:00,6,24,34,8,0.1,3,0.125,0.38235294117647056,0.38235294117647056,0.0,1.0,0.35294117647058826,0.38235294117647056,0.38235294117647056,1.0,0.0,0.38235294117647056,0.38235294117647056,0.38235294117647056,1.0
16,2026-06-16 16:00:00+00:00,6,24,34,8,0.25,6,0.25,0.38235294117647056,0.35294117647058826,0.029411764705882304,0.9230769230769232,0.2647058823529412,0.38235294117647056,0.38235294117647056,1.0,0.029411764705882304,0.35294117647058826,0.38235294117647056,0.38235294117647056,0.286
16,2026-06-16 16:00:00+00:00,6,24,34,8,0.5,12,0.5,0.38235294117647056,0.3235294117647059,0.05882352941176466,0.8461538461538463,0.20588235294117646,0.3235294117647059,0.38235294117647056,0.8461538461538463,0.0,0.23529411764705882,0.3235294117647059,0.35294117647058826,0.516
16,2026-06-16 16:00:00+00:00,24,50,68,12,0.1,5,0.1,0.8088235294117647,0.6470588235294118,0.16176470588235292,0.8,0.6316176470588235,0.7941176470588235,0.8088235294117647,0.9818181818181817,0.1470588235294117,0.47058823529411764,0.4852941176470588,0.6470588235294118,0.16
16,2026-06-16 16:00:00+00:00,24,50,68,12,0.25,13,0.26,0.8088235294117647,0.23529411764705882,0.5735294117647058,0.2909090909090909,0.47058823529411764,0.6470588235294118,0.7794117647058824,0.8,0.411764705882353,0.23529411764705882,0.25,0.36764705882352944,0.0
16,2026-06-16 16:00:00+00:00,24,50,68,12,0.5,25,0.5,0.8088235294117647,0.11764705882352941,0.6911764705882353,0.14545454545454545,0.3088235294117647,0.5147058823529411,0.6911764705882353,0.6363636363636362,0.3970588235294117,0.08823529411764706,0.11764705882352941,0.11764705882352941,0.0
17,2026-06-16 17:00:00+00:00,6,15,23,7,0.1,2,0.13333333333333333,0.5652173913043478,0.5652173913043478,0.0,1.0,0.391304347826087,0.5217391304347826,0.5652173913043478,0.9230769230769231,-0.04347826086956519,0.5652173913043478,0.5652173913043478,0.5652173913043478,1.0
17,2026-06-16 17:00:00+00:00,6,15,23,7,0.25,4,0.26666666666666666,0.5652173913043478,0.4782608695652174,0.08695652173913038,0.8461538461538463,0.34782608695652173,0.4782608695652174,0.5652173913043478,0.8461538461538463,0.0,0.4782608695652174,0.5217391304347826,0.5217391304347826,0.61
17,2026-06-16 17:00:00+00:00,6,15,23,7,0.5,8,0.5333333333333333,0.5652173913043478,0.21739130434782608,0.34782608695652173,0.38461538461538464,0.21739130434782608,0.34782608695652173,0.4782608695652174,0.6153846153846154,0.13043478260869565,0.17391304347826086,0.21739130434782608,0.2630434782608676,0.052
17,2026-06-16 17:00:00+00:00,24,50,68,12,0.1,5,0.1,0.8088235294117647,0.6470588235294118,0.16176470588235292,0.8,0.6176470588235294,0.7941176470588235,0.8088235294117647,0.9818181818181817,0.1470588235294117,0.47058823529411764,0.4852941176470588,0.6470588235294118,0.158
17,2026-06-16 17:00:00+00:00,24,50,68,12,0.25,13,0.26,0.8088235294117647,0.23529411764705882,0.5735294117647058,0.2909090909090909,0.45588235294117646,0.7205882352941176,0.7941176470588235,0.8909090909090909,0.4852941176470588,0.23529411764705882,0.25,0.36764705882352944,0.0
17,2026-06-16 17:00:00+00:00,24,50,68,12,0.5,25,0.5,0.8088235294117647,0.11764705882352941,0.6911764705882353,0.14545454545454545,0.3227941176470589,0.5147058823529411,0.7058823529411765,0.6363636363636362,0.3970588235294117,0.08823529411764706,0.11764705882352941,0.11764705882352941,0.0
18,2026-06-16 18:00:00+00:00,6,10,12,4,0.1,1,0.1,0.6666666666666666,0.6666666666666666,0.0,1.0,0.3333333333333333,0.6666666666666666,0.6666666666666666,1.0,0.0,0.6666666666666666,0.6666666666666666,0.6666666666666666,1.0
18,2026-06-16 18:00:00+00:00,6,10,12,4,0.25,3,0.3,0.6666666666666666,0.3333333333333333,0.3333333333333333,0.5,0.3333333333333333,0.5,0.6666666666666666,0.75,0.16666666666666669,0.3333333333333333,0.3333333333333333,0.3333333333333333,0.318
18,2026-06-16 18:00:00+00:00,6,10,12,4,0.5,5,0.5,0.6666666666666666,0.3333333333333333,0.3333333333333333,0.5,0.25,0.3333333333333333,0.5833333333333334,0.5,0.0,0.16666666666666666,0.25,0.3333333333333333,0.674
18,2026-06-16 18:00:00+00:00,24,51,70,12,0.1,6,0.11764705882352941,0.7857142857142857,0.45714285714285713,0.32857142857142857,0.5818181818181818,0.6,0.7571428571428571,0.7857142857142857,0.9636363636363636,0.3,0.45714285714285713,0.45714285714285713,0.45714285714285713,0.006
18,2026-06-16 18:00:00+00:00,24,51,70,12,0.25,13,0.2549019607843137,0.7857142857142857,0.22857142857142856,0.5571428571428572,0.2909090909090909,0.4714285714285714,0.6571428571428571,0.7714285714285715,0.8363636363636364,0.4285714285714286,0.22857142857142856,0.24285714285714285,0.35714285714285715,0.0
18,2026-06-16 18:00:00+00:00,24,51,70,12,0.5,26,0.5098039215686274,0.7857142857142857,0.1,0.6857142857142857,0.1272727272727273,0.3,0.4857142857142857,0.6714285714285714,0.6181818181818182,0.3857142857142857,0.08571428571428572,0.11428571428571428,0.11428571428571428,0.0
19,2026-06-16 19:00:00+00:00,6,25,75,8,0.1,3,0.12,0.28,0.18666666666666668,0.09333333333333335,0.6666666666666666,0.13333333333333333,0.25333333333333335,0.28,0.9047619047619048,0.06666666666666668,0.18666666666666668,0.18666666666666668,0.18666666666666668,0.25
19,2026-06-16 19:00:00+00:00,6,25,75,8,0.25,7,0.28,0.28,0.12,0.16000000000000003,0.4285714285714285,0.10666666666666667,0.17333333333333334,0.28,0.619047619047619,0.053333333333333344,0.12,0.12,0.12,0.264
19,2026-06-16 19:00:00+00:00,6,25,75,8,0.5,13,0.52,0.28,0.06666666666666667,0.21333333333333337,0.23809523809523808,0.09333333333333334,0.10666666666666667,0.2,0.38095238095238093,0.04000000000000001,0.04,0.06666666666666667,0.06666666666666667,0.014
19,2026-06-16 19:00:00+00:00,24,71,141,20,0.1,8,0.11267605633802817,0.8156028368794326,0.3900709219858156,0.42553191489361697,0.4782608695652174,0.6521276595744682,0.7588652482269503,0.8085106382978723,0.9304347826086957,0.36879432624113473,0.3617021276595745,0.3617021276595745,0.3900709219858156,0.0
19,2026-06-16 19:00:00+00:00,24,71,141,20,0.25,18,0.2535211267605634,0.8156028368794326,0.3049645390070922,0.5106382978723404,0.3739130434782609,0.49645390070921985,0.6666666666666666,0.7801418439716312,0.817391304347826,0.36170212765957444,0.3049645390070922,0.3049645390070922,0.3049645390070922,0.0
19,2026-06-16 19:00:00+00:00,24,71,141,20,0.5,36,0.5070422535211268,0.8156028368794326,0.07801418439716312,0.7375886524822695,0.09565217391304348,0.2624113475177305,0.4397163120567376,0.6170212765957447,0.5391304347826088,0.3617021276595745,0.0425531914893617,0.07092198581560284,0.07801418439716312,0.0
20,2026-06-16 20:00:00+00:00,6,86,323,37,0.1,9,0.10465116279069768,0.9318885448916409,0.5975232198142415,0.33436532507739936,0.6411960132890365,0.804953560371517,0.8699690402476781,0.913312693498452,0.9335548172757476,0.27244582043343657,0.5975232198142415,0.5975232198142415,0.5975232198142415,0.0
20,2026-06-16 20:00:00+00:00,6,86,323,37,0.25,22,0.2558139534883721,0.9318885448916409,0.24458204334365324,0.6873065015479876,0.26245847176079734,0.6687306501547987,0.7647058823529411,0.8390092879256966,0.8205980066445182,0.5201238390092879,0.24458204334365324,0.24458204334365324,0.24458204334365324,0.0
20,2026-06-16 20:00:00+00:00,6,86,323,37,0.5,43,0.5,0.9318885448916409,0.03715170278637771,0.8947368421052632,0.03986710963455149,0.4148606811145511,0.5572755417956656,0.6780185758513931,0.5980066445182725,0.5201238390092879,0.03715170278637771,0.04643962848297214,0.04643962848297214,0.0
20,2026-06-16 20:00:00+00:00,24,122,387,49,0.1,13,0.10655737704918032,0.937984496124031,0.5529715762273901,0.3850129198966409,0.5895316804407713,0.8189922480620155,0.8811369509043928,0.917312661498708,0.9393939393939394,0.3281653746770027,0.5529715762273901,0.5529715762273901,0.5529715762273901,0.0
20,2026-06-16 20:00:00+00:00,24,122,387,49,0.25,31,0.2540983606557377,0.937984496124031,0.20671834625322996,0.7312661498708011,0.22038567493112945,0.6872093023255814,0.7829457364341085,0.8502583979328164,0.8347107438016529,0.5762273901808785,0.20671834625322996,0.2222222222222222,0.2454780361757106,0.0
20,2026-06-16 20:00:00+00:00,24,122,387,49,0.5,61,0.5,0.937984496124031,0.056847545219638244,0.8811369509043928,0.06060606060606061,0.4418604651162791,0.5813953488372093,0.7054263565891473,0.6198347107438017,0.5245478036175711,0.05400516795865634,0.07493540051679587,0.09819121447028424,0.0
21,2026-06-16 21:00:00+00:00,6,126,428,47,0.1,13,0.10317460317460317,0.9462616822429907,0.5957943925233645,0.35046728971962615,0.6296296296296297,0.8317757009345794,0.883177570093458,0.9182242990654206,0.9333333333333333,0.28738317757009346,0.5957943925233645,0.5957943925233645,0.5957943925233645,0.0
21,2026-06-16 21:00:00+00:00,6,126,428,47,0.25,32,0.25396825396825395,0.9462616822429907,0.21495327102803738,0.7313084112149533,0.2271604938271605,0.6962616822429907,0.780373831775701,0.8504672897196262,0.8246913580246914,0.5654205607476636,0.205607476635514,0.21495327102803738,0.22429906542056074,0.0
21,2026-06-16 21:00:00+00:00,6,126,428,47,0.5,63,0.5,0.9462616822429907,0.0397196261682243,0.9065420560747663,0.0419753086419753,0.46261682242990654,0.5771028037383178,0.6778037383177569,0.6098765432098766,0.5373831775700935,0.030373831775700934,0.04672897196261682,0.05841121495327103,0.0
21,2026-06-16 21:00:00+00:00,24,160,489,49,0.1,16,0.1,0.9488752556237219,0.5807770961145194,0.36809815950920244,0.6120689655172414,0.8384458077709611,0.8936605316973415,0.9222903885480572,0.9418103448275862,0.31288343558282206,0.5807770961145194,0.5807770961145194,0.5807770961145194,0.0
21,2026-06-16 21:00:00+00:00,24,160,489,49,0.25,40,0.25,0.9488752556237219,0.2392638036809816,0.7096114519427403,0.2521551724137931,0.7114519427402863,0.794478527607362,0.8528629856850715,0.8372844827586208,0.5552147239263805,0.2392638036809816,0.2392638036809816,0.2392638036809816,0.0
21,2026-06-16 21:00:00+00:00,24,160,489,49,0.5,80,0.5,0.9488752556237219,0.03067484662576687,0.918200408997955,0.032327586206896554,0.47842535787321067,0.5930470347648262,0.6932515337423313,0.6250000000000001,0.5623721881390593,0.03067484662576687,0.04703476482617587,0.06952965235173825,0.0
22,2026-06-16 22:00:00+00:00,6,180,508,51,0.1,18,0.1,0.9704724409448819,0.639763779527559,0.3307086614173229,0.6592292089249492,0.8720472440944882,0.9133858267716536,0.9409448818897638,0.9411764705882353,0.27362204724409456,0.6299212598425197,0.6299212598425197,0.639763779527559,0.0
22,2026-06-16 22:00:00+00:00,6,180,508,51,0.25,45,0.25,0.9704724409448819,0.27165354330708663,0.6988188976377954,0.2799188640973631,0.7538385826771653,0.8149606299212598,0.8681102362204725,0.8397565922920892,0.5433070866141732,0.24606299212598426,0.2637795275590551,0.2933070866141732,0.0
22,2026-06-16 22:00:00+00:00,6,180,508,51,0.5,90,0.5,0.9704724409448819,0.06496062992125984,0.9055118110236221,0.06693711967545637,0.5236220472440944,0.6200787401574803,0.702755905511811,0.6389452332657201,0.5551181102362205,0.023622047244094488,0.04330708661417323,0.07480314960629922,0.0
22,2026-06-16 22:00:00+00:00,24,213,565,51,0.1,22,0.10328638497652583,0.9699115044247788,0.5681415929203539,0.40176991150442487,0.5857664233576642,0.8725663716814159,0.9141592920353983,0.9433628318584071,0.9425182481751825,0.3460176991150443,0.5681415929203539,0.5681415929203539,0.5681415929203539,0.0
22,2026-06-16 22:00:00+00:00,24,213,565,51,0.25,54,0.2535211267605634,0.9699115044247788,0.2814159292035398,0.6884955752212389,0.2901459854014598,0.7521238938053096,0.8212389380530973,0.8744247787610618,0.8467153284671532,0.5398230088495575,0.27256637168141595,0.2831858407079646,0.2867256637168142,0.0
22,2026-06-16 22:00:00+00:00,24,213,565,51,0.5,107,0.5023474178403756,0.9699115044247788,0.02654867256637168,0.9433628318584071,0.027372262773722626,0.5430973451327433,0.6265486725663717,0.7026548672566372,0.6459854014598541,0.6,0.023008849557522124,0.03893805309734513,0.06725663716814159,0.0
23,2026-06-16 23:00:00+00:00,6,205,538,54,0.1,21,0.1024390243902439,0.9721189591078067,0.6598513011152416,0.31226765799256506,0.6787762906309751,0.8809479553903345,0.9182156133828996,0.9442379182156134,0.9445506692160611,0.258364312267658,0.6579925650557621,0.6579925650557621,0.6598513011152416,0.0
23,2026-06-16 23:00:00+00:00,6,205,538,54,0.25,52,0.25365853658536586,0.9721189591078067,0.33643122676579923,0.6356877323420074,0.34608030592734224,0.7619888475836432,0.8215613382899628,0.8736988847583642,0.8451242829827916,0.4851301115241636,0.31970260223048325,0.3308550185873606,0.3420074349442379,0.0
23,2026-06-16 23:00:00+00:00,6,205,538,54,0.5,103,0.5024390243902439,0.9721189591078067,0.048327137546468404,0.9237918215613382,0.0497131931166348,0.5463754646840149,0.6319702602230484,0.7137546468401487,0.6500956022944552,0.5836431226765799,0.02973977695167286,0.055762081784386616,0.0763011152416356,0.0
23,2026-06-16 23:00:00+00:00,24,237,594,54,0.1,24,0.10126582278481013,0.9713804713804713,0.6195286195286195,0.35185185185185186,0.6377816291161178,0.877104377104377,0.9225589225589226,0.9478114478114478,0.9497400346620452,0.3030303030303031,0.6195286195286195,0.6195286195286195,0.6195286195286195,0.0
23,2026-06-16 23:00:00+00:00,24,237,594,54,0.25,60,0.25316455696202533,0.9713804713804713,0.36363636363636365,0.6077441077441077,0.37435008665511266,0.7760942760942761,0.8333333333333334,0.8788720538720538,0.8578856152512999,0.4696969696969697,0.3569023569023569,0.36363636363636365,0.3686868686868687,0.0
23,2026-06-16 23:00:00+00:00,24,237,594,54,0.5,119,0.5021097046413502,0.9713804713804713,0.03367003367003367,0.9377104377104377,0.03466204506065858,0.5606060606060606,0.6414141414141414,0.7155723905723905,0.660311958405546,0.6077441077441078,0.025252525252525252,0.045454545454545456,0.0724747474747474,0.0
24,2026-06-17 00:00:00+00:00,6,216,548,54,0.1,22,0.10185185185185185,0.9726277372262774,0.666058394160584,0.3065693430656934,0.6848030018761726,0.8831204379562044,0.9197080291970803,0.9470802919708029,0.9455909943714822,0.2536496350364963,0.6642335766423357,0.6642335766423357,0.666058394160584,0.0
24,2026-06-17 00:00:00+00:00,6,216,548,54,0.25,54,0.25,0.9726277372262774,0.3759124087591241,0.5967153284671534,0.3864915572232645,0.7755474452554745,0.8284671532846716,0.8777372262773723,0.851782363977486,0.4525547445255475,0.33394160583941607,0.37317518248175185,0.38503649635036497,0.0
24,2026-06-17 00:00:00+00:00,6,216,548,54,0.5,108,0.5,0.9726277372262774,0.06204379562043796,0.9105839416058394,0.06378986866791744,0.565602189781022,0.6441605839416058,0.7262773722627737,0.6622889305816134,0.5821167883211679,0.04562043795620438,0.06569343065693431,0.08211678832116788,0.0
24,2026-06-17 00:00:00+00:00,24,248,604,54,0.1,25,0.10080645161290322,0.9718543046357616,0.6291390728476821,0.3427152317880795,0.6473594548551959,0.8873344370860927,0.9205298013245033,0.9454470198675496,0.9471890971039183,0.29139072847682124,0.6241721854304636,0.6291390728476821,0.6291390728476821,0.0
24,2026-06-17 00:00:00+00:00,24,248,604,54,0.25,62,0.25,0.9718543046357616,0.36920529801324503,0.6026490066225165,0.37989778534923335,0.7781456953642384,0.8360927152317881,0.8825331125827814,0.8603066439522998,0.46688741721854304,0.36423841059602646,0.37251655629139074,0.38079470198675497,0.0
24,2026-06-17 00:00:00+00:00,24,248,604,54,0.5,124,0.5,0.9718543046357616,0.046357615894039736,0.9254966887417219,0.04770017035775128,0.5760761589403973,0.652317880794702,0.72864238410596,0.6712095400340715,0.6059602649006622,0.0347682119205298,0.06456953642384106,0.09279801324503303,0.0
25,2026-06-17 01:00:00+00:00,6,214,516,54,0.1,22,0.102803738317757,0.9651162790697675,0.6976744186046512,0.2674418604651163,0.7228915662650602,0.877906976744186,0.9147286821705426,0.939922480620155,0.9477911646586344,0.21705426356589141,0.687984496124031,0.6976744186046512,0.7054263565891473,0.0
25,2026-06-17 01:00:00+00:00,6,214,516,54,0.25,54,0.2523364485981308,0.9651162790697675,0.42054263565891475,0.5445736434108528,0.4357429718875502,0.7713178294573644,0.8313953488372093,0.877906976744186,0.8614457831325301,0.4108527131782946,0.41472868217054265,0.4186046511627907,0.42248062015503873,0.0
25,2026-06-17 01:00:00+00:00,6,214,516,54,0.5,107,0.5,0.9651162790697675,0.044573643410852716,0.9205426356589148,0.04618473895582329,0.5678294573643411,0.6501937984496124,0.7326550387596898,0.6736947791164659,0.6056201550387598,0.025193798449612403,0.046511627906976744,0.06395348837209303,0.0
25,2026-06-17 01:00:00+00:00,24,266,623,54,0.1,27,0.10150375939849623,0.9630818619582665,0.6276083467094703,0.3354735152487962,0.6516666666666666,0.8780096308186196,0.9149277688603531,0.9390048154093098,0.95,0.2873194221508828,0.622792937399679,0.6276083467094703,0.6356340288924559,0.0
25,2026-06-17 01:00:00+00:00,24,266,623,54,0.25,67,0.2518796992481203,0.9630818619582665,0.3884430176565008,0.5746388443017657,0.4033333333333333,0.7672552166934189,0.8282504012841091,0.8715890850722311,0.8599999999999999,0.4398073836276083,0.38362760834670945,0.3900481540930979,0.39646869983948635,0.0
25,2026-06-17 01:00:00+00:00,24,266,623,54,0.5,133,0.5,0.9630818619582665,0.033707865168539325,0.9293739967897272,0.034999999999999996,0.565008025682183,0.6476725521669342,0.7158908507223114,0.6725,0.6139646869983949,0.024077046548956663,0.05457463884430177,0.08996789727126799,0.0
26,2026-06-17 02:00:00+00:00,6,180,383,54,0.1,18,0.1,0.97911227154047,0.6945169712793734,0.2845953002610966,0.7093333333333334,0.8694516971279374,0.9216710182767625,0.9503916449086162,0.9413333333333334,0.22715404699738906,0.6945169712793734,0.7023498694516971,0.7049608355091384,0.0
26,2026-06-17 02:00:00+00:00,6,180,383,54,0.25,45,0.25,0.97911227154047,0.4490861618798956,0.5300261096605744,0.45866666666666667,0.7493472584856397,0.8224543080939948,0.8772845953002611,0.84,0.3733681462140992,0.3785900783289817,0.39425587467362927,0.45691906005221933,0.0
26,2026-06-17 02:00:00+00:00,6,180,383,54,0.5,90,0.5,0.97911227154047,0.057441253263707574,0.9216710182767625,0.058666666666666666,0.5272845953002611,0.6266318537859008,0.7155352480417754,0.64,0.5691906005221933,0.020887728459530026,0.033942558746736295,0.057441253263707574,0.0
26,2026-06-17 02:00:00+00:00,24,285,666,54,0.1,29,0.10175438596491228,0.9684684684684685,0.6291291291291291,0.33933933933933935,0.6496124031007752,0.8798798798798799,0.918918918918919,0.9414414414414415,0.9488372093023256,0.28978978978978986,0.6291291291291291,0.6291291291291291,0.6291291291291291,0.0
26,2026-06-17 02:00:00+00:00,24,285,666,54,0.25,72,0.25263157894736843,0.9684684684684685,0.37987987987987987,0.5885885885885886,0.3922480620155039,0.7762762762762763,0.8310810810810811,0.8709459459459459,0.858139534883721,0.4512012012012013,0.3783783783783784,0.3858858858858859,0.39039039039039036,0.0
26,2026-06-17 02:00:00+00:00,24,285,666,54,0.5,143,0.5017543859649123,0.9684684684684685,0.02252252252252252,0.9459459459459459,0.023255813953488372,0.5765765765765766,0.6486486486486487,0.7177177177177178,0.6697674418604651,0.6261261261261262,0.02252252252252252,0.042042042042042045,0.07957957957957958,0.0
27,2026-06-17 03:00:00+00:00,6,161,334,43,0.1,17,0.10559006211180125,0.9580838323353293,0.6467065868263473,0.31137724550898205,0.6749999999999999,0.8383233532934131,0.907185628742515,0.9311377245508982,0.946875,0.26047904191616766,0.6467065868263473,0.6467065868263473,0.6467065868263473,0.0
27,2026-06-17 03:00:00+00:00,6,161,334,43,0.25,41,0.2546583850931677,0.9580838323353293,0.4251497005988024,0.5329341317365269,0.44375000000000003,0.718562874251497,0.8053892215568862,0.8624251497005987,0.840625,0.3802395209580838,0.437125748502994,0.4491017964071856,0.46107784431137727,0.0
27,2026-06-17 03:00:00+00:00,6,161,334,43,0.5,81,0.5031055900621118,0.9580838323353293,0.059880239520958084,0.8982035928143712,0.0625,0.5119760479041916,0.6167664670658682,0.7125748502994012,0.6437499999999999,0.5568862275449101,0.029940119760479042,0.04790419161676647,0.0748502994011976,0.0
27,2026-06-17 03:00:00+00:00,24,313,706,54,0.1,32,0.10223642172523961,0.9645892351274787,0.6246458923512748,0.33994334277620397,0.6475770925110133,0.8795325779036828,0.9135977337110481,0.9363314447592068,0.947136563876652,0.28895184135977336,0.623229461756374,0.6260623229461756,0.6317280453257791,0.0
27,2026-06-17 03:00:00+00:00,24,313,706,54,0.25,79,0.2523961661341853,0.9645892351274787,0.386685552407932,0.5779036827195467,0.4008810572687225,0.7703257790368272,0.830028328611898,0.8725920679886685,0.8604992657856094,0.443342776203966,0.38243626062322944,0.3895184135977337,0.39660056657223797,0.0
27,2026-06-17 03:00:00+00:00,24,313,706,54,0.5,157,0.5015974440894568,0.9645892351274787,0.024079320113314446,0.9405099150141643,0.024963289280469897,0.5708215297450425,0.6501416430594901,0.7111189801699717,0.6740088105726872,0.6260623229461756,0.0226628895184136,0.042492917847025496,0.08356940509915015,0.0
28,2026-06-17 04:00:00+00:00,6,123,276,42,0.1,13,0.10569105691056911,0.9637681159420289,0.6340579710144928,0.32971014492753614,0.6578947368421053,0.8297101449275363,0.9003623188405797,0.9311594202898551,0.9342105263157895,0.2663043478260869,0.6340579710144928,0.6340579710144928,0.6340579710144928,0.0
28,2026-06-17 04:00:00+00:00,6,123,276,42,0.25,31,0.25203252032520324,0.9637681159420289,0.34782608695652173,0.6159420289855072,0.3609022556390978,0.6992753623188406,0.7971014492753623,0.8586956521739131,0.8270676691729324,0.4492753623188406,0.322463768115942,0.3333333333333333,0.35144927536231885,0.0
28,2026-06-17 04:00:00+00:00,6,123,276,42,0.5,62,0.5040650406504065,0.9637681159420289,0.036231884057971016,0.9275362318840579,0.03759398496240602,0.45271739130434785,0.5833333333333334,0.6847826086956522,0.605263157894737,0.5471014492753623,0.028985507246376812,0.041666666666666664,0.06159420289855073,0.0
28,2026-06-17 04:00:00+00:00,24,330,729,54,0.1,33,0.1,0.9684499314128944,0.635116598079561,0.33333333333333337,0.6558073654390935,0.886076817558299,0.9176954732510288,0.9410150891632373,0.9475920679886686,0.28257887517146785,0.6323731138545954,0.6364883401920439,0.6433470507544582,0.0
28,2026-06-17 04:00:00+00:00,24,330,729,54,0.25,83,0.2515151515151515,0.9684499314128944,0.39094650205761317,0.5775034293552812,0.40368271954674223,0.7818244170096021,0.8299039780521262,0.8683813443072702,0.8569405099150142,0.43895747599451307,0.38820301783264743,0.3950617283950617,0.401920438957476,0.0
28,2026-06-17 04:00:00+00:00,24,330,729,54,0.5,165,0.5,0.9684499314128944,0.03429355281207133,0.934156378600823,0.03541076487252125,0.5857338820301783,0.6529492455418381,0.7146776406035665,0.6742209631728044,0.6186556927297667,0.03017832647462277,0.05898491083676269,0.1056241426611797,0.0
29,2026-06-17 05:00:00+00:00,6,104,230,42,0.1,11,0.10576923076923077,0.9130434782608695,0.5782608695652174,0.33478260869565213,0.6333333333333334,0.7695652173913043,0.8608695652173913,0.8913043478260869,0.942857142857143,0.28260869565217395,0.5782608695652174,0.5782608695652174,0.5782608695652174,0.0
29,2026-06-17 05:00:00+00:00,6,104,230,42,0.25,26,0.25,0.9130434782608695,0.3391304347826087,0.5739130434782609,0.37142857142857144,0.6432608695652173,0.7608695652173914,0.8304347826086956,0.8333333333333335,0.42173913043478267,0.3347826086956522,0.3391304347826087,0.3521739130434783,0.0
29,2026-06-17 05:00:00+00:00,6,104,230,42,0.5,52,0.5,0.9130434782608695,0.034782608695652174,0.8782608695652173,0.0380952380952381,0.41282608695652173,0.5565217391304348,0.6739130434782609,0.6095238095238096,0.5217391304347826,0.02608695652173913,0.034782608695652174,0.04782608695652174,0.0
29,2026-06-17 05:00:00+00:00,24,338,736,54,0.1,34,0.10059171597633136,0.9660326086956522,0.6372282608695652,0.32880434782608703,0.6596343178621659,0.8858695652173914,0.9157608695652174,0.9402173913043478,0.9479606188466948,0.2785326086956522,0.6290760869565217,0.6372282608695652,0.6440217391304348,0.0
29,2026-06-17 05:00:00+00:00,24,338,736,54,0.25,85,0.2514792899408284,0.9660326086956522,0.3953804347826087,0.5706521739130435,0.4092827004219409,0.7757472826086956,0.8288043478260869,0.8682065217391305,0.8579465541490857,0.4334239130434782,0.3858695652173913,0.3953804347826087,0.40353260869565216,0.0
29,2026-06-17 05:00:00+00:00,24,338,736,54,0.5,169,0.5,0.9660326086956522,0.03260869565217391,0.9334239130434783,0.03375527426160337,0.5800951086956522,0.6508152173913043,0.7119565217391305,0.6736990154711673,0.6182065217391304,0.029891304347826088,0.06521739130434782,0.10869565217391304,0.0
30,2026-06-17 06:00:00+00:00,6,98,217,43,0.1,10,0.10204081632653061,0.9262672811059908,0.5944700460829493,0.3317972350230415,0.6417910447761194,0.7649769585253456,0.8663594470046083,0.9032258064516129,0.9353233830845772,0.27188940092165903,0.576036866359447,0.5944700460829493,0.5944700460829493,0.0
30,2026-06-17 06:00:00+00:00,6,98,217,43,0.25,25,0.25510204081632654,0.9262672811059908,0.35944700460829493,0.5668202764976958,0.3880597014925373,0.6267281105990783,0.7603686635944701,0.8294930875576036,0.8208955223880597,0.40092165898617516,0.3317972350230415,0.35023041474654376,0.3778801843317972,0.0
30,2026-06-17 06:00:00+00:00,6,98,217,43,0.5,49,0.5,0.9262672811059908,0.03686635944700461,0.8894009216589862,0.03980099502487562,0.391705069124424,0.5506912442396313,0.6820276497695853,0.5945273631840796,0.5138248847926268,0.027649769585253458,0.03686635944700461,0.059907834101382486,0.0
30,2026-06-17 06:00:00+00:00,24,343,742,54,0.1,35,0.10204081632653061,0.9663072776280324,0.6347708894878706,0.33153638814016173,0.6569037656903766,0.8840970350404312,0.9150943396226415,0.9393530997304582,0.9470013947001394,0.2803234501347709,0.628032345013477,0.6361185983827493,0.6428571428571429,0.0
30,2026-06-17 06:00:00+00:00,24,343,742,54,0.25,86,0.25072886297376096,0.9663072776280324,0.40700808625336926,0.5592991913746631,0.4211994421199442,0.780256064690027,0.8288409703504043,0.8692722371967655,0.8577405857740585,0.421832884097035,0.3975741239892183,0.40700808625336926,0.41509433962264153,0.0
30,2026-06-17 06:00:00+00:00,24,343,742,54,0.5,172,0.5014577259475219,0.9663072776280324,0.03773584905660377,0.9285714285714286,0.03905160390516039,0.587533692722372,0.6509433962264151,0.7115902964959568,0.6736401673640167,0.6132075471698113,0.03497304582210243,0.06873315363881402,0.11725067385444744,0.0
31,2026-06-17 07:00:00+00:00,6,92,209,37,0.1,10,0.10869565217391304,0.9186602870813397,0.5789473684210527,0.3397129186602871,0.6302083333333334,0.7509569377990432,0.861244019138756,0.8947368421052632,0.9375,0.2822966507177034,0.5789473684210527,0.5789473684210527,0.5789473684210527,0.0
31,2026-06-17 07:00:00+00:00,6,92,209,37,0.25,23,0.25,0.9186602870813397,0.37799043062200954,0.5406698564593302,0.4114583333333333,0.640909090909091,0.7607655502392344,0.8325358851674641,0.828125,0.3827751196172249,0.3684210526315789,0.37799043062200954,0.3923444976076555,0.0
31,2026-06-17 07:00:00+00:00,6,92,209,37,0.5,46,0.5,0.9186602870813397,0.07655502392344497,0.8421052631578948,0.08333333333333333,0.41626794258373206,0.5550239234449761,0.6746411483253588,0.6041666666666666,0.4784688995215311,0.03827751196172249,0.07177033492822966,0.11004784688995216,0.0
31,2026-06-17 07:00:00+00:00,24,350,755,54,0.1,35,0.1,0.9642384105960264,0.6397350993377483,0.32450331125827814,0.6634615384615384,0.8834437086092716,0.9152317880794701,0.9364238410596026,0.9491758241758241,0.27549668874172184,0.633112582781457,0.6397350993377483,0.6476821192052981,0.0
31,2026-06-17 07:00:00+00:00,24,350,755,54,0.25,88,0.25142857142857145,0.9642384105960264,0.40927152317880794,0.5549668874172184,0.42445054945054944,0.780066225165563,0.8278145695364238,0.867615894039735,0.8585164835164836,0.4185430463576159,0.4013245033112583,0.40927152317880794,0.41721854304635764,0.0
31,2026-06-17 07:00:00+00:00,24,350,755,54,0.5,175,0.5,0.9642384105960264,0.06887417218543046,0.895364238410596,0.07142857142857142,0.5839735099337748,0.6503311258278146,0.7072847682119205,0.6744505494505495,0.5814569536423841,0.047549668874172196,0.09006622516556291,0.13245033112582782,0.0
32,2026-06-17 08:00:00+00:00,6,81,167,21,0.1,9,0.1111111111111111,0.9101796407185628,0.6826347305389222,0.22754491017964062,0.7500000000000001,0.7904191616766467,0.844311377245509,0.874251497005988,0.9276315789473685,0.16167664670658677,0.6407185628742516,0.6826347305389222,0.6946107784431138,0.0
32,2026-06-17 08:00:00+00:00,6,81,167,21,0.25,21,0.25925925925925924,0.9101796407185628,0.437125748502994,0.4730538922155688,0.4802631578947369,0.6646706586826348,0.7365269461077845,0.7964071856287425,0.8092105263157895,0.29940119760479045,0.38323353293413176,0.4311377245508982,0.46706586826347307,0.0
32,2026-06-17 08:00:00+00:00,6,81,167,21,0.5,41,0.5061728395061729,0.9101796407185628,0.04790419161676647,0.8622754491017963,0.052631578947368425,0.4311377245508982,0.5329341317365269,0.6227544910179641,0.5855263157894737,0.48502994011976047,0.04790419161676647,0.04790419161676647,0.059880239520958084,0.0
32,2026-06-17 08:00:00+00:00,24,358,767,54,0.1,36,0.1005586592178771,0.9647979139504563,0.6375488917861799,0.3272490221642764,0.6608108108108108,0.8825945241199478,0.9152542372881356,0.9361147327249022,0.9486486486486486,0.2777053455019557,0.6297262059973925,0.6375488917861799,0.6440677966101694,0.0
32,2026-06-17 08:00:00+00:00,24,358,767,54,0.25,90,0.25139664804469275,0.9647979139504563,0.40808344198174706,0.5567144719687093,0.422972972972973,0.7796610169491526,0.8279009126466753,0.8670143415906127,0.858108108108108,0.41981747066492825,0.39765319426336376,0.4067796610169492,0.4132985658409387,0.0
32,2026-06-17 08:00:00+00:00,24,358,767,54,0.5,179,0.5,0.9647979139504563,0.035202086049543675,0.9295958279009127,0.03648648648648648,0.5867014341590613,0.6505867014341591,0.7144719687092569,0.6743243243243243,0.6153846153846154,0.027379400260756193,0.04563233376792699,0.09647979139504563,0.0
33,2026-06-17 09:00:00+00:00,6,62,127,17,0.1,7,0.11290322580645161,0.905511811023622,0.5984251968503937,0.30708661417322825,0.6608695652173914,0.7401574803149606,0.8346456692913385,0.8661417322834646,0.9217391304347826,0.2362204724409448,0.5984251968503937,0.5984251968503937,0.5984251968503937,0.0
33,2026-06-17 09:00:00+00:00,6,62,127,17,0.25,16,0.25806451612903225,0.905511811023622,0.3543307086614173,0.5511811023622046,0.391304347826087,0.6137795275590552,0.7165354330708661,0.7874015748031497,0.7913043478260869,0.3622047244094488,0.33858267716535434,0.3543307086614173,0.36220472440944884,0.0
33,2026-06-17 09:00:00+00:00,6,62,127,17,0.5,31,0.5,0.905511811023622,0.047244094488188976,0.858267716535433,0.052173913043478265,0.33858267716535434,0.4881889763779528,0.598818897637795,0.5391304347826088,0.4409448818897638,0.03937007874015748,0.047244094488188976,0.047244094488188976,0.0
33,2026-06-17 09:00:00+00:00,24,359,770,54,0.1,36,0.10027855153203342,0.9714285714285714,0.6519480519480519,0.3194805194805195,0.6711229946524064,0.8934415584415584,0.922077922077922,0.9428571428571428,0.9491978609625669,0.2701298701298701,0.6350649350649351,0.6480519480519481,0.6559090909090909,0.0
33,2026-06-17 09:00:00+00:00,24,359,770,54,0.25,90,0.25069637883008355,0.9714285714285714,0.42077922077922075,0.5506493506493506,0.4331550802139037,0.787012987012987,0.8350649350649351,0.8714285714285714,0.8596256684491979,0.4142857142857143,0.41032467532467537,0.41818181818181815,0.42467532467532465,0.0
33,2026-06-17 09:00:00+00:00,24,359,770,54,0.5,180,0.5013927576601671,0.9714285714285714,0.03116883116883117,0.9402597402597402,0.03208556149732621,0.5792207792207792,0.6512987012987013,0.7142857142857143,0.6704545454545454,0.6201298701298701,0.024675324675324677,0.046753246753246755,0.09220779220779221,0.0
34,2026-06-17 10:00:00+00:00,6,49,105,22,0.1,5,0.10204081632653061,0.8,0.45714285714285713,0.3428571428571429,0.5714285714285714,0.5804761904761906,0.7428571428571429,0.780952380952381,0.9285714285714286,0.28571428571428575,0.45714285714285713,0.45714285714285713,0.45714285714285713,0.0
34,2026-06-17 10:00:00+00:00,6,49,105,22,0.25,13,0.2653061224489796,0.8,0.06666666666666667,0.7333333333333334,0.08333333333333333,0.40904761904761905,0.6190476190476191,0.6952380952380952,0.7738095238095238,0.5523809523809524,0.05714285714285714,0.08571428571428572,0.10476190476190476,0.0
34,2026-06-17 10:00:00+00:00,6,49,105,22,0.5,25,0.5102040816326531,0.8,0.02857142857142857,0.7714285714285715,0.03571428571428571,0.1523809523809524,0.3857142857142857,0.5523809523809524,0.4821428571428571,0.3571428571428571,0.02857142857142857,0.0380952380952381,0.0380952380952381,0.0
34,2026-06-17 10:00:00+00:00,24,357,770,54,0.1,36,0.10084033613445378,0.9688311688311688,0.6506493506493507,0.3181818181818181,0.6715817694369974,0.8883116883116883,0.9168831168831169,0.938961038961039,0.9463806970509383,0.26623376623376616,0.6337662337662338,0.6454545454545455,0.6571428571428571,0.0
34,2026-06-17 10:00:00+00:00,24,357,770,54,0.25,90,0.25210084033613445,0.9688311688311688,0.42207792207792205,0.5467532467532468,0.43565683646112596,0.7791558441558442,0.8285714285714286,0.8688311688311688,0.8552278820375335,0.4064935064935066,0.4077922077922078,0.41948051948051945,0.42474025974025964,0.0
34,2026-06-17 10:00:00+00:00,24,357,770,54,0.5,179,0.5014005602240896,0.9688311688311688,0.02987012987012987,0.938961038961039,0.030831099195710455,0.5869480519480519,0.6493506493506493,0.7064935064935065,0.6702412868632708,0.6194805194805195,0.02727272727272727,0.05519480519480519,0.10006493506493501,0.0
35,2026-06-17 11:00:00+00:00,6,45,95,22,0.1,5,0.1111111111111111,0.7789473684210526,0.28421052631578947,0.49473684210526314,0.36486486486486486,0.49473684210526314,0.7157894736842105,0.7578947368421053,0.918918918918919,0.43157894736842106,0.16842105263157894,0.28421052631578947,0.3894736842105263,0.0
35,2026-06-17 11:00:00+00:00,6,45,95,22,0.25,12,0.26666666666666666,0.7789473684210526,0.06315789473684211,0.7157894736842105,0.08108108108108109,0.28421052631578947,0.5894736842105263,0.6842105263157895,0.7567567567567567,0.5263157894736842,0.06315789473684211,0.09473684210526316,0.09473684210526316,0.0
35,2026-06-17 11:00:00+00:00,6,45,95,22,0.5,23,0.5111111111111111,0.7789473684210526,0.031578947368421054,0.7473684210526316,0.04054054054054054,0.09473684210526316,0.31052631578947365,0.5368421052631579,0.39864864864864863,0.2789473684210526,0.031578947368421054,0.042105263157894736,0.042105263157894736,0.0
35,2026-06-17 11:00:00+00:00,24,354,763,54,0.1,36,0.1016949152542373,0.9685452162516383,0.672346002621232,0.29619921363040624,0.6941813261163735,0.8859764089121888,0.9161205766710354,0.9384010484927916,0.945872801082544,0.2437745740498034,0.6422018348623854,0.653997378768021,0.6684141546526867,0.0
35,2026-06-17 11:00:00+00:00,24,354,763,54,0.25,89,0.2514124293785311,0.9685452162516383,0.418086500655308,0.5504587155963303,0.4316644113667118,0.7876146788990825,0.8283093053735255,0.8650065530799476,0.8552097428958051,0.41022280471821754,0.40629095674967236,0.41415465268676277,0.42070773263433814,0.0
35,2026-06-17 11:00:00+00:00,24,354,763,54,0.5,177,0.5,0.9685452162516383,0.07601572739187418,0.8925294888597641,0.07848443843031123,0.5897771952817824,0.6487549148099607,0.7064875491480995,0.6698240866035183,0.5727391874180865,0.027522935779816515,0.057667103538663174,0.10615989515072084,0.0
36,2026-06-17 12:00:00+00:00,6,41,86,22,0.1,5,0.12195121951219512,0.813953488372093,0.29069767441860467,0.5232558139534884,0.35714285714285715,0.4069767441860465,0.7441860465116279,0.7906976744186046,0.9142857142857143,0.45348837209302323,0.19767441860465115,0.2558139534883721,0.29069767441860467,0.034
36,2026-06-17 12:00:00+00:00,6,41,86,22,0.25,11,0.2682926829268293,0.813953488372093,0.09302325581395349,0.7209302325581395,0.11428571428571428,0.22034883720930237,0.6395348837209303,0.7209302325581395,0.7857142857142857,0.5465116279069768,0.06976744186046512,0.09302325581395349,0.12790697674418605,0.0
36,2026-06-17 12:00:00+00:00,6,41,86,22,0.5,21,0.5121951219512195,0.813953488372093,0.05813953488372093,0.7558139534883721,0.07142857142857142,0.09302325581395349,0.37790697674418605,0.5819767441860461,0.4642857142857143,0.31976744186046513,0.03488372093023256,0.05813953488372093,0.06976744186046512,0.0
36,2026-06-17 12:00:00+00:00,24,350,759,54,0.1,35,0.1,0.9657444005270093,0.6719367588932806,0.29380764163372863,0.6957708049113233,0.8852437417654809,0.9156785243741765,0.9367588932806324,0.9481582537517053,0.24374176548089588,0.6627140974967062,0.6693017127799736,0.6772068511198946,0.0
36,2026-06-17 12:00:00+00:00,24,350,759,54,0.25,88,0.25142857142857145,0.9657444005270093,0.4176548089591568,0.5480895915678525,0.4324693042291951,0.7733860342555995,0.8208168642951251,0.8591567852437416,0.849931787175989,0.40316205533596833,0.4057971014492754,0.4137022397891963,0.4189723320158103,0.0
36,2026-06-17 12:00:00+00:00,24,350,759,54,0.5,175,0.5,0.9657444005270093,0.06851119894598155,0.8972332015810277,0.0709413369713506,0.5770092226613965,0.6416337285902504,0.6970355731225296,0.6643929058663028,0.5731225296442688,0.027536231884057977,0.054677206851119896,0.10013175230566534,0.0
37,2026-06-17 13:00:00+00:00,6,31,77,20,0.1,4,0.12903225806451613,0.7532467532467533,0.09090909090909091,0.6623376623376623,0.1206896551724138,0.35064935064935066,0.7012987012987013,0.7402597402597403,0.9310344827586207,0.6103896103896104,0.09090909090909091,0.09090909090909091,0.09090909090909091,0.0
37,2026-06-17 13:00:00+00:00,6,31,77,20,0.25,8,0.25806451612903225,0.7532467532467533,0.06493506493506493,0.6883116883116883,0.08620689655172413,0.18181818181818182,0.5714285714285714,0.7012987012987013,0.7586206896551724,0.5064935064935064,0.06493506493506493,0.06493506493506493,0.06493506493506493,0.0
37,2026-06-17 13:00:00+00:00,6,31,77,20,0.5,16,0.5161290322580645,0.7532467532467533,0.03896103896103896,0.7142857142857143,0.05172413793103448,0.09090909090909091,0.2987012987012987,0.5720779220779214,0.396551724137931,0.2597402597402597,0.03896103896103896,0.03896103896103896,0.03896103896103896,0.0
37,2026-06-17 13:00:00+00:00,24,346,759,54,0.1,35,0.10115606936416185,0.9617918313570487,0.6745718050065876,0.28722002635046107,0.7013698630136986,0.8774703557312253,0.9117259552042161,0.9314888010540184,0.947945205479452,0.23715415019762842,0.6533596837944664,0.6613965744400527,0.6719367588932806,0.0
37,2026-06-17 13:00:00+00:00,24,346,759,54,0.25,87,0.2514450867052023,0.9617918313570487,0.40843214756258234,0.5533596837944663,0.4246575342465754,0.7680500658761528,0.8221343873517787,0.8590250329380764,0.8547945205479452,0.41370223978919635,0.4005270092226614,0.40843214756258234,0.41238471673254284,0.0
37,2026-06-17 13:00:00+00:00,24,346,759,54,0.5,173,0.5,0.9617918313570487,0.07905138339920949,0.8827404479578392,0.08219178082191782,0.5744400527009222,0.6416337285902504,0.6996706192358365,0.667123287671233,0.5625823451910409,0.03557312252964427,0.07246376811594203,0.11594202898550725,0.0
38,2026-06-17 14:00:00+00:00,6,17,50,14,0.1,2,0.11764705882352941,0.76,0.26,0.5,0.34210526315789475,0.38,0.72,0.76,0.9473684210526315,0.45999999999999996,0.26,0.26,0.26,0.016
38,2026-06-17 14:00:00+00:00,6,17,50,14,0.25,5,0.29411764705882354,0.76,0.08,0.68,0.10526315789473684,0.22,0.54,0.72,0.7105263157894737,0.46,0.08,0.1,0.12,0.0
38,2026-06-17 14:00:00+00:00,6,17,50,14,0.5,9,0.5294117647058824,0.76,0.06,0.7,0.07894736842105263,0.12,0.3,0.62,0.39473684210526316,0.24,0.06,0.06,0.06,0.002
38,2026-06-17 14:00:00+00:00,24,346,761,54,0.1,35,0.10115606936416185,0.961892247043364,0.6741130091984231,0.28777923784494086,0.7008196721311475,0.8802890932982916,0.9106438896189225,0.9317345597897503,0.9467213114754099,0.2365308804204994,0.6622864651773982,0.668856767411301,0.6741130091984231,0.0
38,2026-06-17 14:00:00+00:00,24,346,761,54,0.25,87,0.2514450867052023,0.961892247043364,0.4073587385019711,0.5545335085413929,0.42349726775956287,0.7766097240473062,0.8212877792378449,0.859395532194481,0.8538251366120219,0.41392904073587383,0.39947437582128775,0.4073587385019711,0.41130091984231276,0.0
38,2026-06-17 14:00:00+00:00,24,346,761,54,0.5,173,0.5,0.961892247043364,0.07752956636005257,0.8843626806833114,0.08060109289617487,0.5716162943495401,0.6399474375821288,0.7004599211563731,0.6653005464480874,0.5624178712220762,0.03278580814717477,0.0683311432325887,0.11176084099868587,0.0
39,2026-06-17 15:00:00+00:00,6,10,31,8,0.1,1,0.1,0.45161290322580644,0.3225806451612903,0.12903225806451613,0.7142857142857143,0.3225806451612903,0.45161290322580644,0.45161290322580644,1.0,0.12903225806451613,0.3225806451612903,0.3225806451612903,0.3225806451612903,0.192
39,2026-06-17 15:00:00+00:00,6,10,31,8,0.25,3,0.3,0.45161290322580644,0.3225806451612903,0.12903225806451613,0.7142857142857143,0.2903225806451613,0.3225806451612903,0.45161290322580644,0.7142857142857143,0.0,0.3225806451612903,0.3225806451612903,0.3225806451612903,0.544
39,2026-06-17 15:00:00+00:00,6,10,31,8,0.5,5,0.5,0.45161290322580644,0.2903225806451613,0.16129032258064513,0.6428571428571429,0.1935483870967742,0.3225806451612903,0.41935483870967744,0.7142857142857143,0.032258064516129004,0.16129032258064516,0.22580645161290322,0.2903225806451613,0.466
39,2026-06-17 15:00:00+00:00,24,346,760,54,0.1,35,0.10115606936416185,0.9618421052631579,0.6736842105263158,0.28815789473684217,0.7004103967168263,0.8776315789473684,0.9098684210526315,0.9316447368421052,0.9459644322845416,0.23618421052631577,0.6630921052631579,0.6684210526315789,0.6723684210526316,0.0
39,2026-06-17 15:00:00+00:00,24,346,760,54,0.25,87,0.2514450867052023,0.9618421052631579,0.40789473684210525,0.5539473684210527,0.42407660738714087,0.77625,0.8210526315789474,0.8579605263157895,0.853625170998632,0.4131578947368421,0.40131578947368424,0.40789473684210525,0.4118421052631579,0.0
39,2026-06-17 15:00:00+00:00,24,346,760,54,0.5,173,0.5,0.9618421052631579,0.07763157894736843,0.8842105263157896,0.08071135430916553,0.5697368421052632,0.6381578947368421,0.7013157894736842,0.6634746922024624,0.5605263157894738,0.034210526315789476,0.075,0.11710526315789474,0.0
40,2026-06-17 16:00:00+00:00,6,7,22,8,0.1,1,0.14285714285714285,0.45454545454545453,0.3181818181818182,0.13636363636363635,0.7000000000000001,0.3181818181818182,0.45454545454545453,0.45454545454545453,1.0,0.13636363636363635,0.3181818181818182,0.3181818181818182,0.3181818181818182,0.138
40,2026-06-17 16:00:00+00:00,6,7,22,8,0.25,2,0.2857142857142857,0.45454545454545453,0.3181818181818182,0.13636363636363635,0.7000000000000001,0.3181818181818182,0.4090909090909091,0.45454545454545453,0.9000000000000001,0.09090909090909094,0.3181818181818182,0.3181818181818182,0.3181818181818182,0.258
40,2026-06-17 16:00:00+00:00,6,7,22,8,0.5,4,0.5714285714285714,0.45454545454545453,0.13636363636363635,0.3181818181818182,0.3,0.13636363636363635,0.3181818181818182,0.4090909090909091,0.7000000000000001,0.18181818181818182,0.13636363636363635,0.13636363636363635,0.22727272727272727,0.062
40,2026-06-17 16:00:00+00:00,24,347,760,54,0.1,35,0.10086455331412104,0.9657894736842105,0.675,0.2907894736842105,0.6989100817438693,0.8842105263157894,0.9144736842105263,0.9342105263157895,0.946866485013624,0.23947368421052628,0.6657894736842105,0.6723684210526316,0.675,0.0
40,2026-06-17 16:00:00+00:00,24,347,760,54,0.25,87,0.2507204610951009,0.9657894736842105,0.4236842105263158,0.5421052631578948,0.43869209809264303,0.7789473684210526,0.8236842105263158,0.8644736842105263,0.8528610354223434,0.4,0.41578947368421054,0.42236842105263156,0.4276315789473684,0.0
40,2026-06-17 16:00:00+00:00,24,347,760,54,0.5,174,0.5014409221902018,0.9657894736842105,0.07763157894736843,0.8881578947368421,0.08038147138964578,0.5776315789473684,0.6407894736842106,0.6986842105263158,0.6634877384196186,0.5631578947368422,0.03684210526315789,0.07631578947368421,0.11578947368421053,0.0
41,2026-06-17 17:00:00+00:00,6,20,50,10,0.1,2,0.1,0.26,0.22,0.04000000000000001,0.8461538461538461,0.22,0.26,0.26,1.0,0.04000000000000001,0.22,0.22,0.22,0.27
41,2026-06-17 17:00:00+00:00,6,20,50,10,0.25,5,0.25,0.26,0.1,0.16,0.38461538461538464,0.2,0.22,0.26,0.8461538461538461,0.12,0.1,0.1,0.1,0.0
41,2026-06-17 17:00:00+00:00,6,20,50,10,0.5,10,0.5,0.26,0.06,0.2,0.23076923076923075,0.1,0.2,0.24,0.7692307692307693,0.14,0.06,0.06,0.06,0.002
41,2026-06-17 17:00:00+00:00,24,358,785,54,0.1,36,0.1005586592178771,0.9681528662420382,0.6764331210191082,0.29171974522293,0.6986842105263158,0.8840127388535032,0.9146496815286624,0.935031847133758,0.9447368421052632,0.2382165605095542,0.6675159235668789,0.6738853503184713,0.6789808917197452,0.0
41,2026-06-17 17:00:00+00:00,24,358,785,54,0.25,90,0.25139664804469275,0.9681528662420382,0.4063694267515924,0.5617834394904458,0.4197368421052632,0.7770700636942676,0.8229299363057325,0.8598726114649682,0.8500000000000001,0.41656050955414015,0.4,0.40764331210191085,0.41273885350318473,0.0
41,2026-06-17 17:00:00+00:00,24,358,785,54,0.5,179,0.5,0.9681528662420382,0.06369426751592357,0.9044585987261147,0.06578947368421052,0.575796178343949,0.6369426751592356,0.6968152866242038,0.6578947368421052,0.5732484076433121,0.034394904458598725,0.06624203821656051,0.11082802547770701,0.0
42,2026-06-17 18:00:00+00:00,6,24,68,16,0.1,3,0.125,0.23529411764705882,0.10294117647058823,0.1323529411764706,0.4375,0.19117647058823528,0.23529411764705882,0.23529411764705882,1.0,0.1323529411764706,0.10294117647058823,0.10294117647058823,0.10294117647058823,0.002
42,2026-06-17 18:00:00+00:00,6,24,68,16,0.25,6,0.25,0.23529411764705882,0.058823529411764705,0.1764705882352941,0.25,0.14705882352941177,0.23529411764705882,0.23529411764705882,1.0,0.1764705882352941,0.058823529411764705,0.058823529411764705,0.07352941176470588,0.0
42,2026-06-17 18:00:00+00:00,6,24,68,16,0.5,12,0.5,0.23529411764705882,0.058823529411764705,0.1764705882352941,0.25,0.08823529411764706,0.23529411764705882,0.23529411764705882,1.0,0.1764705882352941,0.04411764705882353,0.058823529411764705,0.058823529411764705,0.024
42,2026-06-17 18:00:00+00:00,24,363,795,54,0.1,37,0.10192837465564739,0.9723270440251572,0.6742138364779874,0.29811320754716986,0.6934023285899094,0.8879874213836478,0.9169811320754717,0.939622641509434,0.943078913324709,0.24276729559748433,0.6742138364779874,0.6742138364779874,0.6742138364779874,0.0
42,2026-06-17 18:00:00+00:00,24,363,795,54,0.25,91,0.25068870523415976,0.9723270440251572,0.41132075471698115,0.5610062893081761,0.4230271668822769,0.7835849056603774,0.8238993710691824,0.8654088050314466,0.8473479948253558,0.4125786163522013,0.4025157232704403,0.410062893081761,0.41635220125786165,0.0
42,2026-06-17 18:00:00+00:00,24,363,795,54,0.5,182,0.5013774104683195,0.9723270440251572,0.05786163522012579,0.9144654088050315,0.059508408796895215,0.5772955974842767,0.6389937106918239,0.6993710691823899,0.6571798188874515,0.5811320754716981,0.03270440251572327,0.06666666666666667,0.10823899371069177,0.0
43,2026-06-17 19:00:00+00:00,6,26,75,18,0.1,3,0.11538461538461539,0.25333333333333335,0.13333333333333333,0.12000000000000002,0.5263157894736842,0.18666666666666668,0.25333333333333335,0.25333333333333335,1.0,0.12000000000000002,0.13333333333333333,0.13333333333333333,0.13333333333333333,0.014
43,2026-06-17 19:00:00+00:00,6,26,75,18,0.25,7,0.2692307692307692,0.25333333333333335,0.06666666666666667,0.1866666666666667,0.2631578947368421,0.13333333333333333,0.25333333333333335,0.25333333333333335,1.0,0.1866666666666667,0.05333333333333334,0.06666666666666667,0.06666666666666667,0.0
43,2026-06-17 19:00:00+00:00,6,26,75,18,0.5,13,0.5,0.25333333333333335,0.05333333333333334,0.2,0.21052631578947367,0.09333333333333334,0.2,0.25333333333333335,0.7894736842105263,0.14666666666666667,0.04,0.05333333333333334,0.05333333333333334,0.002
43,2026-06-17 19:00:00+00:00,24,346,750,54,0.1,35,0.10115606936416185,0.9706666666666667,0.6866666666666666,0.28400000000000003,0.7074175824175823,0.8919333333333334,0.9173333333333333,0.9386666666666666,0.945054945054945,0.2306666666666667,0.6745333333333333,0.68,0.6866666666666666,0.0
43,2026-06-17 19:00:00+00:00,24,346,750,54,0.25,87,0.2514450867052023,0.9706666666666667,0.44,0.5306666666666666,0.4532967032967033,0.7773333333333333,0.8266666666666667,0.8653333333333333,0.8516483516483516,0.38666666666666666,0.44,0.44,0.44,0.0
43,2026-06-17 19:00:00+00:00,24,346,750,54,0.5,173,0.5,0.9706666666666667,0.088,0.8826666666666667,0.09065934065934066,0.5813333333333334,0.6466666666666666,0.6987333333333333,0.6662087912087912,0.5586666666666666,0.026600000000000006,0.052,0.09073333333333328,0.0
44,2026-06-17 20:00:00+00:00,6,31,80,19,0.1,4,0.12903225806451613,0.25,0.2375,0.012500000000000011,0.95,0.2125,0.25,0.25,1.0,0.012500000000000011,0.125,0.2375,0.2375,0.256
44,2026-06-17 20:00:00+00:00,6,31,80,19,0.25,8,0.25806451612903225,0.25,0.0625,0.1875,0.25,0.15,0.25,0.25,1.0,0.1875,0.05,0.05,0.0625,0.0
44,2026-06-17 20:00:00+00:00,6,31,80,19,0.5,16,0.5161290322580645,0.25,0.0375,0.2125,0.15,0.0875,0.2,0.25,0.8,0.1625,0.0375,0.0375,0.05,0.0
44,2026-06-17 20:00:00+00:00,24,300,590,54,0.1,30,0.1,0.9610169491525423,0.6847457627118644,0.27627118644067794,0.7125220458553791,0.8728813559322034,0.9059322033898305,0.9288135593220339,0.9426807760141094,0.2211864406779661,0.6847457627118644,0.6915254237288135,0.6949152542372882,0.0
44,2026-06-17 20:00:00+00:00,24,300,590,54,0.25,75,0.25,0.9610169491525423,0.4576271186440678,0.5033898305084745,0.4761904761904762,0.7559322033898305,0.8084745762711865,0.8508474576271187,0.8412698412698414,0.35084745762711866,0.4541525423728814,0.46440677966101696,0.47627118644067795,0.0
44,2026-06-17 20:00:00+00:00,24,300,590,54,0.5,150,0.5,0.9610169491525423,0.03728813559322034,0.923728813559322,0.03880070546737214,0.5473728813559322,0.6220338983050847,0.6864406779661016,0.6472663139329806,0.5847457627118644,0.020338983050847456,0.03220338983050847,0.052627118644067716,0.0
45,2026-06-17 21:00:00+00:00,6,33,84,19,0.1,4,0.12121212121212122,0.2857142857142857,0.13095238095238096,0.15476190476190474,0.45833333333333337,0.2261904761904762,0.25,0.2857142857142857,0.875,0.11904761904761904,0.13095238095238096,0.13095238095238096,0.13095238095238096,0.0
45,2026-06-17 21:00:00+00:00,6,33,84,19,0.25,9,0.2727272727272727,0.2857142857142857,0.08333333333333333,0.20238095238095238,0.2916666666666667,0.15476190476190477,0.23809523809523808,0.2619047619047619,0.8333333333333334,0.15476190476190477,0.08333333333333333,0.08333333333333333,0.08333333333333333,0.0
45,2026-06-17 21:00:00+00:00,6,33,84,19,0.5,17,0.5151515151515151,0.2857142857142857,0.03571428571428571,0.25,0.125,0.07142857142857142,0.2261904761904762,0.23809523809523808,0.7916666666666667,0.19047619047619047,0.03571428571428571,0.047619047619047616,0.047619047619047616,0.0
45,2026-06-17 21:00:00+00:00,24,255,504,44,0.1,26,0.10196078431372549,0.9424603174603174,0.6805555555555556,0.26190476190476186,0.7221052631578948,0.8432539682539683,0.8869047619047619,0.9087301587301587,0.9410526315789474,0.20634920634920628,0.6805555555555556,0.6805555555555556,0.6865079365079365,0.0
45,2026-06-17 21:00:00+00:00,24,255,504,44,0.25,64,0.25098039215686274,0.9424603174603174,0.45634920634920634,0.4861111111111111,0.4842105263157895,0.7300595238095238,0.7916666666666666,0.8354166666666666,0.84,0.3353174603174603,0.4603174603174603,0.47619047619047616,0.4880952380952381,0.0
45,2026-06-17 21:00:00+00:00,24,255,504,44,0.5,128,0.5019607843137255,0.9424603174603174,0.027777777777777776,0.9146825396825397,0.029473684210526315,0.5257936507936508,0.6011904761904762,0.6765873015873016,0.6378947368421053,0.5734126984126984,0.025793650793650792,0.04365079365079365,0.08333333333333333,0.0
46,2026-06-17 22:00:00+00:00,6,32,85,19,0.1,4,0.125,0.24705882352941178,0.12941176470588237,0.11764705882352941,0.5238095238095238,0.23529411764705882,0.24705882352941178,0.24705882352941178,1.0,0.11764705882352941,0.12941176470588237,0.12941176470588237,0.12941176470588237,0.024
46,2026-06-17 22:00:00+00:00,6,32,85,19,0.25,8,0.25,0.24705882352941178,0.07058823529411765,0.17647058823529413,0.2857142857142857,0.12941176470588237,0.23529411764705882,0.24705882352941178,0.9523809523809523,0.16470588235294117,0.07058823529411765,0.07058823529411765,0.07058823529411765,0.0
46,2026-06-17 22:00:00+00:00,6,32,85,19,0.5,16,0.5,0.24705882352941178,0.03529411764705882,0.21176470588235297,0.14285714285714285,0.09411764705882353,0.2235294117647059,0.24705882352941178,0.9047619047619048,0.18823529411764706,0.03529411764705882,0.03529411764705882,0.03529411764705882,0.0
46,2026-06-17 22:00:00+00:00,24,204,424,44,0.1,21,0.10294117647058823,0.9504716981132075,0.660377358490566,0.29009433962264153,0.6947890818858561,0.8443396226415094,0.8891509433962265,0.9128537735849055,0.935483870967742,0.22877358490566047,0.6485849056603774,0.6556603773584906,0.660377358490566,0.0
46,2026-06-17 22:00:00+00:00,24,204,424,44,0.25,51,0.25,0.9504716981132075,0.39858490566037735,0.5518867924528301,0.41935483870967744,0.7167452830188679,0.7830188679245284,0.8325471698113207,0.8238213399503723,0.384433962264151,0.39858490566037735,0.4268867924528302,0.45047169811320753,0.0
46,2026-06-17 22:00:00+00:00,24,204,424,44,0.5,102,0.5,0.9504716981132075,0.04716981132075472,0.9033018867924528,0.04962779156327544,0.49764150943396224,0.5825471698113207,0.6580188679245284,0.6129032258064516,0.535377358490566,0.030660377358490566,0.04245283018867924,0.07783018867924528,0.0
47,2026-06-17 23:00:00+00:00,6,21,52,13,0.1,3,0.14285714285714285,0.5384615384615384,0.3269230769230769,0.2115384615384615,0.6071428571428572,0.3076923076923077,0.4807692307692308,0.5384615384615384,0.8928571428571429,0.15384615384615385,0.3269230769230769,0.3269230769230769,0.3269230769230769,0.086
47,2026-06-17 23:00:00+00:00,6,21,52,13,0.25,6,0.2857142857142857,0.5384615384615384,0.09615384615384616,0.4423076923076923,0.1785714285714286,0.2692307692307692,0.40384615384615385,0.5192307692307693,0.75,0.3076923076923077,0.09615384615384616,0.09615384615384616,0.09615384615384616,0.0
47,2026-06-17 23:00:00+00:00,6,21,52,13,0.5,11,0.5238095238095238,0.5384615384615384,0.038461538461538464,0.5,0.07142857142857144,0.1346153846153846,0.28846153846153844,0.4230769230769231,0.5357142857142857,0.24999999999999997,0.038461538461538464,0.038461538461538464,0.038461538461538464,0.0
47,2026-06-17 23:00:00+00:00,24,176,377,44,0.1,18,0.10227272727272728,0.9283819628647215,0.6259946949602122,0.3023872679045093,0.6742857142857143,0.8194960212201591,0.870026525198939,0.896551724137931,0.937142857142857,0.24403183023872677,0.6259946949602122,0.6259946949602122,0.6259946949602122,0.0
47,2026-06-17 23:00:00+00:00,24,176,377,44,0.25,44,0.25,0.9283819628647215,0.3925729442970822,0.5358090185676393,0.4228571428571428,0.6896551724137931,0.7679045092838197,0.8222811671087533,0.8271428571428572,0.3753315649867375,0.3793103448275862,0.40318302387267907,0.4217506631299735,0.0
47,2026-06-17 23:00:00+00:00,24,176,377,44,0.5,88,0.5,0.9283819628647215,0.03183023872679045,0.896551724137931,0.03428571428571429,0.46949602122015915,0.5676392572944297,0.6578249336870027,0.6114285714285713,0.5358090185676392,0.029177718832891247,0.034482758620689655,0.06631299734748011,0.0
48,2026-06-18 00:00:00+00:00,6,16,39,9,0.1,2,0.125,0.9487179487179487,0.5384615384615384,0.41025641025641024,0.5675675675675675,0.48717948717948717,0.8461538461538461,0.9487179487179487,0.8918918918918919,0.3076923076923077,0.48717948717948717,0.5384615384615384,0.5384615384615384,0.138
48,2026-06-18 00:00:00+00:00,6,16,39,9,0.25,4,0.25,0.9487179487179487,0.20512820512820512,0.7435897435897436,0.21621621621621623,0.3333333333333333,0.6153846153846154,0.8974358974358975,0.6486486486486487,0.4102564102564103,0.20512820512820512,0.20512820512820512,0.20512820512820512,0.0
48,2026-06-18 00:00:00+00:00,6,16,39,9,0.5,8,0.5,0.9487179487179487,0.10256410256410256,0.8461538461538461,0.10810810810810811,0.20512820512820512,0.3333333333333333,0.5897435897435898,0.35135135135135137,0.23076923076923075,0.10256410256410256,0.10256410256410256,0.10256410256410256,0.008
48,2026-06-18 00:00:00+00:00,24,166,360,44,0.1,17,0.10240963855421686,0.9305555555555556,0.6277777777777778,0.3027777777777778,0.6746268656716418,0.8194444444444444,0.8694444444444445,0.8972222222222223,0.9343283582089552,0.2416666666666667,0.6083333333333333,0.6194444444444445,0.6277777777777778,0.0
48,2026-06-18 00:00:00+00:00,24,166,360,44,0.25,42,0.25301204819277107,0.9305555555555556,0.38055555555555554,0.55,0.40895522388059696,0.6944444444444444,0.7638888888888888,0.8166666666666667,0.8208955223880596,0.3833333333333333,0.35555555555555557,0.375,0.3888888888888889,0.0
48,2026-06-18 00:00:00+00:00,24,166,360,44,0.5,83,0.5,0.9305555555555556,0.03611111111111111,0.8944444444444445,0.03880597014925373,0.45555555555555555,0.5666666666666667,0.647361111111111,0.608955223880597,0.5305555555555556,0.03611111111111111,0.04722222222222222,0.075,0.0
49,2026-06-18 01:00:00+00:00,6,13,32,11,0.1,2,0.15384615384615385,0.90625,0.40625,0.5,0.4482758620689655,0.53125,0.8125,0.90625,0.896551724137931,0.40625,0.40625,0.40625,0.40625,0.034
49,2026-06-18 01:00:00+00:00,6,13,32,11,0.25,4,0.3076923076923077,0.90625,0.21875,0.6875,0.2413793103448276,0.3125,0.65625,0.84375,0.7241379310344828,0.4375,0.1875,0.203125,0.21875,0.018
49,2026-06-18 01:00:00+00:00,6,13,32,11,0.5,7,0.5384615384615384,0.90625,0.125,0.78125,0.13793103448275862,0.15625,0.46875,0.71875,0.5172413793103449,0.34375,0.09375,0.125,0.125,0.028
49,2026-06-18 01:00:00+00:00,24,154,343,38,0.1,16,0.1038961038961039,0.9329446064139941,0.6239067055393586,0.30903790087463556,0.66875,0.8221574344023324,0.8688046647230321,0.8979591836734694,0.93125,0.24489795918367352,0.597667638483965,0.60932944606414,0.6239067055393586,0.0
49,2026-06-18 01:00:00+00:00,24,154,343,38,0.25,39,0.2532467532467532,0.9329446064139941,0.3848396501457726,0.5481049562682215,0.41250000000000003,0.6880466472303207,0.7667638483965015,0.8163265306122449,0.821875,0.3819241982507289,0.3556851311953353,0.37317784256559766,0.39067055393586003,0.0
49,2026-06-18 01:00:00+00:00,24,154,343,38,0.5,77,0.5,0.9329446064139941,0.029154518950437316,0.9037900874635568,0.03125,0.45451895043731777,0.5568513119533528,0.6501457725947521,0.596875,0.5276967930029155,0.026239067055393587,0.037900874635568516,0.06705539358600583,0.0
50,2026-06-18 02:00:00+00:00,6,11,27,11,0.1,2,0.18181818181818182,1.0,0.25925925925925924,0.7407407407407407,0.25925925925925924,0.6296296296296297,0.8518518518518519,0.9629629629629629,0.8518518518518519,0.5925925925925926,0.25925925925925924,0.25925925925925924,0.25925925925925924,0.02
50,2026-06-18 02:00:00+00:00,6,11,27,11,0.25,3,0.2727272727272727,1.0,0.25925925925925924,0.7407407407407407,0.25925925925925924,0.4000000000000004,0.7592592592592593,0.9259259259259259,0.7592592592592593,0.5,0.25925925925925924,0.25925925925925924,0.25925925925925924,0.05
50,2026-06-18 02:00:00+00:00,6,11,27,11,0.5,6,0.5454545454545454,1.0,0.14814814814814814,0.8518518518518519,0.14814814814814814,0.18333333333333343,0.5,0.7407407407407407,0.5,0.35185185185185186,0.14814814814814814,0.14814814814814814,0.14814814814814814,0.05
50,2026-06-18 02:00:00+00:00,24,132,285,23,0.1,14,0.10606060606060606,0.9263157894736842,0.6807017543859649,0.24561403508771928,0.7348484848484849,0.8173684210526315,0.8631578947368421,0.8947368421052632,0.9318181818181819,0.1824561403508772,0.6456140350877193,0.6491228070175439,0.6807017543859649,0.0
50,2026-06-18 02:00:00+00:00,24,132,285,23,0.25,33,0.25,0.9263157894736842,0.3824561403508772,0.5438596491228069,0.4128787878787879,0.6980701754385965,0.7614035087719299,0.8107017543859647,0.821969696969697,0.37894736842105264,0.39280701754385966,0.41754385964912283,0.43859649122807015,0.0
50,2026-06-18 02:00:00+00:00,24,132,285,23,0.5,66,0.5,0.9263157894736842,0.028070175438596492,0.8982456140350877,0.030303030303030304,0.44877192982456143,0.5543859649122806,0.631578947368421,0.5984848484848484,0.5263157894736842,0.028070175438596492,0.03508771929824561,0.042105263157894736,0.0
51,2026-06-18 03:00:00+00:00,6,10,24,10,0.1,1,0.1,0.9166666666666666,0.5416666666666666,0.375,0.5909090909090909,0.5416666666666666,0.875,0.9166666666666666,0.9545454545454546,0.33333333333333337,0.5416666666666666,0.5416666666666666,0.5416666666666666,0.092
51,2026-06-18 03:00:00+00:00,6,10,24,10,0.25,3,0.3,0.9166666666666666,0.25,0.6666666666666666,0.27272727272727276,0.25,0.6666666666666666,0.875,0.7272727272727273,0.41666666666666663,0.25,0.25,0.25,0.064
51,2026-06-18 03:00:00+00:00,6,10,24,10,0.5,5,0.5,0.9166666666666666,0.25,0.6666666666666666,0.27272727272727276,0.16666666666666666,0.5,0.7083333333333334,0.5454545454545455,0.25,0.16666666666666666,0.16666666666666666,0.25,0.254
51,2026-06-18 03:00:00+00:00,24,108,235,23,0.1,11,0.10185185185185185,0.9276595744680851,0.6127659574468085,0.3148936170212766,0.6605504587155964,0.8040425531914894,0.8638297872340426,0.8978723404255319,0.9311926605504587,0.25106382978723407,0.574468085106383,0.5787234042553191,0.6127659574468085,0.0
51,2026-06-18 03:00:00+00:00,24,108,235,23,0.25,27,0.25,0.9276595744680851,0.3872340425531915,0.5404255319148936,0.41743119266055045,0.6678723404255319,0.7489361702127659,0.8127659574468085,0.8073394495412843,0.36170212765957444,0.2978723404255319,0.34893617021276596,0.39148936170212767,0.0
51,2026-06-18 03:00:00+00:00,24,108,235,23,0.5,54,0.5,0.9276595744680851,0.02553191489361702,0.902127659574468,0.027522935779816512,0.3827659574468085,0.5234042553191489,0.6257446808510636,0.5642201834862385,0.4978723404255319,0.02553191489361702,0.029787234042553193,0.03404255319148936,0.0
52,2026-06-18 04:00:00+00:00,6,6,17,8,0.1,1,0.16666666666666666,1.0,0.5882352941176471,0.4117647058823529,0.5882352941176471,0.5882352941176471,0.8235294117647058,1.0,0.8235294117647058,0.23529411764705876,0.5882352941176471,0.5882352941176471,0.5882352941176471,0.16
52,2026-06-18 04:00:00+00:00,6,6,17,8,0.25,2,0.3333333333333333,1.0,0.5882352941176471,0.4117647058823529,0.5882352941176471,0.35294117647058826,0.6470588235294118,0.9411764705882353,0.6470588235294118,0.05882352941176472,0.35294117647058826,0.4117647058823529,0.5882352941176471,0.372
52,2026-06-18 04:00:00+00:00,6,6,17,8,0.5,3,0.5,1.0,0.4117647058823529,0.5882352941176471,0.4117647058823529,0.23529411764705882,0.5294117647058824,0.7647058823529411,0.5294117647058824,0.11764705882352944,0.23529411764705882,0.35294117647058826,0.4117647058823529,0.432
52,2026-06-18 04:00:00+00:00,24,88,203,23,0.1,9,0.10227272727272728,0.9113300492610837,0.5665024630541872,0.3448275862068966,0.6216216216216216,0.7635467980295566,0.8423645320197044,0.8817733990147784,0.9243243243243243,0.27586206896551724,0.4876847290640394,0.5270935960591133,0.5665024630541872,0.0
52,2026-06-18 04:00:00+00:00,24,88,203,23,0.25,22,0.25,0.9113300492610837,0.19704433497536947,0.7142857142857143,0.21621621621621623,0.6009852216748769,0.7192118226600985,0.7980295566502463,0.7891891891891892,0.5221674876847291,0.08866995073891626,0.12807881773399016,0.20689655172413793,0.0
52,2026-06-18 04:00:00+00:00,24,88,203,23,0.5,44,0.5,0.9113300492610837,0.019704433497536946,0.8916256157635468,0.021621621621621623,0.2657635467980296,0.4827586206896552,0.6157635467980296,0.5297297297297298,0.46305418719211827,0.019704433497536946,0.024630541871921183,0.034482758620689655,0.0
53,2026-06-18 05:00:00+00:00,6,5,16,6,0.1,1,0.2,0.75,0.5,0.25,0.6666666666666666,0.5,0.6875,0.75,0.9166666666666666,0.1875,0.5,0.5,0.5,0.204
53,2026-06-18 05:00:00+00:00,6,5,16,6,0.25,2,0.4,0.75,0.5,0.25,0.6666666666666666,0.3125,0.5,0.6875,0.6666666666666666,0.0,0.3125,0.375,0.5,0.71
53,2026-06-18 05:00:00+00:00,6,5,16,6,0.5,3,0.6,0.75,0.3125,0.4375,0.4166666666666667,0.25,0.375,0.5,0.5,0.0625,0.25,0.3125,0.375,0.384
53,2026-06-18 05:00:00+00:00,24,84,193,23,0.1,9,0.10714285714285714,0.8860103626943006,0.5284974093264249,0.3575129533678757,0.5964912280701754,0.7354922279792746,0.8134715025906736,0.8601036269430051,0.9181286549707602,0.2849740932642487,0.5284974093264249,0.5284974093264249,0.5284974093264249,0.0
53,2026-06-18 05:00:00+00:00,24,84,193,23,0.25,21,0.25,0.8860103626943006,0.10362694300518134,0.7823834196891192,0.11695906432748537,0.5906735751295337,0.6994818652849741,0.7772020725388601,0.7894736842105263,0.5958549222797928,0.08808290155440414,0.10362694300518134,0.10362694300518134,0.0
53,2026-06-18 05:00:00+00:00,24,84,193,23,0.5,42,0.5,0.8860103626943006,0.025906735751295335,0.8601036269430052,0.029239766081871343,0.26891191709844564,0.47668393782383417,0.6062176165803109,0.5380116959064327,0.45077720207253885,0.025906735751295335,0.025906735751295335,0.025906735751295335,0.0
54,2026-06-18 06:00:00+00:00,6,5,14,6,0.1,1,0.2,0.8571428571428571,0.5714285714285714,0.2857142857142857,0.6666666666666666,0.5714285714285714,0.7857142857142857,0.8571428571428571,0.9166666666666667,0.2142857142857143,0.5714285714285714,0.5714285714285714,0.5714285714285714,0.194
54,2026-06-18 06:00:00+00:00,6,5,14,6,0.25,2,0.4,0.8571428571428571,0.35714285714285715,0.49999999999999994,0.4166666666666667,0.35714285714285715,0.5714285714285714,0.7857142857142857,0.6666666666666666,0.21428571428571425,0.35714285714285715,0.35714285714285715,0.42857142857142855,0.076
54,2026-06-18 06:00:00+00:00,6,5,14,6,0.5,3,0.6,0.8571428571428571,0.21428571428571427,0.6428571428571428,0.25,0.21428571428571427,0.42857142857142855,0.5714285714285714,0.5,0.21428571428571427,0.21428571428571427,0.21428571428571427,0.21428571428571427,0.108
54,2026-06-18 06:00:00+00:00,24,80,183,23,0.1,8,0.1,0.9016393442622951,0.546448087431694,0.35519125683060104,0.6060606060606061,0.7595628415300546,0.8360655737704918,0.8743169398907104,0.9272727272727274,0.2896174863387978,0.5191256830601093,0.546448087431694,0.546448087431694,0.0
54,2026-06-18 06:00:00+00:00,24,80,183,23,0.25,20,0.25,0.9016393442622951,0.15300546448087432,0.7486338797814207,0.1696969696969697,0.5628415300546448,0.7158469945355191,0.7923497267759563,0.793939393939394,0.5628415300546448,0.08196721311475409,0.15300546448087432,0.15300546448087432,0.0
54,2026-06-18 06:00:00+00:00,24,80,183,23,0.5,40,0.5,0.9016393442622951,0.03278688524590164,0.8688524590163934,0.03636363636363637,0.2237704918032787,0.46994535519125685,0.6177595628415298,0.5212121212121212,0.43715846994535523,0.0273224043715847,0.03278688524590164,0.03278688524590164,0.0
55,2026-06-18 07:00:00+00:00,6,6,12,4,0.1,1,0.16666666666666666,1.0,0.6666666666666666,0.33333333333333337,0.6666666666666666,0.5,0.9166666666666666,0.9166666666666666,0.9166666666666666,0.25,0.6666666666666666,0.75,0.75,0.318
55,2026-06-18 07:00:00+00:00,6,6,12,4,0.25,2,0.3333333333333333,1.0,0.4166666666666667,0.5833333333333333,0.4166666666666667,0.4166666666666667,0.5833333333333334,0.8333333333333334,0.5833333333333334,0.16666666666666669,0.4166666666666667,0.4166666666666667,0.4166666666666667,0.26
55,2026-06-18 07:00:00+00:00,6,6,12,4,0.5,3,0.5,1.0,0.25,0.75,0.25,0.25,0.4166666666666667,0.5833333333333334,0.4166666666666667,0.16666666666666669,0.25,0.25,0.25,0.052
55,2026-06-18 07:00:00+00:00,24,70,171,22,0.1,7,0.1,0.8888888888888888,0.43859649122807015,0.4502923976608187,0.4934210526315789,0.7192982456140351,0.8245614035087719,0.8654970760233918,0.9276315789473685,0.3859649122807018,0.43859649122807015,0.43859649122807015,0.43859649122807015,0.0
55,2026-06-18 07:00:00+00:00,24,70,171,22,0.25,18,0.2571428571428571,0.8888888888888888,0.13450292397660818,0.7543859649122806,0.1513157894736842,0.5263157894736842,0.695906432748538,0.7953216374269005,0.7828947368421053,0.5614035087719298,0.07602339181286549,0.07602339181286549,0.13450292397660818,0.0
55,2026-06-18 07:00:00+00:00,24,70,171,22,0.5,35,0.5,0.8888888888888888,0.029239766081871343,0.8596491228070176,0.03289473684210526,0.21637426900584794,0.4619883040935672,0.6198830409356725,0.5197368421052632,0.4327485380116959,0.023099415204678377,0.029239766081871343,0.029239766081871343,0.0
56,2026-06-18 08:00:00+00:00,6,5,10,5,0.1,1,0.2,1.0,0.5,0.5,0.5,0.5,0.9,0.9,0.9,0.4,0.5,0.5,0.5,0.184
56,2026-06-18 08:00:00+00:00,6,5,10,5,0.25,2,0.4,1.0,0.3,0.7,0.3,0.3,0.5,0.8,0.5,0.2,0.3,0.3,0.3,0.136
56,2026-06-18 08:00:00+00:00,6,5,10,5,0.5,3,0.6,1.0,0.3,0.7,0.3,0.2,0.4,0.7,0.4,0.10000000000000003,0.2,0.2,0.3,0.434
56,2026-06-18 08:00:00+00:00,24,56,148,22,0.1,6,0.10714285714285714,0.8986486486486487,0.46621621621621623,0.43243243243243246,0.518796992481203,0.7027027027027027,0.8243243243243243,0.8783783783783784,0.9172932330827067,0.3581081081081081,0.4594594594594595,0.4594594594594595,0.46621621621621623,0.0
56,2026-06-18 08:00:00+00:00,24,56,148,22,0.25,14,0.25,0.8986486486486487,0.2635135135135135,0.6351351351351352,0.2932330827067669,0.527027027027027,0.7094594594594594,0.8040540540540541,0.7894736842105262,0.44594594594594594,0.12162162162162163,0.17567567567567569,0.25675675675675674,0.002
56,2026-06-18 08:00:00+00:00,24,56,148,22,0.5,28,0.5,0.8986486486486487,0.02702702702702703,0.8716216216216217,0.030075187969924814,0.18243243243243243,0.41216216216216217,0.6219594594594592,0.45864661654135336,0.38513513513513514,0.02027027027027027,0.02702702702702703,0.04054054054054054,0.0
57,2026-06-18 09:00:00+00:00,6,5,10,5,0.1,1,0.2,0.8,0.3,0.5,0.37499999999999994,0.3,0.7,0.8,0.8749999999999999,0.39999999999999997,0.3,0.3,0.3,0.162
57,2026-06-18 09:00:00+00:00,6,5,10,5,0.25,2,0.4,0.8,0.3,0.5,0.37499999999999994,0.2,0.6,0.7,0.7499999999999999,0.3,0.2,0.2,0.3,0.358
57,2026-06-18 09:00:00+00:00,6,5,10,5,0.5,3,0.6,0.8,0.3,0.5,0.37499999999999994,0.2,0.3,0.6,0.37499999999999994,0.0,0.2,0.2,0.3,0.558
57,2026-06-18 09:00:00+00:00,24,49,134,22,0.1,5,0.10204081632653061,0.8880597014925373,0.5746268656716418,0.31343283582089554,0.6470588235294118,0.6865671641791045,0.8171641791044777,0.8731343283582089,0.9201680672268908,0.2425373134328359,0.48507462686567165,0.5746268656716418,0.5746268656716418,0.004
57,2026-06-18 09:00:00+00:00,24,49,134,22,0.25,13,0.2653061224489796,0.8880597014925373,0.26865671641791045,0.6194029850746269,0.3025210084033613,0.4552238805970149,0.664179104477612,0.7761194029850746,0.7478991596638656,0.3955223880597015,0.2000000000000001,0.23880597014925373,0.29850746268656714,0.002
57,2026-06-18 09:00:00+00:00,24,49,134,22,0.5,25,0.5102040816326531,0.8880597014925373,0.029850746268656716,0.8582089552238806,0.03361344537815126,0.17164179104477612,0.3768656716417911,0.582089552238806,0.4243697478991597,0.3470149253731344,0.029850746268656716,0.04477611940298507,0.04477611940298507,0.0
58,2026-06-18 10:00:00+00:00,6,6,11,5,0.1,1,0.16666666666666666,0.8181818181818182,0.2727272727272727,0.5454545454545455,0.3333333333333333,0.2727272727272727,0.6363636363636364,0.8181818181818182,0.7777777777777777,0.36363636363636365,0.2727272727272727,0.2727272727272727,0.2727272727272727,0.166
58,2026-06-18 10:00:00+00:00,6,6,11,5,0.25,2,0.3333333333333333,0.8181818181818182,0.2727272727272727,0.5454545454545455,0.3333333333333333,0.2727272727272727,0.5454545454545454,0.7272727272727273,0.6666666666666666,0.2727272727272727,0.2727272727272727,0.2727272727272727,0.2727272727272727,0.326
58,2026-06-18 10:00:00+00:00,6,6,11,5,0.5,3,0.5,0.8181818181818182,0.2727272727272727,0.5454545454545455,0.3333333333333333,0.18181818181818182,0.45454545454545453,0.6363636363636364,0.5555555555555555,0.18181818181818182,0.18181818181818182,0.2727272727272727,0.2727272727272727,0.494
58,2026-06-18 10:00:00+00:00,24,48,127,19,0.1,5,0.10416666666666667,0.7244094488188977,0.4094488188976378,0.3149606299212599,0.5652173913043478,0.5665354330708662,0.6692913385826772,0.7165354330708661,0.9239130434782609,0.2598425196850394,0.3779527559055118,0.3937007874015748,0.4094488188976378,0.0
58,2026-06-18 10:00:00+00:00,24,48,127,19,0.25,12,0.25,0.7244094488188977,0.2755905511811024,0.4488188976377953,0.3804347826086956,0.41732283464566927,0.5748031496062992,0.6618110236220469,0.7934782608695652,0.2992125984251968,0.1732283464566929,0.23622047244094488,0.2755905511811024,0.002
58,2026-06-18 10:00:00+00:00,24,48,127,19,0.5,24,0.5,0.7244094488188977,0.047244094488188976,0.6771653543307087,0.06521739130434782,0.15708661417322836,0.33070866141732286,0.5275590551181102,0.4565217391304348,0.2834645669291339,0.047244094488188976,0.047244094488188976,0.07086614173228346,0.0
59,2026-06-18 11:00:00+00:00,6,4,12,4,0.1,1,0.25,0.3333333333333333,0.3333333333333333,0.0,1.0,0.3333333333333333,0.3333333333333333,0.3333333333333333,1.0,0.0,0.3333333333333333,0.3333333333333333,0.3333333333333333,1.0
59,2026-06-18 11:00:00+00:00,6,4,12,4,0.25,1,0.25,0.3333333333333333,0.3333333333333333,0.0,1.0,0.3333333333333333,0.3333333333333333,0.3333333333333333,1.0,0.0,0.3333333333333333,0.3333333333333333,0.3333333333333333,1.0
59,2026-06-18 11:00:00+00:00,6,4,12,4,0.5,2,0.5,0.3333333333333333,0.16666666666666666,0.16666666666666666,0.5,0.16666666666666666,0.3333333333333333,0.3333333333333333,1.0,0.16666666666666666,0.16666666666666666,0.16666666666666666,0.16666666666666666,0.18
59,2026-06-18 11:00:00+00:00,24,47,118,19,0.1,5,0.10638297872340426,0.7711864406779662,0.4406779661016949,0.33050847457627125,0.5714285714285714,0.6186440677966102,0.711864406779661,0.7627118644067796,0.923076923076923,0.2711864406779661,0.4406779661016949,0.4830508474576271,0.5,0.0
59,2026-06-18 11:00:00+00:00,24,47,118,19,0.25,12,0.2553191489361702,0.7711864406779662,0.2966101694915254,0.47457627118644075,0.3846153846153846,0.4576271186440678,0.6186440677966102,0.711864406779661,0.8021978021978021,0.3220338983050848,0.2288135593220339,0.2288135593220339,0.2966101694915254,0.002
59,2026-06-18 11:00:00+00:00,24,47,118,19,0.5,24,0.5106382978723404,0.7711864406779662,0.03389830508474576,0.7372881355932204,0.04395604395604395,0.1694915254237288,0.3644067796610169,0.559322033898305,0.47252747252747246,0.33050847457627114,0.025423728813559324,0.03389830508474576,0.05084745762711865,0.0
60,2026-06-18 12:00:00+00:00,6,4,13,5,0.1,1,0.25,0.38461538461538464,0.3076923076923077,0.07692307692307693,0.8,0.3076923076923077,0.38461538461538464,0.38461538461538464,1.0,0.07692307692307693,0.3076923076923077,0.3076923076923077,0.3076923076923077,0.25
60,2026-06-18 12:00:00+00:00,6,4,13,5,0.25,1,0.25,0.38461538461538464,0.3076923076923077,0.07692307692307693,0.8,0.3076923076923077,0.38461538461538464,0.38461538461538464,1.0,0.07692307692307693,0.3076923076923077,0.3076923076923077,0.3076923076923077,0.25
60,2026-06-18 12:00:00+00:00,6,4,13,5,0.5,2,0.5,0.38461538461538464,0.15384615384615385,0.23076923076923078,0.4,0.15384615384615385,0.3076923076923077,0.38461538461538464,0.8,0.15384615384615385,0.15384615384615385,0.15384615384615385,0.15384615384615385,0.164
60,2026-06-18 12:00:00+00:00,24,46,121,19,0.1,5,0.10869565217391304,0.7603305785123967,0.23140495867768596,0.5289256198347108,0.30434782608695654,0.5867768595041323,0.7024793388429752,0.7520661157024794,0.9239130434782609,0.47107438016528924,0.23140495867768596,0.23140495867768596,0.23140495867768596,0.0
60,2026-06-18 12:00:00+00:00,24,46,121,19,0.25,12,0.2608695652173913,0.7603305785123967,0.09917355371900827,0.6611570247933884,0.13043478260869565,0.38016528925619836,0.5950413223140496,0.6942148760330579,0.782608695652174,0.49586776859504134,0.06611570247933884,0.09917355371900827,0.19834710743801653,0.0
60,2026-06-18 12:00:00+00:00,24,46,121,19,0.5,23,0.5,0.7603305785123967,0.03305785123966942,0.7272727272727273,0.043478260869565216,0.15702479338842976,0.33884297520661155,0.5454545454545454,0.44565217391304346,0.30578512396694213,0.024793388429752067,0.024793388429752067,0.049586776859504134,0.0
61,2026-06-18 13:00:00+00:00,6,3,9,5,0.1,1,0.3333333333333333,0.5555555555555556,0.2222222222222222,0.33333333333333337,0.39999999999999997,0.2222222222222222,0.5555555555555556,0.5555555555555556,1.0,0.33333333333333337,0.2222222222222222,0.2222222222222222,0.2222222222222222,0.338
61,2026-06-18 13:00:00+00:00,6,3,9,5,0.25,1,0.3333333333333333,0.5555555555555556,0.2222222222222222,0.33333333333333337,0.39999999999999997,0.2222222222222222,0.5555555555555556,0.5555555555555556,1.0,0.33333333333333337,0.2222222222222222,0.2222222222222222,0.2222222222222222,0.338
61,2026-06-18 13:00:00+00:00,6,3,9,5,0.5,2,0.6666666666666666,0.5555555555555556,0.2222222222222222,0.33333333333333337,0.39999999999999997,0.2222222222222222,0.2222222222222222,0.5555555555555556,0.39999999999999997,0.0,0.2222222222222222,0.2222222222222222,0.2222222222222222,0.682
61,2026-06-18 13:00:00+00:00,24,46,118,19,0.1,5,0.10869565217391304,0.7627118644067796,0.23728813559322035,0.5254237288135593,0.3111111111111111,0.5508474576271186,0.7033898305084746,0.7542372881355932,0.9222222222222223,0.4661016949152542,0.23728813559322035,0.23728813559322035,0.423728813559322,0.0
61,2026-06-18 13:00:00+00:00,24,46,118,19,0.25,12,0.2608695652173913,0.7627118644067796,0.1016949152542373,0.6610169491525424,0.13333333333333336,0.3559322033898305,0.576271186440678,0.6864406779661016,0.7555555555555556,0.4745762711864407,0.06779661016949153,0.1016949152542373,0.2033898305084746,0.0
61,2026-06-18 13:00:00+00:00,24,46,118,19,0.5,23,0.5,0.7627118644067796,0.025423728813559324,0.7372881355932203,0.03333333333333334,0.1440677966101695,0.3177966101694915,0.5169491525423728,0.4166666666666667,0.2923728813559322,0.025423728813559324,0.025423728813559324,0.025423728813559324,0.0
62,2026-06-18 14:00:00+00:00,6,1,5,5,0.1,1,1.0,1.0,0.2,0.8,0.2,0.2,0.2,0.2,0.2,0.0,0.2,0.2,0.2,1.0
62,2026-06-18 14:00:00+00:00,6,1,5,5,0.25,1,1.0,1.0,0.2,0.8,0.2,0.2,0.2,0.2,0.2,0.0,0.2,0.2,0.2,1.0
62,2026-06-18 14:00:00+00:00,6,1,5,5,0.5,1,1.0,1.0,0.2,0.8,0.2,0.2,0.2,0.2,0.2,0.0,0.2,0.2,0.2,1.0
62,2026-06-18 14:00:00+00:00,24,46,116,19,0.1,5,0.10869565217391304,0.7586206896551724,0.4051724137931034,0.35344827586206895,0.5340909090909091,0.5344827586206896,0.6982758620689655,0.75,0.9204545454545455,0.2931034482758621,0.4051724137931034,0.4051724137931034,0.4051724137931034,0.004
62,2026-06-18 14:00:00+00:00,24,46,116,19,0.25,12,0.2608695652173913,0.7586206896551724,0.08620689655172414,0.6724137931034482,0.11363636363636365,0.3616379310344828,0.5689655172413793,0.6896551724137931,0.7500000000000001,0.4827586206896552,0.0603448275862069,0.08620689655172414,0.16379310344827586,0.0
62,2026-06-18 14:00:00+00:00,24,46,116,19,0.5,23,0.5,0.7586206896551724,0.02586206896551724,0.7327586206896551,0.034090909090909095,0.14655172413793102,0.31896551724137934,0.5431034482758621,0.4204545454545455,0.2931034482758621,0.02586206896551724,0.02586206896551724,0.02586206896551724,0.0
63,2026-06-18 15:00:00+00:00,6,2,8,6,0.1,1,0.5,0.75,0.25,0.5,0.3333333333333333,0.25,0.75,0.75,1.0,0.5,0.25,0.25,0.25,0.47
63,2026-06-18 15:00:00+00:00,6,2,8,6,0.25,1,0.5,0.75,0.25,0.5,0.3333333333333333,0.25,0.75,0.75,1.0,0.5,0.25,0.25,0.25,0.47
63,2026-06-18 15:00:00+00:00,6,2,8,6,0.5,1,0.5,0.75,0.25,0.5,0.3333333333333333,0.25,0.75,0.75,1.0,0.5,0.25,0.25,0.25,0.47
63,2026-06-18 15:00:00+00:00,24,47,121,19,0.1,5,0.10638297872340426,0.7355371900826446,0.23140495867768596,0.5041322314049587,0.3146067415730337,0.5289256198347108,0.6776859504132231,0.7272727272727273,0.9213483146067415,0.44628099173553715,0.23140495867768596,0.23140495867768596,0.23140495867768596,0.0
63,2026-06-18 15:00:00+00:00,24,47,121,19,0.25,12,0.2553191489361702,0.7355371900826446,0.09917355371900827,0.6363636363636364,0.1348314606741573,0.34710743801652894,0.5454545454545454,0.6694214876033058,0.7415730337078651,0.44628099173553715,0.05785123966942149,0.0743801652892562,0.09917355371900827,0.0
63,2026-06-18 15:00:00+00:00,24,47,121,19,0.5,24,0.5106382978723404,0.7355371900826446,0.024793388429752067,0.7107438016528925,0.033707865168539325,0.14049586776859505,0.2809917355371901,0.5041322314049587,0.38202247191011235,0.25619834710743805,0.024793388429752067,0.024793388429752067,0.024793388429752067,0.0
64,2026-06-18 16:00:00+00:00,6,14,38,8,0.1,2,0.14285714285714285,0.631578947368421,0.2894736842105263,0.3421052631578947,0.45833333333333337,0.2894736842105263,0.5526315789473685,0.631578947368421,0.8750000000000001,0.26315789473684215,0.2894736842105263,0.2894736842105263,0.42105263157894735,0.104
64,2026-06-18 16:00:00+00:00,6,14,38,8,0.25,4,0.2857142857142857,0.631578947368421,0.15789473684210525,0.47368421052631576,0.25,0.23684210526315788,0.3684210526315789,0.5789473684210527,0.5833333333333334,0.21052631578947367,0.15789473684210525,0.15789473684210525,0.21052631578947367,0.012
64,2026-06-18 16:00:00+00:00,6,14,38,8,0.5,7,0.5,0.631578947368421,0.07894736842105263,0.5526315789473684,0.125,0.15789473684210525,0.2631578947368421,0.4473684210526316,0.4166666666666667,0.18421052631578946,0.05263157894736842,0.07894736842105263,0.07894736842105263,0.008
64,2026-06-18 16:00:00+00:00,24,54,144,19,0.1,6,0.1111111111111111,0.5833333333333334,0.16666666666666666,0.41666666666666674,0.2857142857142857,0.3885416666666667,0.5277777777777778,0.5763888888888888,0.9047619047619048,0.36111111111111116,0.16666666666666666,0.16666666666666666,0.16666666666666666,0.0
64,2026-06-18 16:00:00+00:00,24,54,144,19,0.25,14,0.25925925925925924,0.5833333333333334,0.0763888888888889,0.5069444444444444,0.13095238095238096,0.2357638888888889,0.4166666666666667,0.5277777777777778,0.7142857142857143,0.3402777777777778,0.0763888888888889,0.0763888888888889,0.10416666666666667,0.0
64,2026-06-18 16:00:00+00:00,24,54,144,19,0.5,27,0.5,0.5833333333333334,0.020833333333333332,0.5625,0.03571428571428571,0.125,0.2222222222222222,0.3958333333333333,0.38095238095238093,0.20138888888888887,0.020833333333333332,0.020833333333333332,0.020833333333333332,0.0
65,2026-06-18 17:00:00+00:00,6,37,89,11,0.1,4,0.10810810810810811,0.8764044943820225,0.6067415730337079,0.2696629213483146,0.6923076923076923,0.6853932584269663,0.7865168539325843,0.8539325842696629,0.8974358974358975,0.1797752808988764,0.6067415730337079,0.6067415730337079,0.6067415730337079,0.01
65,2026-06-18 17:00:00+00:00,6,37,89,11,0.25,10,0.2702702702702703,0.8764044943820225,0.3707865168539326,0.5056179775280899,0.4230769230769231,0.5280898876404494,0.6404494382022472,0.7415730337078652,0.7307692307692307,0.2696629213483146,0.2247191011235955,0.2808988764044944,0.3707865168539326,0.0
65,2026-06-18 17:00:00+00:00,6,37,89,11,0.5,19,0.5135135135135135,0.8764044943820225,0.07865168539325842,0.7977528089887641,0.08974358974358974,0.2808988764044944,0.42696629213483145,0.5511235955056175,0.48717948717948717,0.348314606741573,0.06741573033707865,0.07865168539325842,0.07865168539325842,0.0
65,2026-06-18 17:00:00+00:00,24,64,161,14,0.1,7,0.109375,0.8819875776397516,0.35403726708074534,0.5279503105590062,0.4014084507042254,0.40993788819875776,0.7639751552795031,0.8509316770186336,0.8661971830985915,0.40993788819875776,0.35403726708074534,0.38509316770186336,0.39751552795031053,0.004
65,2026-06-18 17:00:00+00:00,24,64,161,14,0.25,16,0.25,0.8819875776397516,0.18633540372670807,0.6956521739130435,0.2112676056338028,0.32298136645962733,0.5341614906832298,0.7515527950310559,0.6056338028169014,0.34782608695652173,0.12422360248447205,0.22981366459627328,0.22981366459627328,0.0
65,2026-06-18 17:00:00+00:00,24,64,161,14,0.5,32,0.5,0.8819875776397516,0.043478260869565216,0.8385093167701864,0.04929577464788732,0.18012422360248448,0.2732919254658385,0.4968944099378882,0.3098591549295775,0.2298136645962733,0.031055900621118012,0.037267080745341616,0.043478260869565216,0.0
66,2026-06-18 18:00:00+00:00,6,76,184,26,0.1,8,0.10526315789473684,0.9130434782608695,0.6521739130434783,0.26086956521739124,0.7142857142857143,0.8043478260869565,0.8586956521739131,0.8913043478260869,0.9404761904761906,0.2065217391304348,0.6467391304347826,0.6521739130434783,0.6521739130434783,0.0
66,2026-06-18 18:00:00+00:00,6,76,184,26,0.25,19,0.25,0.9130434782608695,0.3804347826086957,0.5326086956521738,0.41666666666666674,0.6684782608695652,0.7663043478260869,0.8260869565217391,0.8392857142857143,0.38586956521739124,0.375,0.3804347826086957,0.41847826086956524,0.0
66,2026-06-18 18:00:00+00:00,6,76,184,26,0.5,38,0.5,0.9130434782608695,0.08695652173913043,0.826086956521739,0.09523809523809525,0.42391304347826086,0.5652173913043478,0.6739130434782609,0.6190476190476191,0.47826086956521735,0.03804347826086957,0.05434782608695652,0.08695652173913043,0.0
66,2026-06-18 18:00:00+00:00,24,97,241,26,0.1,10,0.10309278350515463,0.9087136929460581,0.5850622406639004,0.32365145228215764,0.6438356164383562,0.7717842323651453,0.8464730290456431,0.8838174273858921,0.9315068493150684,0.2614107883817427,0.5850622406639004,0.5850622406639004,0.5850622406639004,0.0
66,2026-06-18 18:00:00+00:00,24,97,241,26,0.25,25,0.25773195876288657,0.9087136929460581,0.3070539419087137,0.6016597510373444,0.33789954337899547,0.5890041493775934,0.7219917012448133,0.8008298755186722,0.7945205479452054,0.41493775933609955,0.3070539419087137,0.3070539419087137,0.3070539419087137,0.0
66,2026-06-18 18:00:00+00:00,24,97,241,26,0.5,49,0.5051546391752577,0.9087136929460581,0.06639004149377593,0.8423236514522822,0.0730593607305936,0.36493775933609957,0.4896265560165975,0.6060165975103732,0.5388127853881278,0.42323651452282157,0.029045643153526972,0.03734439834024896,0.06639004149377593,0.0
67,2026-06-18 19:00:00+00:00,6,129,371,79,0.1,13,0.10077519379844961,0.921832884097035,0.5741239892183289,0.34770889487870615,0.6228070175438597,0.7816711590296496,0.8733153638814016,0.8975741239892183,0.9473684210526316,0.2991913746630728,0.5741239892183289,0.5741239892183289,0.5741239892183289,0.0
67,2026-06-18 19:00:00+00:00,6,129,371,79,0.25,33,0.2558139534883721,0.921832884097035,0.32345013477088946,0.5983827493261455,0.3508771929824561,0.6520215633423181,0.77088948787062,0.8328840970350404,0.8362573099415205,0.4474393530997305,0.31266846361185985,0.32345013477088946,0.33423180592991913,0.0
67,2026-06-18 19:00:00+00:00,6,129,371,79,0.5,65,0.5038759689922481,0.921832884097035,0.029649595687331536,0.8921832884097035,0.03216374269005848,0.43382749326145553,0.5714285714285714,0.6792452830188679,0.6198830409356725,0.5417789757412399,0.026954177897574125,0.03504043126684636,0.05390835579514825,0.0
67,2026-06-18 19:00:00+00:00,24,147,415,79,0.1,15,0.10204081632653061,0.9253012048192771,0.5662650602409639,0.35903614457831323,0.6119791666666667,0.7974698795180722,0.8698795180722891,0.8965060240963855,0.9401041666666666,0.30361445783132524,0.5662650602409639,0.5662650602409639,0.5662650602409639,0.0
67,2026-06-18 19:00:00+00:00,24,147,415,79,0.25,37,0.25170068027210885,0.9253012048192771,0.30843373493975906,0.616867469879518,0.33333333333333337,0.6626506024096386,0.7662650602409639,0.8240963855421687,0.828125,0.4578313253012048,0.2987951807228916,0.30843373493975906,0.3180722891566265,0.0
67,2026-06-18 19:00:00+00:00,24,147,415,79,0.5,74,0.5034013605442177,0.9253012048192771,0.02650602409638554,0.8987951807228916,0.028645833333333332,0.43373493975903615,0.5554216867469879,0.6674698795180722,0.6002604166666666,0.5289156626506023,0.024096385542168676,0.03132530120481928,0.04819277108433735,0.0
68,2026-06-18 20:00:00+00:00,6,210,570,175,0.1,21,0.1,0.9789473684210527,0.6192982456140351,0.35964912280701755,0.6326164874551972,0.8456140350877193,0.9385964912280702,0.9596491228070175,0.9587813620071685,0.3192982456140351,0.6192982456140351,0.6210526315789474,0.6210526315789474,0.0
68,2026-06-18 20:00:00+00:00,6,210,570,175,0.25,53,0.2523809523809524,0.9789473684210527,0.3719298245614035,0.6070175438596492,0.37992831541218636,0.7192982456140351,0.8491228070175438,0.9017543859649123,0.8673835125448028,0.47719298245614034,0.3649122807017544,0.37719298245614036,0.3824561403508772,0.0
68,2026-06-18 20:00:00+00:00,6,210,570,175,0.5,105,0.5,0.9789473684210527,0.09824561403508772,0.880701754385965,0.10035842293906809,0.5174561403508773,0.6596491228070176,0.7685087719298245,0.6738351254480287,0.5614035087719299,0.07710526315789475,0.10526315789473684,0.1280701754385965,0.0
68,2026-06-18 20:00:00+00:00,24,225,605,175,0.1,23,0.10222222222222223,0.9735537190082645,0.6082644628099173,0.3652892561983472,0.6247877758913412,0.8379338842975207,0.9289256198347108,0.9520661157024793,0.9541595925297114,0.3206611570247935,0.6082644628099173,0.6082644628099173,0.6082644628099173,0.0
68,2026-06-18 20:00:00+00:00,24,225,605,175,0.25,57,0.25333333333333335,0.9735537190082645,0.3504132231404959,0.6231404958677687,0.3599320882852292,0.7186776859504133,0.8380165289256198,0.8925619834710744,0.8607809847198642,0.48760330578512395,0.3421487603305785,0.35206611570247937,0.36198347107438017,0.0
68,2026-06-18 20:00:00+00:00,24,225,605,175,0.5,113,0.5022222222222222,0.9735537190082645,0.09256198347107437,0.8809917355371901,0.09507640067911714,0.49900826446280994,0.6413223140495867,0.7570247933884298,0.6587436332767401,0.5487603305785124,0.06942148760330578,0.09586776859504133,0.11570247933884298,0.0
69,2026-06-18 21:00:00+00:00,6,305,727,286,0.1,31,0.10163934426229508,0.9711141678129298,0.6052269601100413,0.3658872077028885,0.623229461756374,0.8349381017881705,0.936726272352132,0.9559834938101788,0.9645892351274787,0.3314993122420907,0.6024759284731774,0.6052269601100413,0.6066024759284732,0.0
69,2026-06-18 21:00:00+00:00,6,305,727,286,0.25,77,0.25245901639344265,0.9711141678129298,0.3576341127922971,0.6134800550206327,0.36827195467422097,0.7317056396148556,0.8700137551581844,0.9119669876203577,0.8958923512747876,0.5123796423658873,0.35756533700137555,0.3658872077028886,0.3741403026134801,0.0
69,2026-06-18 21:00:00+00:00,6,305,727,286,0.5,153,0.5016393442622951,0.9711141678129298,0.15268225584594222,0.8184319119669876,0.15722379603399433,0.5350756533700137,0.6856946354883081,0.8033700137551582,0.7060906515580737,0.5330123796423659,0.11279229711141678,0.15680880330123798,0.16918844566712518,0.0
69,2026-06-18 21:00:00+00:00,24,325,766,286,0.1,33,0.10153846153846154,0.9738903394255874,0.6109660574412533,0.36292428198433413,0.6273458445040215,0.8380548302872063,0.9360313315926893,0.9543080939947781,0.9611260053619303,0.32506527415143593,0.6109660574412533,0.6109660574412533,0.6109660574412533,0.0
69,2026-06-18 21:00:00+00:00,24,325,766,286,0.25,82,0.2523076923076923,0.9738903394255874,0.35117493472584854,0.622715404699739,0.36058981233243964,0.7402088772845953,0.8590078328981723,0.9073107049608355,0.8820375335120644,0.5078328981723237,0.3537859007832898,0.36161879895561355,0.3720626631853786,0.0
69,2026-06-18 21:00:00+00:00,24,325,766,286,0.5,163,0.5015384615384615,0.9738903394255874,0.14882506527415143,0.825065274151436,0.15281501340482573,0.5338120104438642,0.676892950391645,0.7898172323759791,0.6950402144772119,0.5280678851174936,0.08342036553524805,0.1409921671018277,0.16057441253263707,0.0
70,2026-06-18 22:00:00+00:00,6,331,757,323,0.1,34,0.1027190332326284,0.9762219286657859,0.5904887714663144,0.38573315719947154,0.6048714479025711,0.8268163804491414,0.9418758256274768,0.9616908850726552,0.9648173207036536,0.35138705416116245,0.5891677675033025,0.5931307793923382,0.5970937912813739,0.0
70,2026-06-18 22:00:00+00:00,6,331,757,323,0.25,83,0.25075528700906347,0.9762219286657859,0.3870541611624835,0.5891677675033025,0.39648173207036536,0.7239101717305152,0.8764861294583883,0.9181638044914134,0.8978349120433018,0.48943196829590485,0.380449141347424,0.3857331571994716,0.38969616908850724,0.0
70,2026-06-18 22:00:00+00:00,6,331,757,323,0.5,166,0.5015105740181269,0.9762219286657859,0.15191545574636725,0.8243064729194187,0.1556156968876861,0.5389035667107002,0.6941875825627477,0.8177675033025098,0.7110960757780785,0.5422721268163805,0.12945838837516513,0.1512549537648613,0.16776750330250992,0.0
70,2026-06-18 22:00:00+00:00,24,351,809,323,0.1,36,0.10256410256410256,0.9789864029666254,0.6106304079110012,0.3683559950556242,0.6237373737373737,0.8392459826946848,0.9406674907292955,0.9604449938195303,0.960858585858586,0.33003708281829425,0.6044499381953028,0.6131025957972805,0.6168108776266996,0.0
70,2026-06-18 22:00:00+00:00,24,351,809,323,0.25,88,0.25071225071225073,0.9789864029666254,0.3794808405438813,0.5995055624227441,0.3876262626262626,0.7403584672435105,0.865265760197775,0.9110012360939431,0.8838383838383839,0.4857849196538937,0.3757725587144623,0.380716934487021,0.38442521631644005,0.0
70,2026-06-18 22:00:00+00:00,24,351,809,323,0.5,176,0.5014245014245015,0.9789864029666254,0.1508034610630408,0.8281829419035847,0.15404040404040406,0.5277503090234857,0.6563658838071693,0.7923980222496909,0.6704545454545454,0.5055624227441285,0.12978986402966625,0.15203955500618047,0.16563658838071693,0.0
71,2026-06-18 23:00:00+00:00,6,323,728,323,0.1,33,0.1021671826625387,0.9793956043956044,0.5892857142857143,0.39010989010989006,0.6016830294530154,0.8255494505494505,0.9478021978021978,0.9656593406593407,0.967741935483871,0.35851648351648346,0.5879120879120879,0.5892857142857143,0.5961538461538461,0.0
71,2026-06-18 23:00:00+00:00,6,323,728,323,0.25,81,0.25077399380804954,0.9793956043956044,0.3901098901098901,0.5892857142857142,0.3983169705469846,0.7321428571428571,0.8811813186813187,0.9258241758241759,0.8997194950911641,0.49107142857142855,0.3873626373626374,0.39285714285714285,0.39697802197802196,0.0
71,2026-06-18 23:00:00+00:00,6,323,728,323,0.5,162,0.5015479876160991,0.9793956043956044,0.15247252747252749,0.8269230769230769,0.1556802244039271,0.5357142857142857,0.720467032967033,0.8242445054945053,0.7356241234221599,0.5679945054945055,0.13598901098901098,0.1565934065934066,0.1717032967032967,0.0
71,2026-06-18 23:00:00+00:00,24,351,810,323,0.1,36,0.10256410256410256,0.9691358024691358,0.6012345679012345,0.36790123456790125,0.6203821656050955,0.8246913580246914,0.9333333333333333,0.9518518518518518,0.9630573248407643,0.3320987654320988,0.6,0.6037037037037037,0.6074074074074074,0.0
71,2026-06-18 23:00:00+00:00,24,351,810,323,0.25,88,0.25071225071225073,0.9691358024691358,0.3790123456790123,0.5901234567901235,0.39108280254777067,0.7208641975308642,0.8629629629629629,0.908641975308642,0.8904458598726115,0.4839506172839506,0.37530864197530867,0.3790123456790123,0.38395061728395063,0.0
71,2026-06-18 23:00:00+00:00,24,351,810,323,0.5,176,0.5014245014245015,0.9691358024691358,0.1506172839506173,0.8185185185185184,0.15541401273885352,0.5271604938271605,0.6728395061728395,0.7987654320987654,0.6942675159235668,0.5222222222222221,0.1308641975308642,0.15185185185185185,0.16672839506172832,0.0
72,2026-06-19 00:00:00+00:00,6,302,672,310,0.1,31,0.10264900662251655,0.9806547619047619,0.5773809523809523,0.40327380952380953,0.5887708649468892,0.8197916666666667,0.9508928571428571,0.9657738095238095,0.9696509863429439,0.37351190476190477,0.5714285714285714,0.5773809523809523,0.5848214285714286,0.0
72,2026-06-19 00:00:00+00:00,6,302,672,310,0.25,76,0.25165562913907286,0.9806547619047619,0.38839285714285715,0.5922619047619047,0.3960546282245827,0.7052827380952381,0.8809523809523809,0.9285714285714286,0.8983308042488619,0.4925595238095238,0.37797619047619047,0.3854166666666667,0.3929315476190475,0.0
72,2026-06-19 00:00:00+00:00,6,302,672,310,0.5,151,0.5,0.9806547619047619,0.14583333333333334,0.8348214285714285,0.14871016691957514,0.5341517857142857,0.6793154761904763,0.8318452380952381,0.6927162367223066,0.5334821428571429,0.14583333333333334,0.16220238095238096,0.17559523809523808,0.0
72,2026-06-19 00:00:00+00:00,24,354,810,323,0.1,36,0.1016949152542373,0.9691358024691358,0.6037037037037037,0.36543209876543203,0.6229299363057326,0.8308024691358025,0.9345679012345679,0.9518518518518518,0.9643312101910828,0.33086419753086416,0.6024691358024692,0.6061728395061728,0.6098765432098765,0.0
72,2026-06-19 00:00:00+00:00,24,354,810,323,0.25,89,0.2514124293785311,0.9691358024691358,0.38271604938271603,0.5864197530864197,0.3949044585987261,0.7270987654320988,0.8567901234567902,0.9049999999999999,0.8840764331210191,0.47407407407407415,0.3790123456790123,0.38395061728395063,0.3888888888888889,0.0
72,2026-06-19 00:00:00+00:00,24,354,810,323,0.5,177,0.5,0.9691358024691358,0.1506172839506173,0.8185185185185184,0.15541401273885352,0.5332716049382716,0.6648148148148147,0.7964814814814813,0.6859872611464968,0.5141975308641975,0.13203703703703704,0.15308641975308643,0.16666666666666666,0.0
73,2026-06-19 01:00:00+00:00,6,249,517,265,0.1,25,0.10040160642570281,0.9613152804642167,0.5996131528046421,0.36170212765957455,0.6237424547283702,0.8181818181818182,0.9381044487427466,0.9516441005802708,0.9758551307847082,0.33849129593810445,0.5899419729206963,0.5996131528046421,0.6092843326885881,0.0
73,2026-06-19 01:00:00+00:00,6,249,517,265,0.25,63,0.25301204819277107,0.9613152804642167,0.43133462282398455,0.5299806576402322,0.448692152917505,0.723404255319149,0.8858800773694391,0.9206963249516441,0.9215291750503017,0.45454545454545453,0.41392649903288203,0.4197292069632495,0.43520309477756286,0.0
73,2026-06-19 01:00:00+00:00,6,249,517,265,0.5,125,0.5020080321285141,0.9613152804642167,0.15087040618955513,0.8104448742746615,0.15694164989939638,0.5202127659574468,0.7485493230174082,0.8414893617021276,0.778672032193159,0.597678916827853,0.1528046421663443,0.1702127659574468,0.18578336557059955,0.0
73,2026-06-19 01:00:00+00:00,24,358,814,323,0.1,36,0.1005586592178771,0.9606879606879607,0.5995085995085995,0.3611793611793612,0.6240409207161125,0.828009828009828,0.9262899262899262,0.9422604422604423,0.9641943734015345,0.32678132678132676,0.5982800982800983,0.601965601965602,0.6056511056511057,0.0
73,2026-06-19 01:00:00+00:00,24,358,814,323,0.25,90,0.25139664804469275,0.9606879606879607,0.3808353808353808,0.5798525798525799,0.39641943734015345,0.7272727272727273,0.855036855036855,0.8992628992628993,0.8900255754475703,0.4742014742014742,0.37714987714987713,0.3820638820638821,0.386977886977887,0.0
73,2026-06-19 01:00:00+00:00,24,358,814,323,0.5,179,0.5,0.9606879606879607,0.14864864864864866,0.812039312039312,0.1547314578005115,0.5195331695331696,0.6793611793611793,0.7923832923832924,0.7071611253196931,0.5307125307125307,0.13022113022113022,0.15233415233415235,0.16707616707616707,0.0
74,2026-06-19 02:00:00+00:00,6,148,353,185,0.1,15,0.10135135135135136,0.9320113314447592,0.5694050991501416,0.36260623229461764,0.6109422492401215,0.7478753541076487,0.9065155807365439,0.9235127478753541,0.9726443768996961,0.33711048158640233,0.5694050991501416,0.5694050991501416,0.5694050991501416,0.0
74,2026-06-19 02:00:00+00:00,6,148,353,185,0.25,37,0.25,0.9320113314447592,0.34844192634560905,0.5835694050991502,0.37386018237082064,0.6542492917847026,0.8555240793201133,0.8923512747875354,0.9179331306990881,0.5070821529745042,0.34560906515580736,0.3597733711048159,0.36827195467422097,0.0
74,2026-06-19 02:00:00+00:00,6,148,353,185,0.5,74,0.5,0.9320113314447592,0.1359773371104816,0.7960339943342776,0.14589665653495443,0.43895184135977333,0.7039660056657224,0.8158640226628895,0.7553191489361702,0.5679886685552409,0.1103399433427762,0.14447592067988668,0.16997167138810199,0.0
74,2026-06-19 02:00:00+00:00,24,360,814,323,0.1,36,0.1,0.9606879606879607,0.6068796068796068,0.35380835380835385,0.6317135549872123,0.8292383292383292,0.9275184275184275,0.9447174447174447,0.9654731457800512,0.32063882063882065,0.6068796068796068,0.6068796068796068,0.6068796068796068,0.0
74,2026-06-19 02:00:00+00:00,24,360,814,323,0.25,90,0.25,0.9606879606879607,0.3832923832923833,0.5773955773955775,0.3989769820971867,0.7223587223587223,0.8587223587223587,0.898095823095823,0.8938618925831202,0.4754299754299754,0.3796068796068796,0.3845208845208845,0.3894963144963144,0.0
74,2026-06-19 02:00:00+00:00,24,360,814,323,0.5,180,0.5,0.9606879606879607,0.1511056511056511,0.8095823095823096,0.15728900255754474,0.5195945945945947,0.6769041769041769,0.7912162162162162,0.7046035805626598,0.5257985257985258,0.1375921375921376,0.1547911547911548,0.16836609336609332,0.0
75,2026-06-19 03:00:00+00:00,6,48,153,75,0.1,5,0.10416666666666667,0.8431372549019608,0.40522875816993464,0.43790849673202614,0.4806201550387597,0.5686274509803921,0.8169934640522876,0.8366013071895425,0.9689922480620154,0.4117647058823529,0.40522875816993464,0.40522875816993464,0.40522875816993464,0.002
75,2026-06-19 03:00:00+00:00,6,48,153,75,0.25,12,0.25,0.8431372549019608,0.16993464052287582,0.673202614379085,0.20155038759689922,0.43790849673202614,0.7647058823529411,0.8104575163398693,0.9069767441860465,0.5947712418300652,0.16993464052287582,0.16993464052287582,0.2222222222222222,0.0
75,2026-06-19 03:00:00+00:00,6,48,153,75,0.5,24,0.5,0.8431372549019608,0.05228758169934641,0.7908496732026143,0.06201550387596899,0.21568627450980393,0.48366013071895425,0.7450980392156863,0.5736434108527132,0.43137254901960786,0.0392156862745098,0.05228758169934641,0.0784313725490196,0.0
75,2026-06-19 03:00:00+00:00,24,361,815,323,0.1,37,0.10249307479224377,0.9595092024539877,0.6,0.35950920245398776,0.6253196930946291,0.8257055214723926,0.9214723926380368,0.9411042944785276,0.9603580562659847,0.32147239263803684,0.5865030674846625,0.6024539877300613,0.6061349693251534,0.0
75,2026-06-19 03:00:00+00:00,24,361,815,323,0.25,91,0.2520775623268698,0.9595092024539877,0.3803680981595092,0.5791411042944785,0.39641943734015345,0.7226993865030675,0.8478527607361963,0.8957055214723927,0.8836317135549872,0.4674846625766871,0.37668711656441717,0.3815950920245399,0.38773006134969323,0.0
75,2026-06-19 03:00:00+00:00,24,361,815,323,0.5,181,0.5013850415512465,0.9595092024539877,0.14969325153374233,0.8098159509202454,0.15601023017902813,0.5324539877300614,0.6699386503067485,0.790245398773006,0.6982097186700768,0.5202453987730061,0.13374233128834356,0.15153374233128836,0.1644785276073619,0.0
76,2026-06-19 04:00:00+00:00,6,24,57,15,0.1,3,0.125,0.8947368421052632,0.2982456140350877,0.5964912280701755,0.3333333333333333,0.43859649122807015,0.7894736842105263,0.8771929824561403,0.8823529411764706,0.4912280701754386,0.2982456140350877,0.42105263157894735,0.45614035087719296,0.002
76,2026-06-19 04:00:00+00:00,6,24,57,15,0.25,6,0.25,0.8947368421052632,0.15789473684210525,0.736842105263158,0.1764705882352941,0.3684210526315789,0.543859649122807,0.8421052631578947,0.607843137254902,0.3859649122807018,0.15789473684210525,0.15789473684210525,0.15789473684210525,0.0
76,2026-06-19 04:00:00+00:00,6,24,57,15,0.5,12,0.5,0.8947368421052632,0.08771929824561403,0.8070175438596492,0.09803921568627451,0.15789473684210525,0.3508771929824561,0.579824561403508,0.39215686274509803,0.2631578947368421,0.08771929824561403,0.08771929824561403,0.12280701754385964,0.006
76,2026-06-19 04:00:00+00:00,24,366,823,323,0.1,37,0.10109289617486339,0.9817739975698664,0.6026731470230863,0.3791008505467801,0.6138613861386139,0.8468408262454435,0.9416767922235723,0.9611178614823815,0.9591584158415841,0.339003645200486,0.5880923450789793,0.6051032806804374,0.6087484811664642,0.0
76,2026-06-19 04:00:00+00:00,24,366,823,323,0.25,92,0.25136612021857924,0.9817739975698664,0.38153098420413123,0.6002430133657352,0.3886138613861386,0.7459295261239368,0.8639125151883353,0.9088699878493317,0.8799504950495048,0.4823815309842041,0.37667071688942894,0.38153098420413123,0.38760631834750914,0.0
76,2026-06-19 04:00:00+00:00,24,366,823,323,0.5,183,0.5,0.9817739975698664,0.1433778857837181,0.8383961117861483,0.14603960396039603,0.5370595382746051,0.669501822600243,0.7923450789793438,0.681930693069307,0.5261239368165249,0.1336573511543135,0.15188335358444716,0.1652490886998785,0.0
77,2026-06-19 05:00:00+00:00,6,24,57,15,0.1,3,0.125,0.9122807017543859,0.2982456140350877,0.6140350877192982,0.3269230769230769,0.45526315789473687,0.8070175438596491,0.8947368421052632,0.8846153846153846,0.5087719298245614,0.2982456140350877,0.42105263157894735,0.45614035087719296,0.0
77,2026-06-19 05:00:00+00:00,6,24,57,15,0.25,6,0.25,0.9122807017543859,0.15789473684210525,0.7543859649122806,0.17307692307692307,0.3684210526315789,0.5087719298245614,0.8596491228070176,0.5576923076923077,0.3508771929824562,0.15789473684210525,0.15789473684210525,0.15789473684210525,0.0
77,2026-06-19 05:00:00+00:00,6,24,57,15,0.5,12,0.5,0.9122807017543859,0.08771929824561403,0.8245614035087718,0.09615384615384616,0.17543859649122806,0.3508771929824561,0.5614035087719298,0.38461538461538464,0.2631578947368421,0.08771929824561403,0.08771929824561403,0.12280701754385964,0.004
77,2026-06-19 05:00:00+00:00,24,364,823,323,0.1,37,0.10164835164835165,0.9793438639125152,0.5990279465370595,0.38031591737545567,0.6116625310173697,0.8347509113001215,0.9380315917375456,0.9611178614823815,0.9578163771712159,0.3390036452004861,0.5880923450789793,0.6014580801944107,0.6051032806804374,0.0
77,2026-06-19 05:00:00+00:00,24,364,823,323,0.25,91,0.25,0.9793438639125152,0.3839611178614824,0.5953827460510328,0.39205955334987597,0.736269744835966,0.8626974483596598,0.9077156743620899,0.8808933002481389,0.4787363304981774,0.38031591737545567,0.38517618469015796,0.39003645200486026,0.0
77,2026-06-19 05:00:00+00:00,24,364,823,323,0.5,182,0.5,0.9793438639125152,0.1543134872417983,0.8250303766707169,0.15756823821339952,0.5393681652490887,0.6816524908869988,0.7946537059538274,0.6960297766749379,0.5273390036452005,0.13730255164034022,0.15552855407047386,0.1701093560145808,0.0
78,2026-06-19 06:00:00+00:00,6,24,54,14,0.1,3,0.125,0.48148148148148145,0.25925925925925924,0.2222222222222222,0.5384615384615384,0.3888888888888889,0.4444444444444444,0.48148148148148145,0.9230769230769231,0.18518518518518517,0.25925925925925924,0.25925925925925924,0.25925925925925924,0.002
78,2026-06-19 06:00:00+00:00,6,24,54,14,0.25,6,0.25,0.48148148148148145,0.1111111111111111,0.37037037037037035,0.23076923076923078,0.3148148148148148,0.4074074074074074,0.48148148148148145,0.8461538461538461,0.2962962962962963,0.1111111111111111,0.1111111111111111,0.1111111111111111,0.0
78,2026-06-19 06:00:00+00:00,6,24,54,14,0.5,12,0.5,0.48148148148148145,0.09259259259259259,0.38888888888888884,0.19230769230769232,0.14814814814814814,0.3148148148148148,0.42592592592592593,0.6538461538461539,0.22222222222222224,0.07407407407407407,0.09259259259259259,0.1111111111111111,0.016
78,2026-06-19 06:00:00+00:00,24,366,824,323,0.1,37,0.10109289617486339,0.9769417475728155,0.5983009708737864,0.37864077669902907,0.6124223602484472,0.8483009708737864,0.9387135922330097,0.9575242718446602,0.9608695652173913,0.34041262135922323,0.587378640776699,0.6007281553398058,0.6043689320388349,0.0
78,2026-06-19 06:00:00+00:00,24,366,824,323,0.25,92,0.25136612021857924,0.9769417475728155,0.38106796116504854,0.595873786407767,0.39006211180124223,0.7365898058252427,0.8604368932038835,0.9054004854368932,0.8807453416149069,0.47936893203883496,0.3774271844660194,0.38106796116504854,0.3871359223300971,0.0
78,2026-06-19 06:00:00+00:00,24,366,824,323,0.5,183,0.5,0.9769417475728155,0.154126213592233,0.8228155339805825,0.15776397515527948,0.5315533980582524,0.6735436893203883,0.7865291262135921,0.6894409937888198,0.5194174757281553,0.13592233009708737,0.1553398058252427,0.16868932038834952,0.0
79,2026-06-19 07:00:00+00:00,6,18,37,11,0.1,2,0.1111111111111111,0.5135135135135135,0.16216216216216217,0.3513513513513513,0.31578947368421056,0.35135135135135137,0.4864864864864865,0.5135135135135135,0.9473684210526316,0.32432432432432434,0.16216216216216217,0.16216216216216217,0.16216216216216217,0.006
79,2026-06-19 07:00:00+00:00,6,18,37,11,0.25,5,0.2777777777777778,0.5135135135135135,0.16216216216216217,0.3513513513513513,0.31578947368421056,0.16216216216216217,0.40540540540540543,0.4864864864864865,0.7894736842105264,0.24324324324324326,0.16216216216216217,0.16216216216216217,0.16216216216216217,0.06
79,2026-06-19 07:00:00+00:00,6,18,37,11,0.5,9,0.5,0.5135135135135135,0.13513513513513514,0.37837837837837834,0.26315789473684215,0.10810810810810811,0.32432432432432434,0.43243243243243246,0.6315789473684211,0.1891891891891892,0.08108108108108109,0.10810810810810811,0.16216216216216217,0.22
79,2026-06-19 07:00:00+00:00,24,366,821,323,0.1,37,0.10109289617486339,0.9780755176613886,0.5980511571254568,0.3800243605359318,0.6114570361145704,0.8343483556638246,0.9366626065773447,0.9598051157125457,0.9576587795765877,0.3386114494518879,0.5895249695493301,0.6004872107186358,0.6041412911084044,0.0
79,2026-06-19 07:00:00+00:00,24,366,821,323,0.25,92,0.25136612021857924,0.9780755176613886,0.38246041412911086,0.5956151035322776,0.39103362391033625,0.7259439707673568,0.856272838002436,0.9062119366626066,0.8754669987546699,0.4738124238733252,0.3787454323995128,0.38246041412911086,0.38739342265529836,0.0
79,2026-06-19 07:00:00+00:00,24,366,821,323,0.5,183,0.5,0.9780755176613886,0.15347137637028013,0.8246041412911085,0.1569115815691158,0.5298416565164433,0.6808769792935444,0.7929354445797807,0.6961394769613947,0.5274056029232643,0.13398294762484775,0.15468940316686966,0.1668696711327649,0.0
80,2026-06-19 08:00:00+00:00,6,13,24,10,0.1,2,0.15384615384615385,0.5416666666666666,0.25,0.29166666666666663,0.46153846153846156,0.20833333333333334,0.5416666666666666,0.5416666666666666,1.0,0.29166666666666663,0.25,0.25,0.25,0.122
80,2026-06-19 08:00:00+00:00,6,13,24,10,0.25,4,0.3076923076923077,0.5416666666666666,0.20833333333333334,0.33333333333333326,0.38461538461538464,0.16666666666666666,0.4583333333333333,0.5416666666666666,0.8461538461538461,0.24999999999999997,0.16666666666666666,0.20833333333333334,0.25,0.238
80,2026-06-19 08:00:00+00:00,6,13,24,10,0.5,7,0.5384615384615384,0.5416666666666666,0.16666666666666666,0.375,0.3076923076923077,0.125,0.4166666666666667,0.5416666666666666,0.7692307692307693,0.25,0.125,0.16666666666666666,0.20833333333333334,0.43
80,2026-06-19 08:00:00+00:00,24,364,819,323,0.1,37,0.10164835164835165,0.9804639804639804,0.5982905982905983,0.38217338217338215,0.6102117061021171,0.8387667887667888,0.938949938949939,0.960927960927961,0.9576587795765878,0.34065934065934067,0.590964590964591,0.6007326007326007,0.6043956043956044,0.0
80,2026-06-19 08:00:00+00:00,24,364,819,323,0.25,91,0.25,0.9804639804639804,0.38583638583638585,0.5946275946275945,0.39352428393524286,0.7374236874236875,0.8669108669108669,0.912148962148962,0.8841843088418432,0.4810744810744811,0.38217338217338215,0.38705738705738707,0.39194139194139194,0.0
80,2026-06-19 08:00:00+00:00,24,364,819,323,0.5,182,0.5,0.9804639804639804,0.15506715506715507,0.8253968253968254,0.15815691158156914,0.536019536019536,0.7008547008547008,0.7961538461538461,0.7148194271481942,0.5457875457875457,0.13675213675213677,0.1562881562881563,0.16971916971916973,0.0
81,2026-06-19 09:00:00+00:00,6,14,26,12,0.1,2,0.14285714285714285,0.7307692307692307,0.23076923076923078,0.49999999999999994,0.31578947368421056,0.23076923076923078,0.6923076923076923,0.7307692307692307,0.9473684210526316,0.4615384615384615,0.23076923076923078,0.23076923076923078,0.23076923076923078,0.134
81,2026-06-19 09:00:00+00:00,6,14,26,12,0.25,4,0.2857142857142857,0.7307692307692307,0.19230769230769232,0.5384615384615384,0.26315789473684215,0.19230769230769232,0.6153846153846154,0.7307692307692307,0.8421052631578948,0.42307692307692313,0.15384615384615385,0.19230769230769232,0.23076923076923078,0.226
81,2026-06-19 09:00:00+00:00,6,14,26,12,0.5,7,0.5,0.7307692307692307,0.15384615384615385,0.5769230769230769,0.2105263157894737,0.11538461538461539,0.34615384615384615,0.6538461538461539,0.4736842105263158,0.1923076923076923,0.11538461538461539,0.15384615384615385,0.19230769230769232,0.296
81,2026-06-19 09:00:00+00:00,24,366,822,323,0.1,37,0.10109289617486339,0.9781021897810219,0.5948905109489051,0.3832116788321168,0.6082089552238805,0.8442822384428224,0.940389294403893,0.9610705596107056,0.9614427860696517,0.34549878345498786,0.5936739659367397,0.597323600973236,0.6009732360097324,0.0
81,2026-06-19 09:00:00+00:00,24,366,822,323,0.25,92,0.25136612021857924,0.9781021897810219,0.3819951338199513,0.5961070559610706,0.390547263681592,0.7248783454987835,0.8637469586374696,0.9124087591240876,0.8830845771144279,0.4817518248175183,0.37834549878345497,0.38321167883211676,0.38686131386861317,0.0
81,2026-06-19 09:00:00+00:00,24,366,822,323,0.5,183,0.5,0.9781021897810219,0.15328467153284672,0.8248175182481752,0.15671641791044777,0.5376520681265207,0.6891727493917275,0.791970802919708,0.7046019900497512,0.5358880778588807,0.13260340632603407,0.15328467153284672,0.1678832116788321,0.0
82,2026-06-19 10:00:00+00:00,6,8,22,12,0.1,1,0.125,0.7272727272727273,0.2727272727272727,0.4545454545454546,0.37499999999999994,0.2727272727272727,0.7272727272727273,0.7272727272727273,1.0,0.4545454545454546,0.2727272727272727,0.2727272727272727,0.2727272727272727,0.15
82,2026-06-19 10:00:00+00:00,6,8,22,12,0.25,2,0.25,0.7272727272727273,0.2727272727272727,0.4545454545454546,0.37499999999999994,0.18181818181818182,0.5909090909090909,0.7272727272727273,0.8125,0.31818181818181823,0.18181818181818182,0.18181818181818182,0.2727272727272727,0.274
82,2026-06-19 10:00:00+00:00,6,8,22,12,0.5,4,0.5,0.7272727272727273,0.13636363636363635,0.5909090909090909,0.18749999999999997,0.13636363636363635,0.22727272727272727,0.6363636363636364,0.3125,0.09090909090909091,0.09090909090909091,0.13636363636363635,0.18181818181818182,0.192
82,2026-06-19 10:00:00+00:00,24,368,827,323,0.1,37,0.10054347826086957,0.9746070133010882,0.5912938331318017,0.3833131801692865,0.6066997518610422,0.841596130592503,0.9383313180169287,0.9564691656590084,0.9627791563275435,0.347037484885127,0.5900846432889963,0.5937122128174124,0.5973397823458283,0.0
82,2026-06-19 10:00:00+00:00,24,368,827,323,0.25,92,0.25,0.9746070133010882,0.37968561064087064,0.5949214026602176,0.3895781637717122,0.7351874244256348,0.8603385731559855,0.9093712212817412,0.8827543424317619,0.48065296251511486,0.37484885126964934,0.37968561064087064,0.3857315598548972,0.0
82,2026-06-19 10:00:00+00:00,24,368,827,323,0.5,184,0.5,0.9746070133010882,0.14268440145102781,0.8319226118500604,0.14640198511166255,0.5331922611850061,0.685006045949214,0.7885126964933494,0.7028535980148883,0.5423216444981862,0.13422007255139057,0.15114873035066506,0.16686819830713423,0.0
83,2026-06-19 11:00:00+00:00,6,7,23,16,0.1,1,0.14285714285714285,0.7391304347826086,0.17391304347826086,0.5652173913043478,0.23529411764705882,0.17391304347826086,0.7391304347826086,0.7391304347826086,1.0,0.5652173913043478,0.17391304347826086,0.17391304347826086,0.17391304347826086,0.146
83,2026-06-19 11:00:00+00:00,6,7,23,16,0.25,2,0.2857142857142857,0.7391304347826086,0.17391304347826086,0.5652173913043478,0.23529411764705882,0.17391304347826086,0.6956521739130435,0.7391304347826086,0.9411764705882353,0.5217391304347826,0.17391304347826086,0.17391304347826086,0.17391304347826086,0.294
83,2026-06-19 11:00:00+00:00,6,7,23,16,0.5,4,0.5714285714285714,0.7391304347826086,0.13043478260869565,0.608695652173913,0.17647058823529413,0.08695652173913043,0.17391304347826086,0.7391304347826086,0.23529411764705882,0.043478260869565216,0.08695652173913043,0.10869565217391304,0.13043478260869565,0.326
83,2026-06-19 11:00:00+00:00,24,369,827,323,0.1,37,0.1002710027100271,0.9746070133010882,0.5888754534461911,0.38573155985489715,0.6042183622828785,0.837968561064087,0.9371221281741233,0.9564691656590084,0.9615384615384616,0.34824667472793225,0.5876662636033857,0.5912938331318017,0.5949214026602176,0.0
83,2026-06-19 11:00:00+00:00,24,369,827,323,0.25,93,0.25203252032520324,0.9746070133010882,0.3784764207980653,0.5961305925030229,0.38833746898263033,0.7314389359129383,0.8609431680773881,0.909310761789601,0.8833746898263027,0.4824667472793228,0.373639661426844,0.37726723095526,0.38210399032648124,0.0
83,2026-06-19 11:00:00+00:00,24,369,827,323,0.5,185,0.5013550135501355,0.9746070133010882,0.13784764207980654,0.8367593712212817,0.14143920595533502,0.524788391777509,0.6759371221281741,0.7836154776299878,0.6935483870967742,0.5380894800483675,0.13295042321644499,0.15114873035066506,0.16444981862152358,0.0
84,2026-06-19 12:00:00+00:00,6,8,20,15,0.1,1,0.125,0.75,0.2,0.55,0.26666666666666666,0.2,0.75,0.75,1.0,0.55,0.2,0.2,0.2,0.138
84,2026-06-19 12:00:00+00:00,6,8,20,15,0.25,2,0.25,0.75,0.2,0.55,0.26666666666666666,0.15,0.75,0.75,1.0,0.55,0.2,0.2,0.2,0.276
84,2026-06-19 12:00:00+00:00,6,8,20,15,0.5,4,0.5,0.75,0.2,0.55,0.26666666666666666,0.15,0.2,0.75,0.26666666666666666,0.0,0.1,0.15,0.2,0.52
84,2026-06-19 12:00:00+00:00,24,370,825,323,0.1,37,0.1,0.9769696969696969,0.5903030303030303,0.3866666666666666,0.6042183622828785,0.8375151515151514,0.9418181818181818,0.960060606060606,0.9640198511166254,0.35151515151515145,0.5890909090909091,0.5927272727272728,0.5963636363636363,0.0
84,2026-06-19 12:00:00+00:00,24,370,825,323,0.25,93,0.25135135135135134,0.9769696969696969,0.3793939393939394,0.5975757575757575,0.3883374689826303,0.7321212121212122,0.8618181818181818,0.9115151515151515,0.8821339950372209,0.4824242424242424,0.37454545454545457,0.3781818181818182,0.38303030303030305,0.0
84,2026-06-19 12:00:00+00:00,24,370,825,323,0.5,185,0.5,0.9769696969696969,0.13818181818181818,0.8387878787878787,0.141439205955335,0.5369090909090909,0.6872727272727273,0.7927272727272727,0.7034739454094293,0.5490909090909091,0.1284242424242424,0.15151515151515152,0.16606060606060605,0.0
85,2026-06-19 13:00:00+00:00,6,17,36,16,0.1,2,0.11764705882352941,0.4722222222222222,0.16666666666666666,0.3055555555555556,0.3529411764705882,0.2222222222222222,0.4722222222222222,0.4722222222222222,1.0,0.3055555555555556,0.16666666666666666,0.16666666666666666,0.16666666666666666,0.028
85,2026-06-19 13:00:00+00:00,6,17,36,16,0.25,5,0.29411764705882354,0.4722222222222222,0.1111111111111111,0.3611111111111111,0.23529411764705882,0.1111111111111111,0.4444444444444444,0.4722222222222222,0.9411764705882353,0.3333333333333333,0.1111111111111111,0.1111111111111111,0.1111111111111111,0.052
85,2026-06-19 13:00:00+00:00,6,17,36,16,0.5,9,0.5294117647058824,0.4722222222222222,0.1111111111111111,0.3611111111111111,0.23529411764705882,0.08333333333333333,0.16666666666666666,0.4722222222222222,0.3529411764705882,0.05555555555555555,0.05555555555555555,0.08333333333333333,0.1111111111111111,0.294
85,2026-06-19 13:00:00+00:00,24,379,840,323,0.1,38,0.10026385224274406,0.9630952380952381,0.5797619047619048,0.3833333333333333,0.6019777503090236,0.8332738095238096,0.9297619047619048,0.9464880952380952,0.965389369592089,0.35,0.5726190476190476,0.5761904761904761,0.5821428571428572,0.0
85,2026-06-19 13:00:00+00:00,24,379,840,323,0.25,95,0.25065963060686014,0.9630952380952381,0.36428571428571427,0.5988095238095239,0.37824474660074164,0.7214285714285714,0.8523809523809524,0.9011904761904762,0.8850432632880099,0.4880952380952381,0.36428571428571427,0.36666666666666664,0.37023809523809526,0.0
85,2026-06-19 13:00:00+00:00,24,379,840,323,0.5,190,0.5013192612137203,0.9630952380952381,0.1261904761904762,0.8369047619047619,0.13102595797280592,0.5285119047619048,0.6648809523809524,0.7845833333333333,0.6903584672435105,0.5386904761904762,0.12380952380952381,0.14404761904761904,0.15833333333333333,0.0
86,2026-06-19 14:00:00+00:00,6,17,26,3,0.1,2,0.11764705882352941,0.2692307692307692,0.2692307692307692,0.0,1.0,0.23076923076923078,0.2692307692307692,0.2692307692307692,1.0,0.0,0.19230769230769232,0.2692307692307692,0.2692307692307692,1.0
86,2026-06-19 14:00:00+00:00,6,17,26,3,0.25,5,0.29411764705882354,0.2692307692307692,0.19230769230769232,0.0769230769230769,0.7142857142857144,0.15384615384615385,0.23076923076923078,0.2692307692307692,0.8571428571428572,0.038461538461538464,0.15384615384615385,0.19230769230769232,0.19230769230769232,0.308
86,2026-06-19 14:00:00+00:00,6,17,26,3,0.5,9,0.5294117647058824,0.2692307692307692,0.15384615384615385,0.11538461538461536,0.5714285714285715,0.11538461538461539,0.15384615384615385,0.23076923076923078,0.5714285714285715,0.0,0.11538461538461539,0.15384615384615385,0.19230769230769232,0.522
86,2026-06-19 14:00:00+00:00,24,376,826,323,0.1,38,0.10106382978723404,0.9467312348668281,0.589588377723971,0.3571428571428571,0.6227621483375959,0.8183414043583535,0.9116222760290557,0.9285714285714286,0.9629156010230179,0.32203389830508466,0.5774818401937046,0.5835351089588378,0.5896489104116223,0.0
86,2026-06-19 14:00:00+00:00,24,376,826,323,0.25,94,0.25,0.9467312348668281,0.3668280871670702,0.5799031476997578,0.3874680306905371,0.7105326876513317,0.8450363196125908,0.8825665859564165,0.8925831202046036,0.47820823244552063,0.3668280871670702,0.3668280871670702,0.3668280871670702,0.0
86,2026-06-19 14:00:00+00:00,24,376,826,323,0.5,188,0.5,0.9467312348668281,0.10653753026634383,0.8401937046004843,0.11253196930946292,0.5169491525423728,0.6658595641646489,0.7785108958837772,0.7033248081841432,0.559322033898305,0.1162227602905569,0.13801452784503632,0.1526029055690072,0.0
87,2026-06-19 15:00:00+00:00,6,18,31,7,0.1,2,0.1111111111111111,0.3870967741935484,0.1935483870967742,0.1935483870967742,0.5,0.3225806451612903,0.3548387096774194,0.3870967741935484,0.9166666666666667,0.16129032258064518,0.1935483870967742,0.1935483870967742,0.1935483870967742,0.004
87,2026-06-19 15:00:00+00:00,6,18,31,7,0.25,5,0.2777777777777778,0.3870967741935484,0.1935483870967742,0.1935483870967742,0.5,0.1935483870967742,0.3225806451612903,0.3870967741935484,0.8333333333333334,0.12903225806451613,0.16129032258064516,0.1935483870967742,0.1935483870967742,0.07
87,2026-06-19 15:00:00+00:00,6,18,31,7,0.5,9,0.5,0.3870967741935484,0.12903225806451613,0.25806451612903225,0.3333333333333333,0.12903225806451613,0.25806451612903225,0.3225806451612903,0.6666666666666666,0.12903225806451613,0.0967741935483871,0.12903225806451613,0.1935483870967742,0.146
87,2026-06-19 15:00:00+00:00,24,377,831,323,0.1,38,0.10079575596816977,0.9302045728038508,0.5691937424789411,0.36101083032490977,0.6119016817593791,0.8002406738868832,0.8965102286401926,0.9133574007220217,0.963777490297542,0.32731648616125153,0.5571600481347774,0.5631768953068592,0.5691937424789411,0.0
87,2026-06-19 15:00:00+00:00,24,377,831,323,0.25,95,0.2519893899204244,0.9302045728038508,0.33935018050541516,0.5908543922984357,0.3648124191461837,0.700300842358604,0.8267148014440433,0.8700962695547533,0.888745148771022,0.48736462093862815,0.33574007220216606,0.33935018050541516,0.3417569193742479,0.0
87,2026-06-19 15:00:00+00:00,24,377,831,323,0.5,189,0.5013262599469496,0.9302045728038508,0.09626955475330927,0.8339350180505416,0.1034928848641656,0.5065583634175691,0.6510228640192539,0.7677496991576414,0.6998706338939198,0.5547533092659447,0.1095066185318893,0.1299638989169675,0.14560770156438027,0.0
88,2026-06-19 16:00:00+00:00,6,13,22,3,0.1,2,0.15384615384615385,0.2727272727272727,0.2727272727272727,0.0,1.0,0.22727272727272727,0.2727272727272727,0.2727272727272727,1.0,0.0,0.2727272727272727,0.2727272727272727,0.2727272727272727,1.0
88,2026-06-19 16:00:00+00:00,6,13,22,3,0.25,4,0.3076923076923077,0.2727272727272727,0.2727272727272727,0.0,1.0,0.18181818181818182,0.22727272727272727,0.2727272727272727,0.8333333333333334,-0.04545454545454544,0.22727272727272727,0.22727272727272727,0.2727272727272727,1.0
88,2026-06-19 16:00:00+00:00,6,13,22,3,0.5,7,0.5384615384615384,0.2727272727272727,0.18181818181818182,0.09090909090909088,0.6666666666666667,0.13636363636363635,0.18181818181818182,0.2727272727272727,0.6666666666666667,0.0,0.13636363636363635,0.18181818181818182,0.22727272727272727,0.674
88,2026-06-19 16:00:00+00:00,24,359,793,323,0.1,36,0.10027855153203342,0.935687263556116,0.562421185372005,0.37326607818411095,0.601078167115903,0.8045397225725095,0.905422446406053,0.9205548549810845,0.967654986522911,0.34300126103404793,0.5523329129886507,0.5586380832282472,0.5649432534678437,0.0
88,2026-06-19 16:00:00+00:00,24,359,793,323,0.25,90,0.25069637883008355,0.935687263556116,0.34300126103404793,0.592686002522068,0.3665768194070081,0.7010718789407314,0.8385876418663304,0.8777427490542244,0.8962264150943396,0.49558638083228246,0.34300126103404793,0.34300126103404793,0.34300126103404793,0.0
88,2026-06-19 16:00:00+00:00,24,359,793,323,0.5,180,0.5013927576601671,0.935687263556116,0.09962168978562422,0.8360655737704917,0.1064690026954178,0.5006305170239597,0.6683480453972257,0.7793820933165195,0.7142857142857143,0.5687263556116015,0.10592686002522068,0.12799495586380832,0.1450819672131147,0.0
89,2026-06-19 17:00:00+00:00,6,13,22,3,0.1,2,0.15384615384615385,0.3181818181818182,0.3181818181818182,0.0,1.0,0.22727272727272727,0.2727272727272727,0.3181818181818182,0.8571428571428571,-0.04545454545454547,0.3181818181818182,0.3181818181818182,0.3181818181818182,1.0
89,2026-06-19 17:00:00+00:00,6,13,22,3,0.25,4,0.3076923076923077,0.3181818181818182,0.3181818181818182,0.0,1.0,0.18181818181818182,0.22727272727272727,0.2749999999999979,0.7142857142857143,-0.09090909090909091,0.22727272727272727,0.2727272727272727,0.3181818181818182,1.0
89,2026-06-19 17:00:00+00:00,6,13,22,3,0.5,7,0.5384615384615384,0.3181818181818182,0.18181818181818182,0.13636363636363635,0.5714285714285715,0.13636363636363635,0.18181818181818182,0.22727272727272727,0.5714285714285715,0.0,0.13636363636363635,0.18181818181818182,0.2727272727272727,0.766
89,2026-06-19 17:00:00+00:00,24,341,757,323,0.1,35,0.10263929618768329,0.9458388375165125,0.5574636723910171,0.3883751651254954,0.5893854748603351,0.8031043593130779,0.9128137384412153,0.9299867899603699,0.9650837988826815,0.35535006605019814,0.5495376486129459,0.5561426684280053,0.5574636723910171,0.0
89,2026-06-19 17:00:00+00:00,24,341,757,323,0.25,86,0.25219941348973607,0.9458388375165125,0.35931307793923384,0.5865257595772787,0.3798882681564246,0.6895640686922061,0.845442536327609,0.8864597093791281,0.893854748603352,0.4861294583883752,0.35402906208718626,0.3579920739762219,0.3606340819022457,0.0
89,2026-06-19 17:00:00+00:00,24,341,757,323,0.5,171,0.501466275659824,0.9458388375165125,0.11624834874504623,0.8295904887714664,0.12290502793296089,0.5033025099075297,0.6499339498018494,0.7887054161162483,0.6871508379888268,0.5336856010568032,0.10171730515191546,0.12417437252311757,0.142668428005284,0.0
90,2026-06-19 18:00:00+00:00,6,10,19,3,0.1,1,0.1,0.2631578947368421,0.2631578947368421,0.0,1.0,0.21052631578947367,0.2631578947368421,0.2631578947368421,1.0,0.0,0.2631578947368421,0.2631578947368421,0.2631578947368421,1.0
90,2026-06-19 18:00:00+00:00,6,10,19,3,0.25,3,0.3,0.2631578947368421,0.2631578947368421,0.0,1.0,0.15789473684210525,0.21052631578947367,0.2631578947368421,0.8,-0.05263157894736842,0.2631578947368421,0.2631578947368421,0.2631578947368421,1.0
90,2026-06-19 18:00:00+00:00,6,10,19,3,0.5,5,0.5,0.2631578947368421,0.2631578947368421,0.0,1.0,0.15789473684210525,0.15789473684210525,0.21052631578947367,0.6,-0.10526315789473684,0.15789473684210525,0.21052631578947367,0.2631578947368421,1.0
90,2026-06-19 18:00:00+00:00,24,318,697,310,0.1,32,0.10062893081761007,0.9483500717360115,0.5523672883787661,0.39598278335724535,0.5824508320726173,0.7918938307030129,0.9182209469153515,0.9340028694404591,0.9682299546142209,0.36585365853658536,0.5437589670014347,0.5466284074605452,0.5523672883787661,0.0
90,2026-06-19 18:00:00+00:00,24,318,697,310,0.25,80,0.25157232704402516,0.9483500717360115,0.3586800573888092,0.5896700143472022,0.37821482602118006,0.6771879483500718,0.8493543758967002,0.8938307030129125,0.8956127080181543,0.49067431850789095,0.351506456241033,0.35581061692969873,0.3601147776183644,0.0
90,2026-06-19 18:00:00+00:00,24,318,697,310,0.5,159,0.5,0.9483500717360115,0.12195121951219512,0.8263988522238164,0.12859304084720122,0.5020803443328551,0.6642754662840746,0.8048780487804879,0.7004538577912255,0.5423242467718795,0.10329985652797705,0.1291248206599713,0.14777618364418937,0.0
91,2026-06-19 19:00:00+00:00,6,5,11,4,0.1,1,0.2,0.45454545454545453,0.2727272727272727,0.18181818181818182,0.6,0.2727272727272727,0.45454545454545453,0.45454545454545453,1.0,0.18181818181818182,0.2727272727272727,0.2727272727272727,0.2727272727272727,0.172
91,2026-06-19 19:00:00+00:00,6,5,11,4,0.25,2,0.4,0.45454545454545453,0.2727272727272727,0.18181818181818182,0.6,0.2727272727272727,0.36363636363636365,0.45454545454545453,0.8,0.09090909090909094,0.2727272727272727,0.2727272727272727,0.2727272727272727,0.394
91,2026-06-19 19:00:00+00:00,6,5,11,4,0.5,3,0.6,0.45454545454545453,0.2727272727272727,0.18181818181818182,0.6,0.18181818181818182,0.2727272727272727,0.45454545454545453,0.6,0.0,0.18181818181818182,0.18181818181818182,0.2727272727272727,0.596
91,2026-06-19 19:00:00+00:00,24,264,542,265,0.1,27,0.10227272727272728,0.9243542435424354,0.5571955719557196,0.3671586715867159,0.6027944111776447,0.7730627306273062,0.8966789667896679,0.9114391143911439,0.9700598802395208,0.3394833948339483,0.5571955719557196,0.5571955719557196,0.5571955719557196,0.0
91,2026-06-19 19:00:00+00:00,24,264,542,265,0.25,66,0.25,0.9243542435424354,0.36162361623616235,0.5627306273062731,0.39121756487025944,0.662269372693727,0.8394833948339483,0.8763837638376384,0.9081836327345308,0.47785977859778594,0.35977859778597787,0.3671586715867159,0.3763837638376384,0.0
91,2026-06-19 19:00:00+00:00,24,264,542,265,0.5,132,0.5,0.9243542435424354,0.13099630996309963,0.7933579335793358,0.14171656686626746,0.4777675276752768,0.6429889298892989,0.8007380073800738,0.6956087824351297,0.5119926199261993,0.11439114391143912,0.13653136531365315,0.15498154981549817,0.0
92,2026-06-19 20:00:00+00:00,6,8,14,4,0.1,1,0.125,0.35714285714285715,0.2857142857142857,0.07142857142857145,0.7999999999999999,0.2857142857142857,0.35714285714285715,0.35714285714285715,1.0,0.07142857142857145,0.2857142857142857,0.2857142857142857,0.2857142857142857,0.238
92,2026-06-19 20:00:00+00:00,6,8,14,4,0.25,2,0.25,0.35714285714285715,0.2857142857142857,0.07142857142857145,0.7999999999999999,0.21428571428571427,0.35714285714285715,0.35714285714285715,1.0,0.07142857142857145,0.21428571428571427,0.21428571428571427,0.2857142857142857,0.426
92,2026-06-19 20:00:00+00:00,6,8,14,4,0.5,4,0.5,0.35714285714285715,0.21428571428571427,0.14285714285714288,0.6,0.21428571428571427,0.2857142857142857,0.35714285714285715,0.7999999999999999,0.07142857142857142,0.21428571428571427,0.21428571428571427,0.21428571428571427,0.348
92,2026-06-19 20:00:00+00:00,24,168,382,185,0.1,17,0.10119047619047619,0.8350785340314136,0.4476439790575916,0.387434554973822,0.5360501567398119,0.6544502617801047,0.8115183246073299,0.8272251308900523,0.9717868338557993,0.36387434554973824,0.4319371727748691,0.44502617801047123,0.4607329842931937,0.0
92,2026-06-19 20:00:00+00:00,24,168,382,185,0.25,42,0.25,0.8350785340314136,0.2643979057591623,0.5706806282722514,0.3166144200626959,0.5654450261780105,0.7643979057591623,0.7984293193717278,0.9153605015673981,0.5,0.25641361256544504,0.2643979057591623,0.2696335078534031,0.0
92,2026-06-19 20:00:00+00:00,24,168,382,185,0.5,84,0.5,0.8350785340314136,0.07853403141361257,0.756544502617801,0.09404388714733541,0.3816753926701571,0.6361256544502618,0.7356020942408377,0.7617554858934169,0.5575916230366492,0.07853403141361257,0.07853403141361257,0.0968586387434555,0.0
93,2026-06-19 21:00:00+00:00,6,15,25,8,0.1,2,0.13333333333333333,0.4,0.32,0.08000000000000002,0.7999999999999999,0.32,0.4,0.4,1.0,0.08000000000000002,0.32,0.32,0.32,0.134
93,2026-06-19 21:00:00+00:00,6,15,25,8,0.25,4,0.26666666666666666,0.4,0.16,0.24000000000000002,0.39999999999999997,0.24,0.36,0.4,0.8999999999999999,0.19999999999999998,0.16,0.16,0.16,0.012
93,2026-06-19 21:00:00+00:00,6,15,25,8,0.5,8,0.5333333333333333,0.4,0.12,0.28,0.3,0.12,0.30000000000000004,0.4,0.7500000000000001,0.18000000000000005,0.12,0.16,0.16,0.078
93,2026-06-19 21:00:00+00:00,24,81,198,75,0.1,9,0.1111111111111111,0.6464646464646465,0.14646464646464646,0.5,0.22656249999999997,0.41919191919191917,0.6262626262626263,0.6414141414141414,0.96875,0.47979797979797983,0.14646464646464646,0.18686868686868688,0.20202020202020202,0.0
93,2026-06-19 21:00:00+00:00,24,81,198,75,0.25,21,0.25925925925925924,0.6464646464646465,0.09595959595959595,0.5505050505050506,0.14843749999999997,0.30782828282828284,0.5707070707070707,0.6262626262626263,0.8828124999999999,0.47474747474747475,0.045454545454545456,0.08080808080808081,0.09595959595959595,0.0
93,2026-06-19 21:00:00+00:00,24,81,198,75,0.5,41,0.5061728395061729,0.6464646464646465,0.03535353535353535,0.6111111111111112,0.05468749999999999,0.14116161616161618,0.34090909090909094,0.5656565656565656,0.52734375,0.3055555555555556,0.025252525252525252,0.030303030303030304,0.03535353535353535,0.0
94,2026-06-19 22:00:00+00:00,6,17,28,9,0.1,2,0.11764705882352941,0.42857142857142855,0.32142857142857145,0.1071428571428571,0.7500000000000001,0.32142857142857145,0.42857142857142855,0.42857142857142855,1.0,0.1071428571428571,0.32142857142857145,0.32142857142857145,0.32142857142857145,0.134
94,2026-06-19 22:00:00+00:00,6,17,28,9,0.25,5,0.29411764705882354,0.42857142857142855,0.14285714285714285,0.2857142857142857,0.3333333333333333,0.21428571428571427,0.39285714285714285,0.42857142857142855,0.9166666666666667,0.25,0.10714285714285714,0.14285714285714285,0.14285714285714285,0.006
94,2026-06-19 22:00:00+00:00,6,17,28,9,0.5,9,0.5294117647058824,0.42857142857142855,0.14285714285714285,0.2857142857142857,0.3333333333333333,0.14107142857142865,0.2857142857142857,0.39285714285714285,0.6666666666666666,0.14285714285714285,0.10714285714285714,0.10714285714285714,0.14285714285714285,0.118
94,2026-06-19 22:00:00+00:00,24,54,101,14,0.1,6,0.1111111111111111,0.2871287128712871,0.0891089108910891,0.198019801980198,0.3103448275862069,0.21782178217821782,0.27722772277227725,0.2871287128712871,0.9655172413793105,0.18811881188118815,0.0891089108910891,0.0891089108910891,0.0891089108910891,0.0
94,2026-06-19 22:00:00+00:00,24,54,101,14,0.25,14,0.25925925925925924,0.2871287128712871,0.06930693069306931,0.2178217821782178,0.24137931034482762,0.15841584158415842,0.22772277227722773,0.2871287128712871,0.7931034482758622,0.15841584158415842,0.06930693069306931,0.06930693069306931,0.06930693069306931,0.002
94,2026-06-19 22:00:00+00:00,24,54,101,14,0.5,27,0.5,0.2871287128712871,0.0594059405940594,0.2277227722772277,0.20689655172413793,0.07920792079207921,0.16831683168316833,0.25742574257425743,0.5862068965517242,0.10891089108910892,0.039603960396039604,0.04950495049504951,0.06930693069306931,0.02
95,2026-06-19 23:00:00+00:00,6,13,23,9,0.1,2,0.15384615384615385,0.5217391304347826,0.391304347826087,0.13043478260869562,0.75,0.34782608695652173,0.4782608695652174,0.5217391304347826,0.9166666666666667,0.08695652173913043,0.391304347826087,0.391304347826087,0.391304347826087,0.186
95,2026-06-19 23:00:00+00:00,6,13,23,9,0.25,4,0.3076923076923077,0.5217391304347826,0.17391304347826086,0.34782608695652173,0.3333333333333333,0.21739130434782608,0.4782608695652174,0.5217391304347826,0.9166666666666667,0.30434782608695654,0.17391304347826086,0.17391304347826086,0.17391304347826086,0.008
95,2026-06-19 23:00:00+00:00,6,13,23,9,0.5,7,0.5384615384615384,0.5217391304347826,0.13043478260869565,0.3913043478260869,0.25,0.13043478260869565,0.30434782608695654,0.4782608695652174,0.5833333333333334,0.1739130434782609,0.08695652173913043,0.13043478260869565,0.17391304347826086,0.06
95,2026-06-19 23:00:00+00:00,24,51,98,13,0.1,6,0.11764705882352941,0.29591836734693877,0.09183673469387756,0.20408163265306123,0.3103448275862069,0.21377551020408164,0.2857142857142857,0.29591836734693877,0.9655172413793103,0.19387755102040816,0.09183673469387756,0.09183673469387756,0.09183673469387756,0.0
95,2026-06-19 23:00:00+00:00,24,51,98,13,0.25,13,0.2549019607843137,0.29591836734693877,0.07142857142857142,0.22448979591836735,0.24137931034482757,0.15306122448979592,0.23469387755102042,0.29591836734693877,0.7931034482758621,0.163265306122449,0.07142857142857142,0.07142857142857142,0.07142857142857142,0.0
95,2026-06-19 23:00:00+00:00,24,51,98,13,0.5,26,0.5098039215686274,0.29591836734693877,0.061224489795918366,0.2346938775510204,0.20689655172413793,0.09132653061224492,0.16326530612244897,0.2653061224489796,0.5517241379310345,0.1020408163265306,0.04081632653061224,0.061224489795918366,0.07142857142857142,0.024
96,2026-06-20 00:00:00+00:00,6,3,7,3,0.1,1,0.3333333333333333,0.42857142857142855,0.2857142857142857,0.14285714285714285,0.6666666666666666,0.2857142857142857,0.42857142857142855,0.42857142857142855,1.0,0.14285714285714285,0.2857142857142857,0.2857142857142857,0.2857142857142857,0.348
96,2026-06-20 00:00:00+00:00,6,3,7,3,0.25,1,0.3333333333333333,0.42857142857142855,0.2857142857142857,0.14285714285714285,0.6666666666666666,0.2857142857142857,0.42857142857142855,0.42857142857142855,1.0,0.14285714285714285,0.2857142857142857,0.2857142857142857,0.2857142857142857,0.348
96,2026-06-20 00:00:00+00:00,6,3,7,3,0.5,2,0.6666666666666666,0.42857142857142855,0.2857142857142857,0.14285714285714285,0.6666666666666666,0.2857142857142857,0.2857142857142857,0.42857142857142855,0.6666666666666666,0.0,0.2857142857142857,0.2857142857142857,0.2857142857142857,0.66
96,2026-06-20 00:00:00+00:00,24,36,69,9,0.1,4,0.1111111111111111,0.37681159420289856,0.10144927536231885,0.2753623188405797,0.2692307692307692,0.2608695652173913,0.36231884057971014,0.37681159420289856,0.9615384615384616,0.2608695652173913,0.08695652173913043,0.10144927536231885,0.10144927536231885,0.0
96,2026-06-20 00:00:00+00:00,24,36,69,9,0.25,9,0.25,0.37681159420289856,0.08695652173913043,0.2898550724637681,0.23076923076923075,0.17391304347826086,0.30434782608695654,0.37681159420289856,0.8076923076923077,0.2173913043478261,0.08695652173913043,0.08695652173913043,0.08695652173913043,0.004
96,2026-06-20 00:00:00+00:00,24,36,69,9,0.5,18,0.5,0.37681159420289856,0.08695652173913043,0.2898550724637681,0.23076923076923075,0.08695652173913043,0.2028985507246377,0.3333333333333333,0.5384615384615384,0.11594202898550726,0.057971014492753624,0.07246376811594203,0.08695652173913043,0.086
97,2026-06-20 01:00:00+00:00,6,4,12,5,0.1,1,0.25,0.6666666666666666,0.3333333333333333,0.3333333333333333,0.5,0.3333333333333333,0.4166666666666667,0.6666666666666666,0.6250000000000001,0.08333333333333337,0.3333333333333333,0.3333333333333333,0.3333333333333333,0.278
97,2026-06-20 01:00:00+00:00,6,4,12,5,0.25,1,0.25,0.6666666666666666,0.3333333333333333,0.3333333333333333,0.5,0.3333333333333333,0.4166666666666667,0.6666666666666666,0.6250000000000001,0.08333333333333337,0.3333333333333333,0.3333333333333333,0.3333333333333333,0.278
97,2026-06-20 01:00:00+00:00,6,4,12,5,0.5,2,0.5,0.6666666666666666,0.16666666666666666,0.5,0.25,0.16666666666666666,0.3333333333333333,0.6666666666666666,0.5,0.16666666666666666,0.16666666666666666,0.16666666666666666,0.16666666666666666,0.178
97,2026-06-20 01:00:00+00:00,24,33,63,8,0.1,4,0.12121212121212122,0.2222222222222222,0.09523809523809523,0.12698412698412698,0.42857142857142855,0.12698412698412698,0.2222222222222222,0.2222222222222222,1.0,0.12698412698412698,0.09523809523809523,0.09523809523809523,0.09523809523809523,0.002
97,2026-06-20 01:00:00+00:00,24,33,63,8,0.25,9,0.2727272727272727,0.2222222222222222,0.09523809523809523,0.12698412698412698,0.42857142857142855,0.09523809523809523,0.1746031746031746,0.2222222222222222,0.7857142857142857,0.07936507936507936,0.09523809523809523,0.09523809523809523,0.09523809523809523,0.062
97,2026-06-20 01:00:00+00:00,24,33,63,8,0.5,17,0.5151515151515151,0.2222222222222222,0.07936507936507936,0.14285714285714285,0.35714285714285715,0.06349206349206349,0.12698412698412698,0.20634920634920634,0.5714285714285714,0.047619047619047616,0.06349206349206349,0.07936507936507936,0.09523809523809523,0.224
98,2026-06-20 02:00:00+00:00,6,18,45,18,0.1,2,0.1111111111111111,0.8222222222222222,0.35555555555555557,0.4666666666666666,0.43243243243243246,0.5333333333333333,0.7777777777777778,0.8222222222222222,0.945945945945946,0.4222222222222222,0.35555555555555557,0.35555555555555557,0.35555555555555557,0.008
98,2026-06-20 02:00:00+00:00,6,18,45,18,0.25,5,0.2777777777777778,0.8222222222222222,0.06666666666666667,0.7555555555555555,0.08108108108108109,0.33222222222222225,0.6888888888888889,0.7777777777777778,0.8378378378378378,0.6222222222222222,0.06666666666666667,0.06666666666666667,0.06666666666666667,0.0
98,2026-06-20 02:00:00+00:00,6,18,45,18,0.5,9,0.5,0.8222222222222222,0.044444444444444446,0.7777777777777778,0.05405405405405406,0.13333333333333333,0.4666666666666667,0.7111111111111111,0.5675675675675677,0.4222222222222222,0.044444444444444446,0.06666666666666667,0.06666666666666667,0.0
98,2026-06-20 02:00:00+00:00,24,44,84,18,0.1,5,0.11363636363636363,0.44047619047619047,0.07142857142857142,0.36904761904761907,0.16216216216216214,0.2857142857142857,0.4166666666666667,0.44047619047619047,0.945945945945946,0.34523809523809523,0.07142857142857142,0.08333333333333333,0.08333333333333333,0.0
98,2026-06-20 02:00:00+00:00,24,44,84,18,0.25,11,0.25,0.44047619047619047,0.07142857142857142,0.36904761904761907,0.16216216216216214,0.17857142857142858,0.38095238095238093,0.42857142857142855,0.8648648648648648,0.30952380952380953,0.07142857142857142,0.07142857142857142,0.07142857142857142,0.0
98,2026-06-20 02:00:00+00:00,24,44,84,18,0.5,22,0.5,0.44047619047619047,0.047619047619047616,0.39285714285714285,0.1081081081081081,0.07142857142857142,0.2619047619047619,0.39285714285714285,0.5945945945945946,0.2142857142857143,0.047619047619047616,0.05952380952380952,0.07142857142857142,0.006
99,2026-06-20 03:00:00+00:00,6,25,69,21,0.1,3,0.12,0.8840579710144928,0.463768115942029,0.4202898550724638,0.5245901639344263,0.6956521739130435,0.8115942028985508,0.8695652173913043,0.9180327868852459,0.3478260869565218,0.463768115942029,0.463768115942029,0.463768115942029,0.0
99,2026-06-20 03:00:00+00:00,6,25,69,21,0.25,7,0.28,0.8840579710144928,0.18840579710144928,0.6956521739130435,0.21311475409836064,0.463768115942029,0.6956521739130435,0.8115942028985508,0.7868852459016393,0.5072463768115942,0.18840579710144928,0.18840579710144928,0.18840579710144928,0.0
99,2026-06-20 03:00:00+00:00,6,25,69,21,0.5,13,0.52,0.8840579710144928,0.057971014492753624,0.8260869565217391,0.06557377049180328,0.21739130434782608,0.4927536231884058,0.6956521739130435,0.5573770491803278,0.4347826086956522,0.028985507246376812,0.057971014492753624,0.057971014492753624,0.0
99,2026-06-20 03:00:00+00:00,24,50,106,21,0.1,5,0.1,0.5754716981132075,0.2169811320754717,0.3584905660377358,0.3770491803278689,0.42452830188679247,0.5377358490566038,0.5754716981132075,0.9344262295081968,0.32075471698113206,0.2169811320754717,0.2169811320754717,0.2358490566037736,0.0
99,2026-06-20 03:00:00+00:00,24,50,106,21,0.25,13,0.26,0.5754716981132075,0.05660377358490566,0.5188679245283019,0.09836065573770493,0.3113207547169811,0.46226415094339623,0.5377358490566038,0.8032786885245902,0.4056603773584906,0.05660377358490566,0.05660377358490566,0.05660377358490566,0.0
99,2026-06-20 03:00:00+00:00,24,50,106,21,0.5,25,0.5,0.5754716981132075,0.03773584905660377,0.5377358490566038,0.06557377049180328,0.1509433962264151,0.33962264150943394,0.46226415094339623,0.5901639344262295,0.3018867924528302,0.03773584905660377,0.04716981132075472,0.05660377358490566,0.0
100,2026-06-20 04:00:00+00:00,6,31,82,22,0.1,4,0.12903225806451613,0.8902439024390244,0.5609756097560976,0.3292682926829268,0.6301369863013699,0.7195121951219512,0.8170731707317073,0.8658536585365854,0.9178082191780821,0.25609756097560965,0.5609756097560976,0.5609756097560976,0.5609756097560976,0.0
100,2026-06-20 04:00:00+00:00,6,31,82,22,0.25,8,0.25806451612903225,0.8902439024390244,0.32926829268292684,0.5609756097560976,0.36986301369863017,0.5975609756097561,0.7317073170731707,0.8170731707317073,0.821917808219178,0.40243902439024387,0.32926829268292684,0.32926829268292684,0.32926829268292684,0.0
100,2026-06-20 04:00:00+00:00,6,31,82,22,0.5,16,0.5161290322580645,0.8902439024390244,0.04878048780487805,0.8414634146341463,0.05479452054794521,0.25609756097560976,0.524390243902439,0.6585365853658537,0.589041095890411,0.475609756097561,0.04878048780487805,0.04878048780487805,0.04878048780487805,0.0
100,2026-06-20 04:00:00+00:00,24,49,112,22,0.1,5,0.10204081632653061,0.6517857142857143,0.36607142857142855,0.28571428571428575,0.5616438356164383,0.5357142857142857,0.6071428571428571,0.6428571428571429,0.9315068493150684,0.24107142857142855,0.36607142857142855,0.36607142857142855,0.36607142857142855,0.0
100,2026-06-20 04:00:00+00:00,24,49,112,22,0.25,13,0.2653061224489796,0.6517857142857143,0.05357142857142857,0.5982142857142857,0.0821917808219178,0.4107142857142857,0.5267857142857143,0.5982142857142857,0.8082191780821918,0.47321428571428575,0.05357142857142857,0.05357142857142857,0.05357142857142857,0.0
100,2026-06-20 04:00:00+00:00,24,49,112,22,0.5,25,0.5102040816326531,0.6517857142857143,0.044642857142857144,0.6071428571428572,0.0684931506849315,0.20535714285714285,0.38839285714285715,0.5,0.5958904109589042,0.34375,0.03571428571428571,0.05357142857142857,0.05357142857142857,0.0
101,2026-06-20 05:00:00+00:00,6,33,87,22,0.1,4,0.12121212121212122,0.8735632183908046,0.6206896551724138,0.25287356321839083,0.7105263157894737,0.7241379310344828,0.8045977011494253,0.8505747126436781,0.9210526315789473,0.1839080459770115,0.6206896551724138,0.6206896551724138,0.6206896551724138,0.0
101,2026-06-20 05:00:00+00:00,6,33,87,22,0.25,9,0.2727272727272727,0.8735632183908046,0.28735632183908044,0.5862068965517242,0.3289473684210526,0.5747126436781609,0.7011494252873564,0.7821839080459765,0.8026315789473684,0.4137931034482759,0.25287356321839083,0.27586206896551724,0.3218390804597701,0.0
101,2026-06-20 05:00:00+00:00,6,33,87,22,0.5,17,0.5151515151515151,0.8735632183908046,0.04597701149425287,0.8275862068965518,0.05263157894736842,0.2988505747126437,0.5172413793103449,0.6551724137931034,0.5921052631578948,0.471264367816092,0.04597701149425287,0.04597701149425287,0.04597701149425287,0.0
101,2026-06-20 05:00:00+00:00,24,50,114,22,0.1,5,0.1,0.6666666666666666,0.4298245614035088,0.23684210526315785,0.6447368421052632,0.5614035087719298,0.6228070175438597,0.6578947368421053,0.9342105263157896,0.19298245614035092,0.4298245614035088,0.4298245614035088,0.4298245614035088,0.0
101,2026-06-20 05:00:00+00:00,24,50,114,22,0.25,13,0.26,0.6666666666666666,0.05263157894736842,0.6140350877192982,0.07894736842105263,0.4473684210526316,0.543859649122807,0.6140350877192983,0.8157894736842106,0.4912280701754386,0.05263157894736842,0.05263157894736842,0.05263157894736842,0.0
101,2026-06-20 05:00:00+00:00,24,50,114,22,0.5,25,0.5,0.6666666666666666,0.043859649122807015,0.6228070175438596,0.06578947368421052,0.23684210526315788,0.40350877192982454,0.5087719298245614,0.6052631578947368,0.35964912280701755,0.03508771929824561,0.05263157894736842,0.05263157894736842,0.0
102,2026-06-20 06:00:00+00:00,6,37,99,22,0.1,4,0.10810810810810811,0.9191919191919192,0.6767676767676768,0.24242424242424243,0.7362637362637363,0.7676767676767676,0.8484848484848485,0.898989898989899,0.923076923076923,0.1717171717171717,0.6767676767676768,0.6767676767676768,0.6767676767676768,0.0
102,2026-06-20 06:00:00+00:00,6,37,99,22,0.25,10,0.2702702702702703,0.9191919191919192,0.37373737373737376,0.5454545454545454,0.4065934065934066,0.6161616161616161,0.7272727272727273,0.8181818181818182,0.7912087912087912,0.35353535353535354,0.3434343434343434,0.37373737373737376,0.3939393939393939,0.0
102,2026-06-20 06:00:00+00:00,6,37,99,22,0.5,19,0.5135135135135135,0.9191919191919192,0.0707070707070707,0.8484848484848485,0.07692307692307691,0.33282828282828286,0.5353535353535354,0.6464646464646465,0.5824175824175823,0.46464646464646464,0.04040404040404041,0.050505050505050504,0.0707070707070707,0.0
102,2026-06-20 06:00:00+00:00,24,54,125,22,0.1,6,0.1111111111111111,0.728,0.448,0.27999999999999997,0.6153846153846154,0.6,0.672,0.72,0.9230769230769231,0.22400000000000003,0.448,0.448,0.448,0.0
102,2026-06-20 06:00:00+00:00,24,54,125,22,0.25,14,0.25925925925925924,0.728,0.152,0.576,0.2087912087912088,0.488,0.592,0.6563999999999997,0.8131868131868132,0.43999999999999995,0.072,0.128,0.152,0.0
102,2026-06-20 06:00:00+00:00,24,54,125,22,0.5,27,0.5,0.728,0.048,0.6799999999999999,0.06593406593406594,0.312,0.44,0.528,0.6043956043956045,0.392,0.048,0.048,0.048,0.0
103,2026-06-20 07:00:00+00:00,6,42,104,17,0.1,5,0.11904761904761904,0.875,0.6346153846153846,0.24038461538461542,0.7252747252747253,0.75,0.8076923076923077,0.8557692307692307,0.9230769230769231,0.17307692307692313,0.6346153846153846,0.6346153846153846,0.6634615384615384,0.0
103,2026-06-20 07:00:00+00:00,6,42,104,17,0.25,11,0.2619047619047619,0.875,0.40384615384615385,0.47115384615384615,0.46153846153846156,0.625,0.7211538461538461,0.7884615384615384,0.8241758241758241,0.3173076923076923,0.40384615384615385,0.41346153846153844,0.4326923076923077,0.0
103,2026-06-20 07:00:00+00:00,6,42,104,17,0.5,21,0.5,0.875,0.08653846153846154,0.7884615384615384,0.0989010989010989,0.4230769230769231,0.5480769230769231,0.6538461538461539,0.6263736263736265,0.46153846153846156,0.04807692307692308,0.08653846153846154,0.08653846153846154,0.0
103,2026-06-20 07:00:00+00:00,24,62,136,22,0.1,7,0.11290322580645161,0.7132352941176471,0.4852941176470588,0.22794117647058826,0.6804123711340206,0.6029411764705882,0.6617647058823529,0.6985294117647058,0.9278350515463917,0.1764705882352941,0.4485294117647059,0.47794117647058826,0.4852941176470588,0.0
103,2026-06-20 07:00:00+00:00,24,62,136,22,0.25,16,0.25806451612903225,0.7132352941176471,0.19117647058823528,0.5220588235294118,0.26804123711340205,0.5073529411764706,0.5808823529411765,0.6470588235294118,0.8144329896907216,0.38970588235294124,0.11029411764705882,0.16911764705882354,0.19117647058823528,0.0
103,2026-06-20 07:00:00+00:00,24,62,136,22,0.5,31,0.5,0.7132352941176471,0.04411764705882353,0.6691176470588236,0.061855670103092786,0.33088235294117646,0.4411764705882353,0.5294117647058824,0.6185567010309277,0.39705882352941174,0.04411764705882353,0.04411764705882353,0.04411764705882353,0.0
104,2026-06-20 08:00:00+00:00,6,34,87,14,0.1,4,0.11764705882352941,0.8505747126436781,0.5287356321839081,0.32183908045977005,0.6216216216216217,0.7011494252873564,0.7931034482758621,0.8275862068965517,0.9324324324324325,0.26436781609195403,0.5287356321839081,0.5287356321839081,0.5287356321839081,0.0
104,2026-06-20 08:00:00+00:00,6,34,87,14,0.25,9,0.2647058823529412,0.8505747126436781,0.20689655172413793,0.6436781609195402,0.24324324324324326,0.5517241379310345,0.6839080459770115,0.7701149425287356,0.8040540540540541,0.4770114942528736,0.20689655172413793,0.20689655172413793,0.2413793103448276,0.0
104,2026-06-20 08:00:00+00:00,6,34,87,14,0.5,17,0.5,0.8505747126436781,0.08045977011494253,0.7701149425287356,0.0945945945945946,0.26436781609195403,0.4942528735632184,0.632183908045977,0.5810810810810811,0.41379310344827586,0.04597701149425287,0.08045977011494253,0.08045977011494253,0.0
104,2026-06-20 08:00:00+00:00,24,62,136,22,0.1,7,0.11290322580645161,0.7132352941176471,0.4852941176470588,0.22794117647058826,0.6804123711340206,0.6029411764705882,0.6617647058823529,0.6985294117647058,0.9278350515463917,0.1764705882352941,0.4485294117647059,0.47794117647058826,0.4852941176470588,0.0
104,2026-06-20 08:00:00+00:00,24,62,136,22,0.25,16,0.25806451612903225,0.7132352941176471,0.19117647058823528,0.5220588235294118,0.26804123711340205,0.5,0.5808823529411765,0.6470588235294118,0.8144329896907216,0.38970588235294124,0.11029411764705882,0.16911764705882354,0.19117647058823528,0.0
104,2026-06-20 08:00:00+00:00,24,62,136,22,0.5,31,0.5,0.7132352941176471,0.04411764705882353,0.6691176470588236,0.061855670103092786,0.3161764705882353,0.4411764705882353,0.5294117647058824,0.6185567010309277,0.39705882352941174,0.04411764705882353,0.04411764705882353,0.04411764705882353,0.0
105,2026-06-20 09:00:00+00:00,6,27,66,12,0.1,3,0.1111111111111111,0.8636363636363636,0.5151515151515151,0.3484848484848485,0.5964912280701754,0.696969696969697,0.7878787878787878,0.8484848484848485,0.9122807017543859,0.2727272727272727,0.5151515151515151,0.5151515151515151,0.5151515151515151,0.002
105,2026-06-20 09:00:00+00:00,6,27,66,12,0.25,7,0.25925925925925924,0.8636363636363636,0.25757575757575757,0.6060606060606061,0.2982456140350877,0.5151515151515151,0.6818181818181818,0.7878787878787878,0.7894736842105262,0.4242424242424242,0.25757575757575757,0.2803030303030303,0.30303030303030304,0.0
105,2026-06-20 09:00:00+00:00,6,27,66,12,0.5,14,0.5185185185185185,0.8636363636363636,0.13636363636363635,0.7272727272727273,0.15789473684210525,0.24242424242424243,0.45454545454545453,0.6212121212121212,0.5263157894736842,0.3181818181818182,0.09090909090909091,0.12121212121212122,0.16666666666666666,0.008
105,2026-06-20 09:00:00+00:00,24,62,136,22,0.1,7,0.11290322580645161,0.7279411764705882,0.5073529411764706,0.22058823529411764,0.696969696969697,0.6397058823529411,0.6838235294117647,0.7132352941176471,0.9393939393939394,0.17647058823529416,0.49264705882352944,0.5,0.5073529411764706,0.0
105,2026-06-20 09:00:00+00:00,24,62,136,22,0.25,16,0.25806451612903225,0.7279411764705882,0.23529411764705882,0.4926470588235294,0.32323232323232326,0.5294117647058824,0.6102941176470589,0.6617647058823529,0.8383838383838385,0.37500000000000006,0.15441176470588236,0.22058823529411764,0.23529411764705882,0.0
105,2026-06-20 09:00:00+00:00,24,62,136,22,0.5,31,0.5,0.7279411764705882,0.04411764705882353,0.6838235294117647,0.060606060606060615,0.34558823529411764,0.4632352941176471,0.5441176470588235,0.6363636363636365,0.41911764705882354,0.04411764705882353,0.04411764705882353,0.04411764705882353,0.0
106,2026-06-20 10:00:00+00:00,6,25,61,12,0.1,3,0.12,0.8852459016393442,0.5409836065573771,0.34426229508196715,0.6111111111111112,0.6229508196721312,0.8032786885245902,0.8688524590163934,0.9074074074074074,0.2622950819672131,0.5409836065573771,0.5409836065573771,0.5409836065573771,0.0
106,2026-06-20 10:00:00+00:00,6,25,61,12,0.25,7,0.28,0.8852459016393442,0.19672131147540983,0.6885245901639344,0.2222222222222222,0.47540983606557374,0.6885245901639344,0.7868852459016393,0.7777777777777778,0.4918032786885246,0.14754098360655737,0.14754098360655737,0.19672131147540983,0.0
106,2026-06-20 10:00:00+00:00,6,25,61,12,0.5,13,0.52,0.8852459016393442,0.08196721311475409,0.8032786885245902,0.09259259259259259,0.16393442622950818,0.4426229508196721,0.6229508196721312,0.5,0.36065573770491804,0.08196721311475409,0.08196721311475409,0.08196721311475409,0.0
106,2026-06-20 10:00:00+00:00,24,69,145,22,0.1,7,0.10144927536231885,0.7379310344827587,0.5379310344827586,0.20000000000000007,0.7289719626168224,0.6551724137931034,0.696551724137931,0.7241379310344828,0.9439252336448597,0.1586206896551724,0.5241379310344828,0.5310344827586206,0.5379310344827586,0.0
106,2026-06-20 10:00:00+00:00,24,69,145,22,0.25,18,0.2608695652173913,0.7379310344827587,0.2827586206896552,0.45517241379310347,0.38317757009345793,0.5448275862068965,0.6206896551724138,0.6689655172413793,0.8411214953271028,0.33793103448275863,0.1724137931034483,0.25517241379310346,0.27586206896551724,0.0
106,2026-06-20 10:00:00+00:00,24,69,145,22,0.5,35,0.5072463768115942,0.7379310344827587,0.041379310344827586,0.6965517241379311,0.056074766355140186,0.35172413793103446,0.46206896551724136,0.5448275862068965,0.6261682242990654,0.42068965517241375,0.041379310344827586,0.041379310344827586,0.041379310344827586,0.0
107,2026-06-20 11:00:00+00:00,6,31,69,11,0.1,4,0.12903225806451613,0.8985507246376812,0.5362318840579711,0.3623188405797101,0.5967741935483871,0.6956521739130435,0.8115942028985508,0.8695652173913043,0.903225806451613,0.2753623188405797,0.5362318840579711,0.5362318840579711,0.5362318840579711,0.0
107,2026-06-20 11:00:00+00:00,6,31,69,11,0.25,8,0.25806451612903225,0.8985507246376812,0.14492753623188406,0.7536231884057971,0.16129032258064516,0.5652173913043478,0.7101449275362319,0.7971014492753623,0.7903225806451614,0.5652173913043479,0.13043478260869565,0.2028985507246377,0.2898550724637681,0.0
107,2026-06-20 11:00:00+00:00,6,31,69,11,0.5,16,0.5161290322580645,0.8985507246376812,0.057971014492753624,0.8405797101449275,0.06451612903225806,0.21739130434782608,0.463768115942029,0.6086956521739131,0.5161290322580645,0.4057971014492754,0.057971014492753624,0.057971014492753624,0.07246376811594203,0.0
107,2026-06-20 11:00:00+00:00,24,73,155,22,0.1,8,0.1095890410958904,0.8,0.5612903225806452,0.2387096774193549,0.7016129032258064,0.6903225806451613,0.7419354838709677,0.7741935483870968,0.9274193548387096,0.1806451612903226,0.5548387096774193,0.5612903225806452,0.5612903225806452,0.0
107,2026-06-20 11:00:00+00:00,24,73,155,22,0.25,19,0.2602739726027397,0.8,0.3032258064516129,0.49677419354838714,0.3790322580645161,0.567741935483871,0.6516129032258065,0.7032258064516129,0.814516129032258,0.34838709677419355,0.25806451612903225,0.2838709677419355,0.3096774193548387,0.0
107,2026-06-20 11:00:00+00:00,24,73,155,22,0.5,37,0.5068493150684932,0.8,0.03870967741935484,0.7612903225806452,0.04838709677419355,0.3741935483870968,0.4838709677419355,0.5616129032258061,0.6048387096774194,0.44516129032258067,0.03870967741935484,0.03870967741935484,0.06451612903225806,0.0
108,2026-06-20 12:00:00+00:00,6,31,60,9,0.1,4,0.12903225806451613,0.8166666666666667,0.5333333333333333,0.2833333333333333,0.6530612244897959,0.5991666666666667,0.7333333333333333,0.7833333333333333,0.8979591836734694,0.19999999999999996,0.5333333333333333,0.5333333333333333,0.5333333333333333,0.012
108,2026-06-20 12:00:00+00:00,6,31,60,9,0.25,8,0.25806451612903225,0.8166666666666667,0.26666666666666666,0.55,0.32653061224489793,0.3991666666666667,0.6166666666666667,0.7166666666666667,0.7551020408163266,0.35000000000000003,0.26666666666666666,0.26666666666666666,0.26666666666666666,0.006
108,2026-06-20 12:00:00+00:00,6,31,60,9,0.5,16,0.5161290322580645,0.8166666666666667,0.06666666666666667,0.75,0.08163265306122448,0.18333333333333332,0.3333333333333333,0.5333333333333333,0.40816326530612246,0.26666666666666666,0.06666666666666667,0.06666666666666667,0.06666666666666667,0.0
108,2026-06-20 12:00:00+00:00,24,75,159,22,0.1,8,0.10666666666666667,0.7735849056603774,0.5345911949685535,0.23899371069182396,0.6910569105691057,0.6852201257861635,0.7232704402515723,0.7547169811320755,0.9349593495934958,0.18867924528301883,0.5283018867924528,0.5345911949685535,0.5345911949685535,0.0
108,2026-06-20 12:00:00+00:00,24,75,159,22,0.25,19,0.25333333333333335,0.7735849056603774,0.32075471698113206,0.45283018867924535,0.4146341463414634,0.5786163522012578,0.6415094339622641,0.6918238993710691,0.8292682926829268,0.32075471698113206,0.27672955974842767,0.3018867924528302,0.32075471698113206,0.0
108,2026-06-20 12:00:00+00:00,24,75,159,22,0.5,38,0.5066666666666667,0.7735849056603774,0.1069182389937107,0.6666666666666667,0.13821138211382114,0.389937106918239,0.4779874213836478,0.5534591194968553,0.6178861788617885,0.37106918238993714,0.0440251572327044,0.07547169811320754,0.11949685534591195,0.0
109,2026-06-20 13:00:00+00:00,6,21,44,9,0.1,3,0.14285714285714285,0.5454545454545454,0.4772727272727273,0.06818181818181812,0.8750000000000001,0.38636363636363635,0.46590909090909094,0.5238636363636353,0.8541666666666667,-0.011363636363636354,0.4090909090909091,0.4772727272727273,0.5,0.66
109,2026-06-20 13:00:00+00:00,6,21,44,9,0.25,6,0.2857142857142857,0.5454545454545454,0.36363636363636365,0.18181818181818177,0.6666666666666667,0.29545454545454547,0.38636363636363635,0.4772727272727273,0.7083333333333334,0.022727272727272707,0.2727272727272727,0.3409090909090909,0.36363636363636365,0.484
109,2026-06-20 13:00:00+00:00,6,21,44,9,0.5,11,0.5238095238095238,0.5454545454545454,0.13636363636363635,0.40909090909090906,0.25,0.1590909090909091,0.2727272727272727,0.3409090909090909,0.5,0.13636363636363635,0.09090909090909091,0.1590909090909091,0.22727272727272727,0.036
109,2026-06-20 13:00:00+00:00,24,69,148,22,0.1,7,0.10144927536231885,0.8445945945945946,0.6081081081081081,0.2364864864864865,0.72,0.75,0.7905405405405406,0.8175675675675675,0.936,0.18243243243243246,0.6081081081081081,0.6081081081081081,0.6081081081081081,0.0
109,2026-06-20 13:00:00+00:00,24,69,148,22,0.25,18,0.2608695652173913,0.8445945945945946,0.36486486486486486,0.47972972972972977,0.432,0.6283783783783784,0.6959459459459459,0.75,0.824,0.3310810810810811,0.3310810810810811,0.35135135135135137,0.36486486486486486,0.0
109,2026-06-20 13:00:00+00:00,24,69,148,22,0.5,35,0.5072463768115942,0.8445945945945946,0.16216216216216217,0.6824324324324325,0.192,0.42567567567567566,0.527027027027027,0.6081081081081081,0.6239999999999999,0.3648648648648648,0.08108108108108109,0.13513513513513514,0.16216216216216217,0.0
110,2026-06-20 14:00:00+00:00,6,23,46,9,0.1,3,0.13043478260869565,0.8913043478260869,0.5869565217391305,0.30434782608695643,0.6585365853658538,0.6086956521739131,0.782608695652174,0.8695652173913043,0.878048780487805,0.19565217391304346,0.5869565217391305,0.5869565217391305,0.5869565217391305,0.048
110,2026-06-20 14:00:00+00:00,6,23,46,9,0.25,6,0.2608695652173913,0.8913043478260869,0.4782608695652174,0.4130434782608695,0.5365853658536586,0.391304347826087,0.6739130434782609,0.782608695652174,0.7560975609756098,0.19565217391304346,0.391304347826087,0.43478260869565216,0.4782608695652174,0.174
110,2026-06-20 14:00:00+00:00,6,23,46,9,0.5,12,0.5217391304347826,0.8913043478260869,0.08695652173913043,0.8043478260869565,0.0975609756097561,0.17391304347826086,0.32608695652173914,0.566304347826086,0.3658536585365854,0.2391304347826087,0.08695652173913043,0.15217391304347827,0.17391304347826086,0.0
110,2026-06-20 14:00:00+00:00,24,70,147,22,0.1,7,0.1,0.8639455782312925,0.6462585034013606,0.21768707482993188,0.7480314960629922,0.7687074829931972,0.8163265306122449,0.8370748299319726,0.9448818897637796,0.17006802721088432,0.6462585034013606,0.6462585034013606,0.6462585034013606,0.0
110,2026-06-20 14:00:00+00:00,24,70,147,22,0.25,18,0.2571428571428571,0.8639455782312925,0.3877551020408163,0.47619047619047616,0.44881889763779526,0.6459183673469389,0.7210884353741497,0.7687074829931972,0.8346456692913387,0.33333333333333337,0.3741496598639456,0.38095238095238093,0.3877551020408163,0.0
110,2026-06-20 14:00:00+00:00,24,70,147,22,0.5,35,0.5,0.8639455782312925,0.1836734693877551,0.6802721088435374,0.2125984251968504,0.4421768707482993,0.54421768707483,0.6258503401360545,0.6299212598425198,0.3605442176870749,0.10204081632653061,0.1564625850340136,0.1836734693877551,0.0
111,2026-06-20 15:00:00+00:00,6,23,41,9,0.1,3,0.13043478260869565,0.8292682926829268,0.5121951219512195,0.31707317073170727,0.6176470588235294,0.4146341463414634,0.7560975609756098,0.8048780487804879,0.911764705882353,0.24390243902439024,0.4634146341463415,0.4634146341463415,0.5121951219512195,0.198
111,2026-06-20 15:00:00+00:00,6,23,41,9,0.25,6,0.2608695652173913,0.8292682926829268,0.3902439024390244,0.4390243902439024,0.4705882352941177,0.34146341463414637,0.5853658536585366,0.7329268292682916,0.7058823529411765,0.19512195121951215,0.2682926829268293,0.34146341463414637,0.4146341463414634,0.25
111,2026-06-20 15:00:00+00:00,6,23,41,9,0.5,12,0.5217391304347826,0.8292682926829268,0.12195121951219512,0.7073170731707317,0.14705882352941177,0.14634146341463414,0.2926829268292683,0.5609756097560976,0.35294117647058826,0.17073170731707316,0.0975609756097561,0.0975609756097561,0.12195121951219512,0.024
111,2026-06-20 15:00:00+00:00,24,72,150,22,0.1,8,0.1111111111111111,0.8533333333333334,0.6266666666666667,0.22666666666666668,0.734375,0.7533333333333333,0.8,0.8266666666666667,0.9375,0.17333333333333334,0.62,0.6266666666666667,0.6266666666666667,0.0
111,2026-06-20 15:00:00+00:00,24,72,150,22,0.25,18,0.25,0.8533333333333334,0.3933333333333333,0.4600000000000001,0.46093749999999994,0.64,0.7133333333333334,0.7666666666666667,0.8359375,0.32000000000000006,0.37333333333333335,0.38,0.3933333333333333,0.0
111,2026-06-20 15:00:00+00:00,24,72,150,22,0.5,36,0.5,0.8533333333333334,0.17333333333333334,0.68,0.203125,0.4533333333333333,0.5333333333333333,0.6133333333333333,0.625,0.36,0.09333333333333334,0.14666666666666667,0.18,0.0
112,2026-06-20 16:00:00+00:00,6,18,31,6,0.1,2,0.1111111111111111,0.6451612903225806,0.5161290322580645,0.12903225806451613,0.8,0.3870967741935484,0.5806451612903226,0.6451612903225806,0.9000000000000001,0.06451612903225812,0.5161290322580645,0.5161290322580645,0.5161290322580645,0.36
112,2026-06-20 16:00:00+00:00,6,18,31,6,0.25,5,0.2777777777777778,0.6451612903225806,0.3225806451612903,0.3225806451612903,0.5,0.22580645161290322,0.41935483870967744,0.5806451612903226,0.65,0.09677419354838712,0.22580645161290322,0.3225806451612903,0.3870967741935484,0.242
112,2026-06-20 16:00:00+00:00,6,18,31,6,0.5,9,0.5,0.6451612903225806,0.22580645161290322,0.4193548387096774,0.35,0.16129032258064516,0.25806451612903225,0.45161290322580644,0.4,0.03225806451612903,0.0967741935483871,0.1935483870967742,0.22580645161290322,0.452
112,2026-06-20 16:00:00+00:00,24,72,150,22,0.1,8,0.1111111111111111,0.8533333333333334,0.6266666666666667,0.22666666666666668,0.734375,0.7533333333333333,0.8,0.8266666666666667,0.9375,0.17333333333333334,0.62,0.6266666666666667,0.6266666666666667,0.0
112,2026-06-20 16:00:00+00:00,24,72,150,22,0.25,18,0.25,0.8533333333333334,0.3933333333333333,0.4600000000000001,0.46093749999999994,0.6463333333333333,0.7133333333333334,0.7666666666666667,0.8359375,0.32000000000000006,0.37333333333333335,0.38,0.3933333333333333,0.0
112,2026-06-20 16:00:00+00:00,24,72,150,22,0.5,36,0.5,0.8533333333333334,0.17333333333333334,0.68,0.203125,0.44,0.54,0.62,0.6328125,0.3666666666666667,0.08666666666666667,0.15333333333333332,0.18,0.0
113,2026-06-20 17:00:00+00:00,6,12,20,4,0.1,2,0.16666666666666666,0.45,0.45,0.0,1.0,0.3,0.4,0.45,0.888888888888889,-0.04999999999999999,0.45,0.45,0.45,1.0
113,2026-06-20 17:00:00+00:00,6,12,20,4,0.25,3,0.25,0.45,0.35,0.10000000000000003,0.7777777777777777,0.25,0.35,0.45,0.7777777777777777,0.0,0.35,0.4,0.45,0.578
113,2026-06-20 17:00:00+00:00,6,12,20,4,0.5,6,0.5,0.45,0.3,0.15000000000000002,0.6666666666666666,0.2,0.25,0.35,0.5555555555555556,-0.04999999999999999,0.15,0.25,0.3,0.852
113,2026-06-20 17:00:00+00:00,24,73,152,22,0.1,8,0.1095890410958904,0.8421052631578947,0.618421052631579,0.2236842105263157,0.7343750000000001,0.75,0.7828947368421053,0.8157894736842105,0.9296875000000001,0.16447368421052633,0.6118421052631579,0.618421052631579,0.618421052631579,0.0
113,2026-06-20 17:00:00+00:00,24,73,152,22,0.25,19,0.2602739726027397,0.8421052631578947,0.35526315789473684,0.48684210526315785,0.421875,0.631578947368421,0.6973684210526315,0.756578947368421,0.828125,0.3421052631578947,0.35526315789473684,0.35526315789473684,0.35526315789473684,0.0
113,2026-06-20 17:00:00+00:00,24,73,152,22,0.5,37,0.5068493150684932,0.8421052631578947,0.16447368421052633,0.6776315789473684,0.19531250000000003,0.4273026315789474,0.5263157894736842,0.6052631578947368,0.625,0.36184210526315785,0.08552631578947369,0.13157894736842105,0.16447368421052633,0.0
114,2026-06-20 18:00:00+00:00,6,10,23,6,0.1,1,0.1,0.30434782608695654,0.21739130434782608,0.08695652173913046,0.7142857142857142,0.21739130434782608,0.30434782608695654,0.30434782608695654,1.0,0.08695652173913046,0.21739130434782608,0.21739130434782608,0.21739130434782608,0.098
114,2026-06-20 18:00:00+00:00,6,10,23,6,0.25,3,0.3,0.30434782608695654,0.13043478260869565,0.1739130434782609,0.42857142857142855,0.17391304347826086,0.2608695652173913,0.30434782608695654,0.8571428571428571,0.13043478260869565,0.13043478260869565,0.13043478260869565,0.13043478260869565,0.016
114,2026-06-20 18:00:00+00:00,6,10,23,6,0.5,5,0.5,0.30434782608695654,0.13043478260869565,0.1739130434782609,0.42857142857142855,0.13043478260869565,0.21739130434782608,0.30434782608695654,0.7142857142857142,0.08695652173913043,0.08695652173913043,0.13043478260869565,0.13043478260869565,0.088
114,2026-06-20 18:00:00+00:00,24,75,160,22,0.1,8,0.10666666666666667,0.81875,0.60625,0.21250000000000002,0.7404580152671756,0.725,0.76875,0.79375,0.9389312977099238,0.1625000000000001,0.59375,0.6,0.60625,0.0
114,2026-06-20 18:00:00+00:00,24,75,160,22,0.25,19,0.25333333333333335,0.81875,0.35625,0.46249999999999997,0.4351145038167939,0.6246875000000001,0.6875,0.73125,0.8396946564885497,0.33125,0.3375,0.34375,0.35625,0.0
114,2026-06-20 18:00:00+00:00,24,75,160,22,0.5,38,0.5066666666666667,0.81875,0.08125,0.7374999999999999,0.09923664122137406,0.4125,0.50625,0.5875,0.6183206106870229,0.425,0.06875,0.125,0.15,0.0
115,2026-06-20 19:00:00+00:00,6,8,19,7,0.1,1,0.125,0.3684210526315789,0.21052631578947367,0.15789473684210525,0.5714285714285714,0.21052631578947367,0.3684210526315789,0.3684210526315789,1.0,0.15789473684210525,0.21052631578947367,0.21052631578947367,0.21052631578947367,0.122
115,2026-06-20 19:00:00+00:00,6,8,19,7,0.25,2,0.25,0.3684210526315789,0.10526315789473684,0.2631578947368421,0.2857142857142857,0.15789473684210525,0.3684210526315789,0.3684210526315789,1.0,0.2631578947368421,0.10526315789473684,0.10526315789473684,0.10526315789473684,0.042
115,2026-06-20 19:00:00+00:00,6,8,19,7,0.5,4,0.5,0.3684210526315789,0.10526315789473684,0.2631578947368421,0.2857142857142857,0.10526315789473684,0.21052631578947367,0.3684210526315789,0.5714285714285714,0.10526315789473684,0.10526315789473684,0.10526315789473684,0.10526315789473684,0.238
115,2026-06-20 19:00:00+00:00,24,75,159,22,0.1,8,0.10666666666666667,0.8301886792452831,0.5974842767295597,0.23270440251572333,0.7196969696969696,0.7358490566037735,0.779874213836478,0.8113207547169812,0.9393939393939394,0.1823899371069183,0.5974842767295597,0.5974842767295597,0.5974842767295597,0.0
115,2026-06-20 19:00:00+00:00,24,75,159,22,0.25,19,0.25333333333333335,0.8301886792452831,0.3584905660377358,0.47169811320754723,0.43181818181818177,0.6226415094339622,0.6918238993710691,0.7484276729559748,0.8333333333333333,0.3333333333333333,0.33962264150943394,0.34591194968553457,0.3584905660377358,0.0
115,2026-06-20 19:00:00+00:00,24,75,159,22,0.5,38,0.5066666666666667,0.8301886792452831,0.08176100628930817,0.7484276729559749,0.09848484848484848,0.41509433962264153,0.5157232704402516,0.5974842767295597,0.6212121212121212,0.4339622641509434,0.06918238993710692,0.11949685534591195,0.1509433962264151,0.0
116,2026-06-20 20:00:00+00:00,6,6,18,7,0.1,1,0.16666666666666666,0.3888888888888889,0.2222222222222222,0.16666666666666669,0.5714285714285714,0.2222222222222222,0.3888888888888889,0.3888888888888889,1.0,0.16666666666666669,0.2222222222222222,0.2222222222222222,0.2222222222222222,0.156
116,2026-06-20 20:00:00+00:00,6,6,18,7,0.25,2,0.3333333333333333,0.3888888888888889,0.16666666666666666,0.22222222222222224,0.42857142857142855,0.21944444444444458,0.3888888888888889,0.3888888888888889,1.0,0.22222222222222224,0.16666666666666666,0.16666666666666666,0.16666666666666666,0.05
116,2026-06-20 20:00:00+00:00,6,6,18,7,0.5,3,0.5,0.3888888888888889,0.1111111111111111,0.2777777777777778,0.2857142857142857,0.16666666666666666,0.3888888888888889,0.3888888888888889,1.0,0.2777777777777778,0.1111111111111111,0.1111111111111111,0.1111111111111111,0.044
116,2026-06-20 20:00:00+00:00,24,73,158,16,0.1,8,0.1095890410958904,0.810126582278481,0.5949367088607594,0.21518987341772156,0.734375,0.7088607594936709,0.7531645569620253,0.7911392405063291,0.9296875,0.1582278481012659,0.569620253164557,0.5759493670886076,0.5949367088607594,0.0
116,2026-06-20 20:00:00+00:00,24,73,158,16,0.25,19,0.2602739726027397,0.810126582278481,0.35443037974683544,0.45569620253164556,0.4375,0.5886075949367089,0.6645569620253164,0.7215189873417721,0.8203125,0.310126582278481,0.33544303797468356,0.34177215189873417,0.35443037974683544,0.0
116,2026-06-20 20:00:00+00:00,24,73,158,16,0.5,37,0.5068493150684932,0.810126582278481,0.06329113924050633,0.7468354430379747,0.078125,0.3860759493670886,0.4810126582278481,0.569620253164557,0.59375,0.4177215189873418,0.056962025316455694,0.11392405063291139,0.14556962025316456,0.0
117,2026-06-20 21:00:00+00:00,6,5,15,6,0.1,1,0.2,0.4,0.3333333333333333,0.06666666666666671,0.8333333333333333,0.3333333333333333,0.4,0.4,1.0,0.06666666666666671,0.3333333333333333,0.3333333333333333,0.3333333333333333,0.226
117,2026-06-20 21:00:00+00:00,6,5,15,6,0.25,2,0.4,0.4,0.13333333333333333,0.2666666666666667,0.3333333333333333,0.13333333333333333,0.4,0.4,1.0,0.2666666666666667,0.13333333333333333,0.13333333333333333,0.13333333333333333,0.114
117,2026-06-20 21:00:00+00:00,6,5,15,6,0.5,3,0.6,0.4,0.13333333333333333,0.2666666666666667,0.3333333333333333,0.13333333333333333,0.3333333333333333,0.4,0.8333333333333333,0.19999999999999998,0.13333333333333333,0.13333333333333333,0.13333333333333333,0.32
117,2026-06-20 21:00:00+00:00,24,73,159,16,0.1,8,0.1095890410958904,0.8050314465408805,0.5974842767295597,0.20754716981132082,0.7421874999999999,0.7044025157232704,0.7484276729559748,0.7861635220125787,0.9296874999999999,0.15094339622641506,0.5974842767295597,0.5974842767295597,0.5974842767295597,0.0
117,2026-06-20 21:00:00+00:00,24,73,159,16,0.25,19,0.2602739726027397,0.8050314465408805,0.3584905660377358,0.4465408805031447,0.44531249999999994,0.5911949685534591,0.660377358490566,0.710691823899371,0.8203124999999999,0.3018867924528302,0.33962264150943394,0.34591194968553457,0.3584905660377358,0.0
117,2026-06-20 21:00:00+00:00,24,73,159,16,0.5,37,0.5068493150684932,0.8050314465408805,0.05660377358490566,0.7484276729559749,0.0703125,0.389937106918239,0.48427672955974843,0.559748427672956,0.6015625,0.4276729559748428,0.05660377358490566,0.1069182389937107,0.13836477987421383,0.0
118,2026-06-20 22:00:00+00:00,6,8,22,6,0.1,1,0.125,0.2727272727272727,0.2727272727272727,0.0,1.0,0.2727272727272727,0.2727272727272727,0.2727272727272727,1.0,0.0,0.2727272727272727,0.2727272727272727,0.2727272727272727,1.0
118,2026-06-20 22:00:00+00:00,6,8,22,6,0.25,2,0.25,0.2727272727272727,0.2727272727272727,0.0,1.0,0.2727272727272727,0.2727272727272727,0.2727272727272727,1.0,0.0,0.2727272727272727,0.2727272727272727,0.2727272727272727,1.0
118,2026-06-20 22:00:00+00:00,6,8,22,6,0.5,4,0.5,0.2727272727272727,0.09090909090909091,0.1818181818181818,0.33333333333333337,0.13636363636363635,0.2727272727272727,0.2727272727272727,1.0,0.1818181818181818,0.09090909090909091,0.13636363636363635,0.13636363636363635,0.026
118,2026-06-20 22:00:00+00:00,24,76,166,16,0.1,8,0.10526315789473684,0.7771084337349398,0.5783132530120482,0.1987951807228916,0.7441860465116279,0.6807228915662651,0.7228915662650602,0.7530120481927711,0.9302325581395349,0.14457831325301207,0.5783132530120482,0.5783132530120482,0.5783132530120482,0.0
118,2026-06-20 22:00:00+00:00,24,76,166,16,0.25,19,0.25,0.7771084337349398,0.3493975903614458,0.42771084337349397,0.4496124031007752,0.5783132530120482,0.6445783132530121,0.6927710843373494,0.8294573643410853,0.29518072289156627,0.3313253012048193,0.35542168674698793,0.3674698795180723,0.0
118,2026-06-20 22:00:00+00:00,24,76,166,16,0.5,38,0.5,0.7771084337349398,0.05421686746987952,0.7228915662650602,0.06976744186046512,0.3795180722891566,0.4759036144578313,0.5542168674698795,0.6124031007751938,0.4216867469879518,0.05421686746987952,0.10240963855421686,0.13855421686746988,0.0
119,2026-06-20 23:00:00+00:00,6,8,21,6,0.1,1,0.125,0.2857142857142857,0.2857142857142857,0.0,1.0,0.2857142857142857,0.2857142857142857,0.2857142857142857,1.0,0.0,0.2857142857142857,0.2857142857142857,0.2857142857142857,1.0
119,2026-06-20 23:00:00+00:00,6,8,21,6,0.25,2,0.25,0.2857142857142857,0.2857142857142857,0.0,1.0,0.23809523809523808,0.2857142857142857,0.2857142857142857,1.0,0.0,0.2857142857142857,0.2857142857142857,0.2857142857142857,1.0
119,2026-06-20 23:00:00+00:00,6,8,21,6,0.5,4,0.5,0.2857142857142857,0.09523809523809523,0.19047619047619047,0.3333333333333333,0.14285714285714285,0.2857142857142857,0.2857142857142857,1.0,0.19047619047619047,0.09523809523809523,0.14285714285714285,0.14285714285714285,0.04
119,2026-06-20 23:00:00+00:00,24,76,166,16,0.1,8,0.10526315789473684,0.7771084337349398,0.5783132530120482,0.1987951807228916,0.7441860465116279,0.6807228915662651,0.7289156626506024,0.753313253012048,0.9379844961240309,0.1506024096385542,0.5783132530120482,0.5783132530120482,0.5783132530120482,0.0
119,2026-06-20 23:00:00+00:00,24,76,166,16,0.25,19,0.25,0.7771084337349398,0.3493975903614458,0.42771084337349397,0.4496124031007752,0.5783132530120482,0.6385542168674698,0.6927710843373494,0.821705426356589,0.28915662650602403,0.3313253012048193,0.35542168674698793,0.3674698795180723,0.0
119,2026-06-20 23:00:00+00:00,24,76,166,16,0.5,38,0.5,0.7771084337349398,0.05421686746987952,0.7228915662650602,0.06976744186046512,0.37349397590361444,0.4759036144578313,0.5542168674698795,0.6124031007751938,0.4216867469879518,0.05421686746987952,0.08433734939759036,0.12650602409638553,0.0
120,2026-06-21 00:00:00+00:00,6,6,16,5,0.1,1,0.16666666666666666,0.375,0.375,0.0,1.0,0.3125,0.3125,0.375,0.8333333333333334,-0.0625,0.375,0.375,0.375,1.0
120,2026-06-21 00:00:00+00:00,6,6,16,5,0.25,2,0.3333333333333333,0.375,0.1875,0.1875,0.5,0.1875,0.3125,0.375,0.8333333333333334,0.125,0.1875,0.1875,0.1875,0.07
120,2026-06-21 00:00:00+00:00,6,6,16,5,0.5,3,0.5,0.375,0.1875,0.1875,0.5,0.1875,0.3125,0.375,0.8333333333333334,0.125,0.1875,0.1875,0.1875,0.188
120,2026-06-21 00:00:00+00:00,24,76,166,16,0.1,8,0.10526315789473684,0.7771084337349398,0.5783132530120482,0.1987951807228916,0.7441860465116279,0.6746987951807228,0.7228915662650602,0.7530120481927711,0.9302325581395349,0.14457831325301207,0.5783132530120482,0.5783132530120482,0.5783132530120482,0.0
120,2026-06-21 00:00:00+00:00,24,76,166,16,0.25,19,0.25,0.7771084337349398,0.3493975903614458,0.42771084337349397,0.4496124031007752,0.571987951807229,0.6385542168674698,0.6867469879518072,0.821705426356589,0.28915662650602403,0.3313253012048193,0.35542168674698793,0.3674698795180723,0.0
120,2026-06-21 00:00:00+00:00,24,76,166,16,0.5,38,0.5,0.7771084337349398,0.05421686746987952,0.7228915662650602,0.06976744186046512,0.37921686746987954,0.46987951807228917,0.5481927710843374,0.6046511627906976,0.41566265060240964,0.05421686746987952,0.08433734939759036,0.12650602409638553,0.0
121,2026-06-21 01:00:00+00:00,6,5,13,5,0.1,1,0.2,0.46153846153846156,0.46153846153846156,0.0,1.0,0.38461538461538464,0.38461538461538464,0.46153846153846156,0.8333333333333334,-0.07692307692307693,0.46153846153846156,0.46153846153846156,0.46153846153846156,1.0
121,2026-06-21 01:00:00+00:00,6,5,13,5,0.25,2,0.4,0.46153846153846156,0.23076923076923078,0.23076923076923078,0.5,0.23076923076923078,0.38461538461538464,0.46153846153846156,0.8333333333333334,0.15384615384615385,0.23076923076923078,0.23076923076923078,0.23076923076923078,0.12
121,2026-06-21 01:00:00+00:00,6,5,13,5,0.5,3,0.6,0.46153846153846156,0.15384615384615385,0.3076923076923077,0.3333333333333333,0.15384615384615385,0.38461538461538464,0.38461538461538464,0.8333333333333334,0.23076923076923078,0.15384615384615385,0.15384615384615385,0.23076923076923078,0.196
121,2026-06-21 01:00:00+00:00,24,73,160,14,0.1,8,0.1095890410958904,0.79375,0.5875,0.20624999999999993,0.7401574803149606,0.69375,0.7375,0.775,0.9291338582677167,0.15000000000000002,0.5875,0.5875,0.5875,0.0
121,2026-06-21 01:00:00+00:00,24,73,160,14,0.25,19,0.2602739726027397,0.79375,0.35,0.44375,0.4409448818897638,0.5746875,0.65,0.70625,0.8188976377952757,0.30000000000000004,0.33125,0.35625,0.36875,0.0
121,2026-06-21 01:00:00+00:00,24,73,160,14,0.5,37,0.5068493150684932,0.79375,0.05,0.7437499999999999,0.06299212598425198,0.39375,0.475,0.5565624999999997,0.5984251968503937,0.425,0.05625,0.09375,0.13781249999999973,0.0
122,2026-06-21 02:00:00+00:00,6,6,12,4,0.1,1,0.16666666666666666,0.5,0.25,0.25,0.5,0.25,0.5,0.5,1.0,0.25,0.25,0.25,0.25,0.146
122,2026-06-21 02:00:00+00:00,6,6,12,4,0.25,2,0.3333333333333333,0.5,0.16666666666666666,0.33333333333333337,0.3333333333333333,0.16666666666666666,0.4166666666666667,0.5,0.8333333333333334,0.25,0.16666666666666666,0.25,0.25,0.118
122,2026-06-21 02:00:00+00:00,6,6,12,4,0.5,3,0.5,0.5,0.16666666666666666,0.33333333333333337,0.3333333333333333,0.16666666666666666,0.3333333333333333,0.4166666666666667,0.6666666666666666,0.16666666666666666,0.16666666666666666,0.16666666666666666,0.25,0.296
122,2026-06-21 02:00:00+00:00,24,66,148,14,0.1,7,0.10606060606060606,0.7702702702702703,0.5135135135135135,0.2567567567567568,0.6666666666666666,0.668918918918919,0.722972972972973,0.75,0.9385964912280702,0.20945945945945954,0.5135135135135135,0.5135135135135135,0.5135135135135135,0.0
122,2026-06-21 02:00:00+00:00,24,66,148,14,0.25,17,0.25757575757575757,0.7702702702702703,0.3310810810810811,0.4391891891891892,0.4298245614035088,0.5405405405405406,0.6283783783783784,0.6891891891891891,0.8157894736842105,0.2972972972972973,0.2972972972972973,0.32432432432432434,0.3310810810810811,0.0
122,2026-06-21 02:00:00+00:00,24,66,148,14,0.5,33,0.5,0.7702702702702703,0.05405405405405406,0.7162162162162162,0.07017543859649122,0.3375,0.4527027027027027,0.5540540540540541,0.587719298245614,0.39864864864864863,0.060472972972972994,0.08783783783783784,0.14189189189189189,0.0
123,2026-06-21 03:00:00+00:00,6,7,15,5,0.1,1,0.14285714285714285,0.4666666666666667,0.4,0.06666666666666665,0.8571428571428572,0.4,0.4666666666666667,0.4666666666666667,1.0,0.06666666666666665,0.4,0.4,0.4,0.448
123,2026-06-21 03:00:00+00:00,6,7,15,5,0.25,2,0.2857142857142857,0.4666666666666667,0.2,0.26666666666666666,0.4285714285714286,0.3333333333333333,0.4,0.4666666666666667,0.8571428571428572,0.2,0.2,0.2,0.2,0.046
123,2026-06-21 03:00:00+00:00,6,7,15,5,0.5,4,0.5714285714285714,0.4666666666666667,0.13333333333333333,0.33333333333333337,0.2857142857142857,0.13333333333333333,0.3333333333333333,0.4,0.7142857142857142,0.19999999999999998,0.13333333333333333,0.13333333333333333,0.2,0.2
123,2026-06-21 03:00:00+00:00,24,62,135,12,0.1,7,0.11290322580645161,0.6888888888888889,0.4888888888888889,0.2,0.7096774193548387,0.5851851851851851,0.6370370370370371,0.674074074074074,0.924731182795699,0.1481481481481482,0.4666666666666667,0.4666666666666667,0.4888888888888889,0.0
123,2026-06-21 03:00:00+00:00,24,62,135,12,0.25,16,0.25806451612903225,0.6888888888888889,0.3111111111111111,0.37777777777777777,0.45161290322580644,0.4740740740740741,0.562962962962963,0.6148148148148148,0.8172043010752689,0.2518518518518519,0.2962962962962963,0.3111111111111111,0.31851851851851853,0.0
123,2026-06-21 03:00:00+00:00,24,62,135,12,0.5,31,0.5,0.6888888888888889,0.06666666666666667,0.6222222222222222,0.0967741935483871,0.2814814814814815,0.4,0.4888888888888889,0.5806451612903226,0.33333333333333337,0.037037037037037035,0.06666666666666667,0.1037037037037037,0.0
124,2026-06-21 04:00:00+00:00,6,9,28,13,0.1,1,0.1111111111111111,0.6428571428571429,0.21428571428571427,0.4285714285714286,0.3333333333333333,0.21428571428571427,0.6071428571428571,0.6428571428571429,0.9444444444444443,0.3928571428571428,0.21428571428571427,0.21428571428571427,0.21428571428571427,0.1
124,2026-06-21 04:00:00+00:00,6,9,28,13,0.25,3,0.3333333333333333,0.6428571428571429,0.07142857142857142,0.5714285714285715,0.11111111111111109,0.17857142857142858,0.5714285714285714,0.6428571428571429,0.8888888888888887,0.5,0.07142857142857142,0.07142857142857142,0.07142857142857142,0.016
124,2026-06-21 04:00:00+00:00,6,9,28,13,0.5,5,0.5555555555555556,0.6428571428571429,0.07142857142857142,0.5714285714285715,0.11111111111111109,0.07142857142857142,0.21428571428571427,0.5714285714285714,0.3333333333333333,0.14285714285714285,0.07142857142857142,0.07142857142857142,0.07142857142857142,0.11
124,2026-06-21 04:00:00+00:00,24,58,134,13,0.1,6,0.10344827586206896,0.7313432835820896,0.417910447761194,0.31343283582089554,0.5714285714285714,0.5373134328358209,0.6791044776119403,0.7164179104477612,0.9285714285714285,0.26119402985074625,0.417910447761194,0.417910447761194,0.417910447761194,0.0
124,2026-06-21 04:00:00+00:00,24,58,134,13,0.25,15,0.25862068965517243,0.7313432835820896,0.26865671641791045,0.4626865671641791,0.3673469387755102,0.417910447761194,0.5447761194029851,0.6567164179104478,0.7448979591836735,0.27611940298507465,0.208955223880597,0.2462686567164179,0.26865671641791045,0.0
124,2026-06-21 04:00:00+00:00,24,58,134,13,0.5,29,0.5,0.7313432835820896,0.029850746268656716,0.7014925373134329,0.04081632653061224,0.2462686567164179,0.373134328358209,0.5,0.5102040816326531,0.3432835820895523,0.029850746268656716,0.029850746268656716,0.029850746268656716,0.0
125,2026-06-21 05:00:00+00:00,6,9,28,13,0.1,1,0.1111111111111111,0.6428571428571429,0.21428571428571427,0.4285714285714286,0.3333333333333333,0.21428571428571427,0.6071428571428571,0.6428571428571429,0.9444444444444443,0.3928571428571428,0.21428571428571427,0.21428571428571427,0.21428571428571427,0.11
125,2026-06-21 05:00:00+00:00,6,9,28,13,0.25,3,0.3333333333333333,0.6428571428571429,0.07142857142857142,0.5714285714285715,0.11111111111111109,0.17857142857142858,0.5357142857142857,0.6071428571428571,0.8333333333333333,0.4642857142857143,0.07142857142857142,0.07142857142857142,0.07142857142857142,0.008
125,2026-06-21 05:00:00+00:00,6,9,28,13,0.5,5,0.5555555555555556,0.6428571428571429,0.07142857142857142,0.5714285714285715,0.11111111111111109,0.07142857142857142,0.21428571428571427,0.5714285714285714,0.3333333333333333,0.14285714285714285,0.07142857142857142,0.07142857142857142,0.07142857142857142,0.076
125,2026-06-21 05:00:00+00:00,24,58,129,13,0.1,6,0.10344827586206896,0.7209302325581395,0.4263565891472868,0.2945736434108527,0.5913978494623656,0.5271317829457365,0.6744186046511628,0.7054263565891473,0.935483870967742,0.24806201550387597,0.4263565891472868,0.4263565891472868,0.4263565891472868,0.0
125,2026-06-21 05:00:00+00:00,24,58,129,13,0.25,15,0.25862068965517243,0.7209302325581395,0.2713178294573643,0.44961240310077516,0.3763440860215054,0.4186046511627907,0.5581395348837209,0.6589147286821705,0.7741935483870969,0.2868217054263566,0.21705426356589147,0.2558139534883721,0.2868217054263566,0.0
125,2026-06-21 05:00:00+00:00,24,58,129,13,0.5,29,0.5,0.7209302325581395,0.031007751937984496,0.6899224806201549,0.043010752688172046,0.24767441860465117,0.35658914728682173,0.5193798449612403,0.49462365591397855,0.32558139534883723,0.023255813953488372,0.031007751937984496,0.031007751937984496,0.0
126,2026-06-21 06:00:00+00:00,6,8,29,13,0.1,1,0.125,0.6551724137931034,0.2413793103448276,0.4137931034482758,0.368421052631579,0.2413793103448276,0.6206896551724138,0.6551724137931034,0.9473684210526316,0.3793103448275862,0.2413793103448276,0.2413793103448276,0.2413793103448276,0.142
126,2026-06-21 06:00:00+00:00,6,8,29,13,0.25,2,0.25,0.6551724137931034,0.20689655172413793,0.4482758620689655,0.3157894736842105,0.2413793103448276,0.5862068965517241,0.6551724137931034,0.8947368421052632,0.3793103448275862,0.20689655172413793,0.20689655172413793,0.20689655172413793,0.038
126,2026-06-21 06:00:00+00:00,6,8,29,13,0.5,4,0.5,0.6551724137931034,0.06896551724137931,0.5862068965517241,0.10526315789473685,0.10344827586206896,0.2413793103448276,0.5862068965517241,0.368421052631579,0.1724137931034483,0.06896551724137931,0.06896551724137931,0.06896551724137931,0.01
126,2026-06-21 06:00:00+00:00,24,53,123,13,0.1,6,0.11320754716981132,0.6829268292682927,0.3821138211382114,0.3008130081300813,0.5595238095238095,0.45528455284552843,0.6260162601626016,0.6666666666666666,0.9166666666666665,0.24390243902439018,0.3821138211382114,0.3983739837398374,0.3983739837398374,0.002
126,2026-06-21 06:00:00+00:00,24,53,123,13,0.25,14,0.2641509433962264,0.6829268292682927,0.18699186991869918,0.49593495934959353,0.2738095238095238,0.3333333333333333,0.4796747967479675,0.5934959349593496,0.7023809523809523,0.29268292682926833,0.17032520325203254,0.21138211382113822,0.24390243902439024,0.0
126,2026-06-21 06:00:00+00:00,24,53,123,13,0.5,27,0.5094339622641509,0.6829268292682927,0.024390243902439025,0.6585365853658537,0.03571428571428571,0.14634146341463414,0.27235772357723576,0.43902439024390244,0.3988095238095238,0.24796747967479674,0.024390243902439025,0.024390243902439025,0.024390243902439025,0.0
127,2026-06-21 07:00:00+00:00,6,12,35,14,0.1,2,0.16666666666666666,0.7714285714285715,0.22857142857142856,0.5428571428571429,0.2962962962962963,0.42857142857142855,0.7142857142857143,0.7714285714285715,0.9259259259259259,0.48571428571428577,0.22857142857142856,0.22857142857142856,0.22857142857142856,0.014
127,2026-06-21 07:00:00+00:00,6,12,35,14,0.25,3,0.25,0.7714285714285715,0.2,0.5714285714285714,0.25925925925925924,0.3700000000000001,0.6857142857142857,0.7714285714285715,0.8888888888888888,0.4857142857142857,0.2,0.2,0.2,0.004
127,2026-06-21 07:00:00+00:00,6,12,35,14,0.5,6,0.5,0.7714285714285715,0.08571428571428572,0.6857142857142857,0.1111111111111111,0.11428571428571428,0.42857142857142855,0.6857142857142857,0.5555555555555555,0.34285714285714286,0.08571428571428572,0.11428571428571428,0.14285714285714285,0.0
127,2026-06-21 07:00:00+00:00,24,44,108,14,0.1,5,0.11363636363636363,0.6944444444444444,0.39814814814814814,0.2962962962962963,0.5733333333333334,0.35185185185185186,0.6296296296296297,0.6763888888888885,0.9066666666666667,0.2314814814814815,0.3425925925925926,0.3425925925925926,0.39814814814814814,0.128
127,2026-06-21 07:00:00+00:00,24,44,108,14,0.25,11,0.25,0.6944444444444444,0.2037037037037037,0.4907407407407407,0.29333333333333333,0.25,0.4166666666666667,0.6208333333333329,0.6000000000000001,0.212962962962963,0.2037037037037037,0.23148148148148148,0.25,0.004
127,2026-06-21 07:00:00+00:00,24,44,108,14,0.5,22,0.5,0.6944444444444444,0.046296296296296294,0.6481481481481481,0.06666666666666667,0.12962962962962962,0.2222222222222222,0.4351851851851852,0.32,0.17592592592592593,0.046296296296296294,0.046296296296296294,0.046296296296296294,0.0
128,2026-06-21 08:00:00+00:00,6,13,42,14,0.1,2,0.15384615384615385,1.0,0.40476190476190477,0.5952380952380952,0.40476190476190477,0.6666666666666666,0.9285714285714286,1.0,0.9285714285714286,0.5238095238095238,0.40476190476190477,0.40476190476190477,0.40476190476190477,0.01
128,2026-06-21 08:00:00+00:00,6,13,42,14,0.25,4,0.3076923076923077,1.0,0.21428571428571427,0.7857142857142857,0.21428571428571427,0.38095238095238093,0.6904761904761905,0.9523809523809523,0.6904761904761905,0.47619047619047616,0.21428571428571427,0.21428571428571427,0.21428571428571427,0.012
128,2026-06-21 08:00:00+00:00,6,13,42,14,0.5,7,0.5384615384615384,1.0,0.07142857142857142,0.9285714285714286,0.07142857142857142,0.19047619047619047,0.47619047619047616,0.7857142857142857,0.47619047619047616,0.40476190476190477,0.07142857142857142,0.07142857142857142,0.07142857142857142,0.01
128,2026-06-21 08:00:00+00:00,24,45,115,14,0.1,5,0.1111111111111111,0.782608695652174,0.4260869565217391,0.35652173913043483,0.5444444444444444,0.3652173913043478,0.6956521739130435,0.7652173913043478,0.8888888888888888,0.26956521739130435,0.3739130434782609,0.3739130434782609,0.4260869565217391,0.24
128,2026-06-21 08:00:00+00:00,24,45,115,14,0.25,12,0.26666666666666666,0.782608695652174,0.19130434782608696,0.591304347826087,0.24444444444444444,0.25217391304347825,0.3869565217391304,0.6956521739130435,0.4944444444444444,0.19565217391304346,0.19130434782608696,0.20869565217391303,0.23478260869565218,0.006
128,2026-06-21 08:00:00+00:00,24,45,115,14,0.5,23,0.5111111111111111,0.782608695652174,0.02608695652173913,0.7565217391304349,0.03333333333333333,0.1391304347826087,0.24347826086956523,0.4956521739130435,0.3111111111111111,0.2173913043478261,0.02608695652173913,0.043478260869565216,0.06086956521739131,0.0
129,2026-06-21 09:00:00+00:00,6,21,57,20,0.1,3,0.14285714285714285,0.9298245614035088,0.45614035087719296,0.4736842105263158,0.490566037735849,0.631578947368421,0.8771929824561403,0.9131578947368413,0.9433962264150942,0.42105263157894735,0.45614035087719296,0.45614035087719296,0.45614035087719296,0.002
129,2026-06-21 09:00:00+00:00,6,21,57,20,0.25,6,0.2857142857142857,0.9298245614035088,0.2807017543859649,0.6491228070175439,0.3018867924528302,0.47368421052631576,0.7192982456140351,0.8771929824561403,0.7735849056603774,0.4385964912280702,0.2807017543859649,0.2807017543859649,0.3157894736842105,0.002
129,2026-06-21 09:00:00+00:00,6,21,57,20,0.5,11,0.5238095238095238,0.9298245614035088,0.12280701754385964,0.8070175438596492,0.1320754716981132,0.2271929824561404,0.47368421052631576,0.7368421052631579,0.5094339622641509,0.3508771929824561,0.12280701754385964,0.12280701754385964,0.12280701754385964,0.004
129,2026-06-21 09:00:00+00:00,24,51,123,20,0.1,6,0.11764705882352941,0.7804878048780488,0.5040650406504065,0.27642276422764234,0.6458333333333333,0.4959349593495935,0.7154471544715447,0.7642276422764228,0.9166666666666666,0.21138211382113825,0.1951219512195122,0.2601626016260163,0.5040650406504065,0.054
129,2026-06-21 09:00:00+00:00,24,51,123,20,0.25,13,0.2549019607843137,0.7804878048780488,0.17073170731707318,0.6097560975609756,0.21875,0.3089430894308943,0.6016260162601627,0.7073170731707317,0.7708333333333334,0.43089430894308944,0.13821138211382114,0.16260162601626016,0.18699186991869918,0.004
129,2026-06-21 09:00:00+00:00,24,51,123,20,0.5,26,0.5098039215686274,0.7804878048780488,0.06504065040650407,0.7154471544715447,0.08333333333333334,0.14593495934959352,0.3333333333333333,0.5532520325203248,0.4270833333333333,0.26829268292682923,0.04065040650406504,0.06504065040650407,0.06504065040650407,0.0
130,2026-06-21 10:00:00+00:00,6,22,51,21,0.1,3,0.13636363636363635,0.9215686274509803,0.5294117647058824,0.392156862745098,0.574468085106383,0.6274509803921569,0.8627450980392157,0.9215686274509803,0.9361702127659576,0.33333333333333337,0.5294117647058824,0.5294117647058824,0.5294117647058824,0.0
130,2026-06-21 10:00:00+00:00,6,22,51,21,0.25,6,0.2727272727272727,0.9215686274509803,0.39215686274509803,0.5294117647058822,0.425531914893617,0.5098039215686274,0.7450980392156863,0.8627450980392157,0.8085106382978724,0.35294117647058826,0.39215686274509803,0.39215686274509803,0.39215686274509803,0.004
130,2026-06-21 10:00:00+00:00,6,22,51,21,0.5,11,0.5,0.9215686274509803,0.0784313725490196,0.8431372549019607,0.0851063829787234,0.27450980392156865,0.5490196078431373,0.7450980392156863,0.5957446808510639,0.4705882352941177,0.0784313725490196,0.10784313725490197,0.1568627450980392,0.0
130,2026-06-21 10:00:00+00:00,24,49,118,23,0.1,5,0.10204081632653061,0.7796610169491526,0.4915254237288136,0.288135593220339,0.6304347826086957,0.5847457627118644,0.7161016949152542,0.7711864406779662,0.9184782608695652,0.22457627118644063,0.3983050847457627,0.4661016949152542,0.4915254237288136,0.012
130,2026-06-21 10:00:00+00:00,24,49,118,23,0.25,13,0.2653061224489796,0.7796610169491526,0.2966101694915254,0.48305084745762716,0.3804347826086956,0.3813559322033898,0.576271186440678,0.6949152542372882,0.7391304347826086,0.2796610169491526,0.2796610169491525,0.288135593220339,0.3050847457627119,0.014
130,2026-06-21 10:00:00+00:00,24,49,118,23,0.5,25,0.5102040816326531,0.7796610169491526,0.05084745762711865,0.728813559322034,0.06521739130434782,0.1694915254237288,0.3644067796610169,0.5338983050847458,0.46739130434782605,0.31355932203389825,0.05084745762711865,0.05084745762711865,0.05084745762711865,0.0
131,2026-06-21 11:00:00+00:00,6,26,63,23,0.1,3,0.11538461538461539,0.9047619047619048,0.5714285714285714,0.33333333333333337,0.631578947368421,0.6507936507936508,0.8253968253968254,0.8888888888888888,0.9122807017543859,0.25396825396825395,0.5714285714285714,0.5714285714285714,0.5714285714285714,0.004
131,2026-06-21 11:00:00+00:00,6,26,63,23,0.25,7,0.2692307692307692,0.9047619047619048,0.3968253968253968,0.5079365079365079,0.43859649122807015,0.5238095238095238,0.7142857142857143,0.8253968253968254,0.7894736842105263,0.3174603174603175,0.3492063492063492,0.3968253968253968,0.4126984126984127,0.008
131,2026-06-21 11:00:00+00:00,6,26,63,23,0.5,13,0.5,0.9047619047619048,0.1111111111111111,0.7936507936507937,0.12280701754385964,0.23809523809523808,0.49206349206349204,0.6984126984126984,0.5438596491228069,0.38095238095238093,0.06349206349206349,0.1111111111111111,0.12698412698412698,0.0
131,2026-06-21 11:00:00+00:00,24,48,119,25,0.1,5,0.10416666666666667,0.7394957983193278,0.42016806722689076,0.319327731092437,0.5681818181818181,0.5630252100840336,0.6890756302521008,0.7310924369747899,0.9318181818181818,0.2689075630252101,0.35294117647058826,0.42016806722689076,0.42016806722689076,0.0
131,2026-06-21 11:00:00+00:00,24,48,119,25,0.25,12,0.25,0.7394957983193278,0.18487394957983194,0.5546218487394958,0.25,0.42857142857142855,0.5798319327731093,0.680672268907563,0.7840909090909092,0.39495798319327735,0.13445378151260504,0.15966386554621848,0.226890756302521,0.0
131,2026-06-21 11:00:00+00:00,24,48,119,25,0.5,24,0.5,0.7394957983193278,0.04201680672268908,0.6974789915966387,0.05681818181818182,0.19327731092436976,0.3865546218487395,0.5462184873949579,0.5227272727272727,0.3445378151260504,0.04201680672268908,0.04201680672268908,0.04201680672268908,0.0
132,2026-06-21 12:00:00+00:00,6,27,62,10,0.1,3,0.1111111111111111,0.7096774193548387,0.5483870967741935,0.16129032258064524,0.7727272727272726,0.3387096774193548,0.5967741935483871,0.6935483870967742,0.8409090909090909,0.048387096774193616,0.3548387096774194,0.5,0.5483870967741935,0.366
132,2026-06-21 12:00:00+00:00,6,27,62,10,0.25,7,0.25925925925925924,0.7096774193548387,0.24193548387096775,0.467741935483871,0.3409090909090909,0.2572580645161291,0.41935483870967744,0.5975806451612896,0.5909090909090909,0.1774193548387097,0.24193548387096775,0.24193548387096775,0.24193548387096775,0.05
132,2026-06-21 12:00:00+00:00,6,27,62,10,0.5,14,0.5185185185185185,0.7096774193548387,0.06451612903225806,0.6451612903225807,0.0909090909090909,0.11290322580645161,0.22580645161290322,0.38790322580645087,0.3181818181818182,0.16129032258064516,0.04838709677419355,0.06451612903225806,0.06451612903225806,0.0
132,2026-06-21 12:00:00+00:00,24,47,115,14,0.1,5,0.10638297872340426,0.6347826086956522,0.3652173913043478,0.26956521739130435,0.5753424657534246,0.4252173913043479,0.5826086956521739,0.6260869565217392,0.9178082191780822,0.21739130434782605,0.33043478260869563,0.33043478260869563,0.3652173913043478,0.014
132,2026-06-21 12:00:00+00:00,24,47,115,14,0.25,12,0.2553191489361702,0.6347826086956522,0.17391304347826086,0.4608695652173913,0.273972602739726,0.2608695652173913,0.4782608695652174,0.565652173913043,0.7534246575342466,0.30434782608695654,0.17391304347826086,0.17391304347826086,0.17391304347826086,0.008
132,2026-06-21 12:00:00+00:00,24,47,115,14,0.5,24,0.5106382978723404,0.6347826086956522,0.034782608695652174,0.6,0.05479452054794521,0.10434782608695652,0.2608695652173913,0.4265217391304344,0.410958904109589,0.22608695652173913,0.02608695652173913,0.034782608695652174,0.034782608695652174,0.0
133,2026-06-21 13:00:00+00:00,6,24,53,10,0.1,3,0.125,0.7169811320754716,0.4528301886792453,0.26415094339622636,0.6315789473684211,0.41509433962264153,0.6037735849056604,0.6981132075471698,0.8421052631578948,0.15094339622641506,0.3018867924528302,0.4528301886792453,0.4716981132075472,0.092
133,2026-06-21 13:00:00+00:00,6,24,53,10,0.25,6,0.25,0.7169811320754716,0.16981132075471697,0.5471698113207547,0.2368421052631579,0.2641509433962264,0.4716981132075472,0.6415094339622641,0.6578947368421053,0.30188679245283023,0.16981132075471697,0.16981132075471697,0.16981132075471697,0.004
133,2026-06-21 13:00:00+00:00,6,24,53,10,0.5,12,0.5,0.7169811320754716,0.07547169811320754,0.6415094339622641,0.10526315789473685,0.1320754716981132,0.2830188679245283,0.4528301886792453,0.39473684210526316,0.20754716981132076,0.07547169811320754,0.07547169811320754,0.07547169811320754,0.0
133,2026-06-21 13:00:00+00:00,24,44,111,14,0.1,5,0.11363636363636363,0.6486486486486487,0.38738738738738737,0.2612612612612613,0.5972222222222222,0.3963963963963964,0.5855855855855856,0.6396396396396397,0.9027777777777778,0.19819819819819823,0.2702702702702703,0.38738738738738737,0.38738738738738737,0.048
133,2026-06-21 13:00:00+00:00,24,44,111,14,0.25,11,0.25,0.6486486486486487,0.18018018018018017,0.4684684684684685,0.27777777777777773,0.25225225225225223,0.4774774774774775,0.5765765765765766,0.736111111111111,0.2972972972972973,0.13513513513513514,0.16216216216216217,0.18018018018018017,0.01
133,2026-06-21 13:00:00+00:00,24,44,111,14,0.5,22,0.5,0.6486486486486487,0.036036036036036036,0.6126126126126127,0.05555555555555555,0.0990990990990991,0.26126126126126126,0.43243243243243246,0.40277777777777773,0.22522522522522523,0.036036036036036036,0.036036036036036036,0.036036036036036036,0.0
134,2026-06-21 14:00:00+00:00,6,26,60,10,0.1,3,0.11538461538461539,0.7333333333333333,0.35,0.3833333333333333,0.4772727272727273,0.4158333333333334,0.6666666666666666,0.7333333333333333,0.9090909090909091,0.31666666666666665,0.2833333333333333,0.3,0.35,0.038
134,2026-06-21 14:00:00+00:00,6,26,60,10,0.25,7,0.2692307692307692,0.7333333333333333,0.16666666666666666,0.5666666666666667,0.22727272727272727,0.25,0.5,0.6666666666666666,0.6818181818181819,0.33333333333333337,0.16666666666666666,0.16666666666666666,0.16666666666666666,0.002
134,2026-06-21 14:00:00+00:00,6,26,60,10,0.5,13,0.5,0.7333333333333333,0.08333333333333333,0.6499999999999999,0.11363636363636363,0.13333333333333333,0.26666666666666666,0.5166666666666667,0.36363636363636365,0.18333333333333335,0.08333333333333333,0.1,0.11666666666666667,0.004
134,2026-06-21 14:00:00+00:00,24,46,118,14,0.1,5,0.10869565217391304,0.6610169491525424,0.2711864406779661,0.3898305084745763,0.41025641025641024,0.4322033898305085,0.6016949152542372,0.652542372881356,0.9102564102564101,0.33050847457627114,0.2711864406779661,0.2711864406779661,0.2711864406779661,0.002
134,2026-06-21 14:00:00+00:00,24,46,118,14,0.25,12,0.2608695652173913,0.6610169491525424,0.15254237288135594,0.5084745762711864,0.23076923076923078,0.2711864406779661,0.4661016949152542,0.6016949152542372,0.7051282051282051,0.31355932203389825,0.15254237288135594,0.15254237288135594,0.15254237288135594,0.004
134,2026-06-21 14:00:00+00:00,24,46,118,14,0.5,23,0.5,0.6610169491525424,0.03389830508474576,0.6271186440677966,0.05128205128205128,0.11864406779661017,0.2796610169491525,0.4322033898305085,0.423076923076923,0.24576271186440676,0.03389830508474576,0.03389830508474576,0.03389830508474576,0.0
135,2026-06-21 15:00:00+00:00,6,22,55,8,0.1,3,0.13636363636363635,0.6545454545454545,0.2545454545454545,0.4,0.38888888888888884,0.3090909090909091,0.5818181818181818,0.6545454545454545,0.8888888888888888,0.32727272727272727,0.2545454545454545,0.32727272727272727,0.32727272727272727,0.002
135,2026-06-21 15:00:00+00:00,6,22,55,8,0.25,6,0.2727272727272727,0.6545454545454545,0.2545454545454545,0.4,0.38888888888888884,0.21818181818181817,0.41818181818181815,0.6181818181818182,0.6388888888888888,0.16363636363636364,0.21818181818181817,0.21818181818181817,0.2909090909090909,0.088
135,2026-06-21 15:00:00+00:00,6,22,55,8,0.5,11,0.5,0.6545454545454545,0.09090909090909091,0.5636363636363636,0.1388888888888889,0.14545454545454545,0.2545454545454545,0.4727272727272727,0.38888888888888884,0.1636363636363636,0.09090909090909091,0.09090909090909091,0.09090909090909091,0.002
135,2026-06-21 15:00:00+00:00,24,46,120,14,0.1,5,0.10869565217391304,0.7583333333333333,0.325,0.4333333333333333,0.4285714285714286,0.5166666666666667,0.675,0.75,0.8901098901098902,0.35000000000000003,0.325,0.325,0.325,0.002
135,2026-06-21 15:00:00+00:00,24,46,120,14,0.25,12,0.2608695652173913,0.7583333333333333,0.18333333333333332,0.575,0.24175824175824176,0.34125000000000005,0.5333333333333333,0.6833333333333333,0.7032967032967034,0.35,0.15,0.16666666666666666,0.20833333333333334,0.004
135,2026-06-21 15:00:00+00:00,24,46,120,14,0.5,23,0.5,0.7583333333333333,0.041666666666666664,0.7166666666666667,0.054945054945054944,0.125,0.325,0.5,0.4285714285714286,0.2833333333333333,0.03333333333333333,0.041666666666666664,0.041666666666666664,0.0
136,2026-06-21 16:00:00+00:00,6,22,50,8,0.1,3,0.13636363636363635,0.64,0.38,0.26,0.59375,0.36,0.58,0.64,0.9062499999999999,0.19999999999999996,0.38,0.38,0.38,0.15
136,2026-06-21 16:00:00+00:00,6,22,50,8,0.25,6,0.2727272727272727,0.64,0.26,0.38,0.40625,0.26,0.44,0.62,0.6875,0.18,0.26,0.26,0.26,0.06
136,2026-06-21 16:00:00+00:00,6,22,50,8,0.5,11,0.5,0.64,0.1,0.54,0.15625,0.14,0.3,0.5,0.46875,0.19999999999999998,0.1,0.1,0.1,0.002
136,2026-06-21 16:00:00+00:00,24,48,122,14,0.1,5,0.10416666666666667,0.7622950819672131,0.32786885245901637,0.4344262295081967,0.43010752688172044,0.5237704918032787,0.6885245901639344,0.7540983606557377,0.903225806451613,0.36065573770491804,0.32786885245901637,0.32786885245901637,0.32786885245901637,0.002
136,2026-06-21 16:00:00+00:00,24,48,122,14,0.25,12,0.25,0.7622950819672131,0.18032786885245902,0.5819672131147541,0.23655913978494625,0.3524590163934426,0.5409836065573771,0.6807377049180324,0.7096774193548389,0.3606557377049181,0.1557377049180328,0.1721311475409836,0.20491803278688525,0.002
136,2026-06-21 16:00:00+00:00,24,48,122,14,0.5,24,0.5,0.7622950819672131,0.040983606557377046,0.721311475409836,0.053763440860215055,0.13114754098360656,0.3114754098360656,0.4918032786885246,0.40860215053763443,0.27049180327868855,0.03278688524590164,0.040983606557377046,0.040983606557377046,0.0
137,2026-06-21 17:00:00+00:00,6,18,43,9,0.1,2,0.1111111111111111,0.5116279069767442,0.4186046511627907,0.09302325581395349,0.8181818181818182,0.3953488372093023,0.4883720930232558,0.5116279069767442,0.9545454545454545,0.06976744186046507,0.4186046511627907,0.4186046511627907,0.4186046511627907,0.228
137,2026-06-21 17:00:00+00:00,6,18,43,9,0.25,5,0.2777777777777778,0.5116279069767442,0.32558139534883723,0.18604651162790697,0.6363636363636364,0.27906976744186046,0.4186046511627907,0.5116279069767442,0.8181818181818182,0.09302325581395349,0.3023255813953488,0.32558139534883723,0.32558139534883723,0.17
137,2026-06-21 17:00:00+00:00,6,18,43,9,0.5,9,0.5,0.5116279069767442,0.11627906976744186,0.39534883720930236,0.22727272727272727,0.18604651162790697,0.27906976744186046,0.4418604651162791,0.5454545454545454,0.16279069767441862,0.11627906976744186,0.11627906976744186,0.18604651162790697,0.002
137,2026-06-21 17:00:00+00:00,24,49,126,14,0.1,5,0.10204081632653061,0.746031746031746,0.3253968253968254,0.42063492063492064,0.43617021276595747,0.5234126984126984,0.6825396825396826,0.7380952380952381,0.9148936170212766,0.35714285714285715,0.2698412698412698,0.3253968253968254,0.3253968253968254,0.0
137,2026-06-21 17:00:00+00:00,24,49,126,14,0.25,13,0.2653061224489796,0.746031746031746,0.15079365079365079,0.5952380952380952,0.20212765957446807,0.3412698412698413,0.5158730158730159,0.6587301587301587,0.6914893617021277,0.3650793650793651,0.14285714285714285,0.15079365079365079,0.1746031746031746,0.002
137,2026-06-21 17:00:00+00:00,24,49,126,14,0.5,25,0.5102040816326531,0.746031746031746,0.03968253968253968,0.7063492063492064,0.05319148936170212,0.12698412698412698,0.30158730158730157,0.46825396825396826,0.40425531914893614,0.26190476190476186,0.031746031746031744,0.03968253968253968,0.03968253968253968,0.0
138,2026-06-21 18:00:00+00:00,6,18,44,8,0.1,2,0.1111111111111111,0.4318181818181818,0.38636363636363635,0.04545454545454547,0.8947368421052632,0.2727272727272727,0.4090909090909091,0.4318181818181818,0.9473684210526316,0.022727272727272763,0.38636363636363635,0.4318181818181818,0.4318181818181818,0.386
138,2026-06-21 18:00:00+00:00,6,18,44,8,0.25,5,0.2777777777777778,0.4318181818181818,0.38636363636363635,0.04545454545454547,0.8947368421052632,0.22727272727272727,0.3181818181818182,0.4318181818181818,0.7368421052631579,-0.06818181818181818,0.22727272727272727,0.2727272727272727,0.38636363636363635,0.796
138,2026-06-21 18:00:00+00:00,6,18,44,8,0.5,9,0.5,0.4318181818181818,0.20454545454545456,0.22727272727272727,0.4736842105263158,0.18181818181818182,0.22727272727272727,0.3420454545454535,0.5263157894736842,0.022727272727272707,0.09090909090909091,0.18181818181818182,0.20454545454545456,0.374
138,2026-06-21 18:00:00+00:00,24,50,132,14,0.1,5,0.1,0.7121212121212122,0.25757575757575757,0.4545454545454546,0.36170212765957444,0.4772727272727273,0.6590909090909091,0.7045454545454546,0.925531914893617,0.4015151515151515,0.25757575757575757,0.25757575757575757,0.25757575757575757,0.0
138,2026-06-21 18:00:00+00:00,24,50,132,14,0.25,13,0.26,0.7121212121212122,0.1893939393939394,0.5227272727272727,0.26595744680851063,0.3333333333333333,0.5075757575757576,0.6439393939393939,0.7127659574468085,0.3181818181818182,0.13636363636363635,0.1590909090909091,0.1893939393939394,0.006
138,2026-06-21 18:00:00+00:00,24,50,132,14,0.5,25,0.5,0.7121212121212122,0.030303030303030304,0.6818181818181819,0.0425531914893617,0.13636363636363635,0.30303030303030304,0.4772727272727273,0.425531914893617,0.2727272727272727,0.030303030303030304,0.03787878787878788,0.06060606060606061,0.0
139,2026-06-21 19:00:00+00:00,6,21,54,10,0.1,3,0.14285714285714285,0.35185185185185186,0.3148148148148148,0.037037037037037035,0.8947368421052632,0.2222222222222222,0.3333333333333333,0.35185185185185186,0.9473684210526315,0.01851851851851849,0.3148148148148148,0.3148148148148148,0.35185185185185186,0.49
139,2026-06-21 19:00:00+00:00,6,21,54,10,0.25,6,0.2857142857142857,0.35185185185185186,0.24074074074074073,0.11111111111111113,0.6842105263157894,0.18518518518518517,0.2777777777777778,0.35185185185185186,0.7894736842105263,0.03703703703703706,0.16666666666666666,0.24074074074074073,0.24074074074074073,0.422
139,2026-06-21 19:00:00+00:00,6,21,54,10,0.5,11,0.5238095238095238,0.35185185185185186,0.09259259259259259,0.2592592592592593,0.2631578947368421,0.12962962962962962,0.18518518518518517,0.2962962962962963,0.5263157894736842,0.09259259259259259,0.05555555555555555,0.09259259259259259,0.12962962962962962,0.004
139,2026-06-21 19:00:00+00:00,24,53,141,14,0.1,6,0.11320754716981132,0.7021276595744681,0.2624113475177305,0.4397163120567376,0.3737373737373737,0.475177304964539,0.6382978723404256,0.6950354609929078,0.9090909090909092,0.3758865248226951,0.2624113475177305,0.2624113475177305,0.3120567375886525,0.0
139,2026-06-21 19:00:00+00:00,24,53,141,14,0.25,14,0.2641509433962264,0.7021276595744681,0.1773049645390071,0.524822695035461,0.25252525252525254,0.3262411347517731,0.5035460992907801,0.6312056737588653,0.7171717171717171,0.32624113475177297,0.1347517730496454,0.15602836879432624,0.1773049645390071,0.0
139,2026-06-21 19:00:00+00:00,24,53,141,14,0.5,27,0.5094339622641509,0.7021276595744681,0.028368794326241134,0.6737588652482269,0.0404040404040404,0.1276595744680851,0.2907801418439716,0.46099290780141844,0.4141414141414141,0.2624113475177305,0.028368794326241134,0.03546099290780142,0.05673758865248227,0.0
140,2026-06-21 20:00:00+00:00,6,22,55,9,0.1,3,0.13636363636363635,0.4,0.2545454545454545,0.1454545454545455,0.6363636363636362,0.2,0.36363636363636365,0.4,0.9090909090909091,0.10909090909090913,0.2545454545454545,0.2545454545454545,0.2545454545454545,0.246
140,2026-06-21 20:00:00+00:00,6,22,55,9,0.25,6,0.2727272727272727,0.4,0.09090909090909091,0.3090909090909091,0.22727272727272727,0.16363636363636364,0.2818181818181818,0.4,0.7045454545454545,0.1909090909090909,0.09090909090909091,0.09090909090909091,0.09090909090909091,0.0
140,2026-06-21 20:00:00+00:00,6,22,55,9,0.5,11,0.5,0.4,0.09090909090909091,0.3090909090909091,0.22727272727272727,0.12727272727272726,0.2,0.34636363636363554,0.5,0.1090909090909091,0.05454545454545454,0.09090909090909091,0.09090909090909091,0.016
140,2026-06-21 20:00:00+00:00,24,59,151,14,0.1,6,0.1016949152542373,0.8278145695364238,0.36423841059602646,0.4635761589403974,0.43999999999999995,0.5629139072847682,0.7350993377483444,0.8145695364238411,0.888,0.3708609271523179,0.36423841059602646,0.36423841059602646,0.36423841059602646,0.0
140,2026-06-21 20:00:00+00:00,24,59,151,14,0.25,15,0.2542372881355932,0.8278145695364238,0.1456953642384106,0.6821192052980133,0.176,0.3708609271523179,0.5827814569536424,0.7218543046357616,0.704,0.4370860927152318,0.12582781456953643,0.12582781456953643,0.1456953642384106,0.0
140,2026-06-21 20:00:00+00:00,24,59,151,14,0.5,30,0.5084745762711864,0.8278145695364238,0.026490066225165563,0.8013245033112583,0.032,0.152317880794702,0.33774834437086093,0.4966887417218543,0.408,0.31125827814569534,0.026490066225165563,0.026490066225165563,0.026490066225165563,0.0
141,2026-06-21 21:00:00+00:00,6,23,58,9,0.1,3,0.13043478260869565,0.603448275862069,0.2413793103448276,0.3620689655172413,0.4,0.3448275862068966,0.5344827586206896,0.603448275862069,0.8857142857142857,0.293103448275862,0.2413793103448276,0.2413793103448276,0.2413793103448276,0.032
141,2026-06-21 21:00:00+00:00,6,23,58,9,0.25,6,0.2608695652173913,0.603448275862069,0.08620689655172414,0.5172413793103448,0.14285714285714288,0.1896551724137931,0.3793103448275862,0.5689655172413793,0.6285714285714286,0.29310344827586204,0.08620689655172414,0.08620689655172414,0.08620689655172414,0.0
141,2026-06-21 21:00:00+00:00,6,23,58,9,0.5,12,0.5217391304347826,0.603448275862069,0.05172413793103448,0.5517241379310345,0.08571428571428572,0.13793103448275862,0.20689655172413793,0.41379310344827586,0.34285714285714286,0.15517241379310345,0.05172413793103448,0.05172413793103448,0.05172413793103448,0.0
141,2026-06-21 21:00:00+00:00,24,61,156,14,0.1,7,0.11475409836065574,0.8525641025641025,0.3333333333333333,0.5192307692307692,0.39097744360902253,0.6410256410256411,0.7628205128205128,0.8333333333333334,0.8947368421052632,0.42948717948717946,0.3333333333333333,0.3333333333333333,0.3333333333333333,0.0
141,2026-06-21 21:00:00+00:00,24,61,156,14,0.25,16,0.26229508196721313,0.8525641025641025,0.14102564102564102,0.7115384615384615,0.16541353383458646,0.4166666666666667,0.6217948717948718,0.7374999999999997,0.7293233082706767,0.4807692307692308,0.11538461538461539,0.14102564102564102,0.14102564102564102,0.0
141,2026-06-21 21:00:00+00:00,24,61,156,14,0.5,31,0.5081967213114754,0.8525641025641025,0.02564102564102564,0.8269230769230769,0.03007518796992481,0.16666666666666666,0.36538461538461536,0.5195512820512818,0.42857142857142855,0.3397435897435897,0.02564102564102564,0.02564102564102564,0.05128205128205128,0.0
142,2026-06-21 22:00:00+00:00,6,23,59,9,0.1,3,0.13043478260869565,0.6440677966101694,0.423728813559322,0.22033898305084743,0.6578947368421053,0.3220338983050847,0.5423728813559322,0.6440677966101694,0.8421052631578948,0.11864406779661019,0.423728813559322,0.423728813559322,0.423728813559322,0.22
142,2026-06-21 22:00:00+00:00,6,23,59,9,0.25,6,0.2608695652173913,0.6440677966101694,0.15254237288135594,0.49152542372881347,0.23684210526315794,0.2033898305084746,0.423728813559322,0.6101694915254238,0.6578947368421053,0.27118644067796605,0.13559322033898305,0.15254237288135594,0.22033898305084745,0.0
142,2026-06-21 22:00:00+00:00,6,23,59,9,0.5,12,0.5217391304347826,0.6440677966101694,0.05084745762711865,0.5932203389830508,0.07894736842105264,0.15254237288135594,0.2542372881355932,0.4576271186440678,0.39473684210526316,0.20338983050847456,0.03389830508474576,0.05084745762711865,0.05084745762711865,0.0
142,2026-06-21 22:00:00+00:00,24,59,150,13,0.1,6,0.1016949152542373,0.82,0.34,0.4799999999999999,0.41463414634146345,0.5266666666666666,0.72,0.8,0.8780487804878049,0.37999999999999995,0.32666666666666666,0.34,0.34,0.0
142,2026-06-21 22:00:00+00:00,24,59,150,13,0.25,15,0.2542372881355932,0.82,0.14666666666666667,0.6733333333333333,0.17886178861788618,0.326,0.54,0.72,0.6585365853658537,0.39333333333333337,0.12,0.14666666666666667,0.14666666666666667,0.0
142,2026-06-21 22:00:00+00:00,24,59,150,13,0.5,30,0.5084745762711864,0.82,0.02666666666666667,0.7933333333333333,0.032520325203252036,0.13333333333333333,0.27,0.4666666666666667,0.32926829268292684,0.24333333333333335,0.02666666666666667,0.02666666666666667,0.05333333333333334,0.0
143,2026-06-21 23:00:00+00:00,6,23,66,12,0.1,3,0.13043478260869565,0.8636363636363636,0.5454545454545454,0.31818181818181823,0.631578947368421,0.48484848484848486,0.7272727272727273,0.8484848484848485,0.8421052631578948,0.18181818181818188,0.5454545454545454,0.5454545454545454,0.5454545454545454,0.102
143,2026-06-21 23:00:00+00:00,6,23,66,12,0.25,6,0.2608695652173913,0.8636363636363636,0.16666666666666666,0.696969696969697,0.19298245614035087,0.3181818181818182,0.5757575757575758,0.803030303030303,0.6666666666666667,0.40909090909090917,0.16666666666666666,0.16666666666666666,0.16666666666666666,0.0
143,2026-06-21 23:00:00+00:00,6,23,66,12,0.5,12,0.5217391304347826,0.8636363636363636,0.045454545454545456,0.8181818181818182,0.052631578947368425,0.16666666666666666,0.3181818181818182,0.5454545454545454,0.3684210526315789,0.2727272727272727,0.030303030303030304,0.045454545454545456,0.045454545454545456,0.0
143,2026-06-21 23:00:00+00:00,24,60,158,13,0.1,6,0.1,0.8291139240506329,0.5126582278481012,0.31645569620253167,0.6183206106870228,0.5569620253164557,0.7468354430379747,0.810126582278481,0.900763358778626,0.23417721518987344,0.3924050632911392,0.5126582278481012,0.5126582278481012,0.014
143,2026-06-21 23:00:00+00:00,24,60,158,13,0.25,15,0.25,0.8291139240506329,0.13924050632911392,0.689873417721519,0.16793893129770993,0.379746835443038,0.5759493670886076,0.7215189873417721,0.6946564885496183,0.43670886075949367,0.13291139240506328,0.13924050632911392,0.13924050632911392,0.0
143,2026-06-21 23:00:00+00:00,24,60,158,13,0.5,30,0.5,0.8291139240506329,0.02531645569620253,0.8037974683544303,0.030534351145038167,0.13291139240506328,0.3291139240506329,0.4936708860759494,0.3969465648854962,0.30379746835443033,0.02531645569620253,0.02531645569620253,0.05063291139240506,0.0
144,2026-06-22 00:00:00+00:00,6,25,72,13,0.1,3,0.12,0.75,0.3472222222222222,0.4027777777777778,0.46296296296296297,0.3888888888888889,0.6527777777777778,0.75,0.8703703703703703,0.3055555555555556,0.3472222222222222,0.3472222222222222,0.3472222222222222,0.034
144,2026-06-22 00:00:00+00:00,6,25,72,13,0.25,7,0.28,0.75,0.09722222222222222,0.6527777777777778,0.12962962962962962,0.2354166666666667,0.5138888888888888,0.7083333333333334,0.6851851851851851,0.41666666666666663,0.09722222222222222,0.09722222222222222,0.09722222222222222,0.0
144,2026-06-22 00:00:00+00:00,6,25,72,13,0.5,13,0.52,0.75,0.041666666666666664,0.7083333333333334,0.05555555555555555,0.125,0.3194444444444444,0.5277777777777778,0.4259259259259259,0.27777777777777773,0.041666666666666664,0.041666666666666664,0.041666666666666664,0.0
144,2026-06-22 00:00:00+00:00,24,63,169,13,0.1,7,0.1111111111111111,0.8165680473372781,0.47337278106508873,0.3431952662721893,0.5797101449275363,0.5440828402366864,0.7159763313609467,0.7928994082840237,0.8768115942028986,0.242603550295858,0.35502958579881655,0.35502958579881655,0.47337278106508873,0.002
144,2026-06-22 00:00:00+00:00,24,63,169,13,0.25,16,0.25396825396825395,0.8165680473372781,0.1301775147928994,0.6863905325443787,0.15942028985507248,0.378698224852071,0.5680473372781065,0.7100591715976331,0.6956521739130436,0.4378698224852071,0.10650887573964497,0.1301775147928994,0.1301775147928994,0.0
144,2026-06-22 00:00:00+00:00,24,63,169,13,0.5,32,0.5079365079365079,0.8165680473372781,0.023668639053254437,0.7928994082840236,0.028985507246376812,0.1242603550295858,0.3076923076923077,0.48550295857988135,0.3768115942028986,0.28402366863905326,0.023668639053254437,0.023668639053254437,0.047337278106508875,0.0
145,2026-06-22 01:00:00+00:00,6,25,75,13,0.1,3,0.12,0.6133333333333333,0.22666666666666666,0.3866666666666666,0.3695652173913044,0.3333333333333333,0.56,0.6133333333333333,0.9130434782608697,0.33333333333333337,0.22666666666666666,0.22666666666666666,0.22666666666666666,0.014
145,2026-06-22 01:00:00+00:00,6,25,75,13,0.25,7,0.28,0.6133333333333333,0.08,0.5333333333333333,0.13043478260869568,0.21333333333333335,0.44,0.5866666666666667,0.7173913043478262,0.36,0.08,0.08,0.08,0.0
145,2026-06-22 01:00:00+00:00,6,25,75,13,0.5,13,0.52,0.6133333333333333,0.04,0.5733333333333333,0.06521739130434784,0.10666666666666667,0.24,0.4666666666666667,0.391304347826087,0.19999999999999998,0.04,0.05333333333333334,0.05333333333333334,0.0
145,2026-06-22 01:00:00+00:00,24,68,180,13,0.1,7,0.10294117647058823,0.8111111111111111,0.4666666666666667,0.34444444444444444,0.5753424657534246,0.5388888888888889,0.7222222222222222,0.8,0.8904109589041096,0.25555555555555554,0.4666666666666667,0.4666666666666667,0.4666666666666667,0.01
145,2026-06-22 01:00:00+00:00,24,68,180,13,0.25,17,0.25,0.8111111111111111,0.10555555555555556,0.7055555555555556,0.13013698630136986,0.3388888888888889,0.5555555555555556,0.7169444444444442,0.6849315068493151,0.45,0.1,0.11666666666666667,0.12222222222222222,0.0
145,2026-06-22 01:00:00+00:00,24,68,180,13,0.5,34,0.5,0.8111111111111111,0.027777777777777776,0.7833333333333333,0.03424657534246575,0.12777777777777777,0.3055555555555556,0.47805555555555534,0.3767123287671233,0.2777777777777778,0.027777777777777776,0.027777777777777776,0.027777777777777776,0.0
146,2026-06-22 02:00:00+00:00,6,20,60,13,0.1,2,0.1,0.55,0.31666666666666665,0.2333333333333334,0.5757575757575757,0.25,0.5333333333333333,0.55,0.9696969696969696,0.21666666666666667,0.31666666666666665,0.31666666666666665,0.31666666666666665,0.114
146,2026-06-22 02:00:00+00:00,6,20,60,13,0.25,5,0.25,0.55,0.06666666666666667,0.4833333333333334,0.1212121212121212,0.23250000000000004,0.4166666666666667,0.55,0.7575757575757576,0.35000000000000003,0.06666666666666667,0.06666666666666667,0.06666666666666667,0.0
146,2026-06-22 02:00:00+00:00,6,20,60,13,0.5,10,0.5,0.55,0.05,0.5,0.09090909090909091,0.11666666666666667,0.23333333333333334,0.5,0.4242424242424242,0.18333333333333335,0.05,0.05,0.05,0.004
146,2026-06-22 02:00:00+00:00,24,67,178,13,0.1,7,0.1044776119402985,0.8146067415730337,0.47191011235955055,0.34269662921348315,0.5793103448275861,0.550561797752809,0.7303370786516854,0.8033707865168539,0.896551724137931,0.25842696629213485,0.3651685393258427,0.47191011235955055,0.4887640449438202,0.008
146,2026-06-22 02:00:00+00:00,24,67,178,13,0.25,17,0.2537313432835821,0.8146067415730337,0.10674157303370786,0.7078651685393258,0.13103448275862067,0.34831460674157305,0.550561797752809,0.7134831460674157,0.6758620689655173,0.44382022471910115,0.10112359550561797,0.12359550561797752,0.12359550561797752,0.0
146,2026-06-22 02:00:00+00:00,24,67,178,13,0.5,34,0.5074626865671642,0.8146067415730337,0.028089887640449437,0.7865168539325843,0.034482758620689655,0.12359550561797752,0.29213483146067415,0.4834269662921346,0.3586206896551724,0.2640449438202247,0.028089887640449437,0.028089887640449437,0.028089887640449437,0.0
147,2026-06-22 03:00:00+00:00,6,51,145,22,0.1,6,0.11764705882352941,0.7655172413793103,0.4068965517241379,0.3586206896551724,0.5315315315315315,0.5586206896551724,0.7034482758620689,0.7517241379310344,0.9189189189189189,0.296551724137931,0.4068965517241379,0.4068965517241379,0.4068965517241379,0.0
147,2026-06-22 03:00:00+00:00,6,51,145,22,0.25,13,0.2549019607843137,0.7655172413793103,0.2413793103448276,0.5241379310344827,0.3153153153153153,0.3793103448275862,0.5793103448275863,0.696551724137931,0.7567567567567568,0.33793103448275863,0.23448275862068965,0.2413793103448276,0.2620689655172414,0.006
147,2026-06-22 03:00:00+00:00,6,51,145,22,0.5,26,0.5098039215686274,0.7655172413793103,0.041379310344827586,0.7241379310344828,0.05405405405405406,0.12344827586206901,0.33793103448275863,0.5379310344827586,0.4414414414414415,0.29655172413793107,0.034482758620689655,0.041379310344827586,0.041379310344827586,0.0
147,2026-06-22 03:00:00+00:00,24,100,267,24,0.1,10,0.1,0.9325842696629213,0.5168539325842697,0.4157303370786516,0.5542168674698796,0.7528089887640449,0.850187265917603,0.9063670411985019,0.9116465863453815,0.33333333333333326,0.5168539325842697,0.5168539325842697,0.5168539325842697,0.012
147,2026-06-22 03:00:00+00:00,24,100,267,24,0.25,25,0.25,0.9325842696629213,0.14606741573033707,0.7865168539325842,0.1566265060240964,0.3595505617977528,0.6928838951310862,0.8089887640449438,0.7429718875502008,0.5468164794007491,0.14606741573033707,0.15730337078651685,0.15730337078651685,0.0
147,2026-06-22 03:00:00+00:00,24,100,267,24,0.5,50,0.5,0.9325842696629213,0.026217228464419477,0.9063670411985019,0.02811244979919679,0.15355805243445692,0.31273408239700373,0.5657303370786516,0.3353413654618474,0.28651685393258425,0.026217228464419477,0.026217228464419477,0.052434456928838954,0.0
148,2026-06-22 04:00:00+00:00,6,56,151,31,0.1,6,0.10714285714285714,0.8344370860927153,0.4370860927152318,0.3973509933774835,0.5238095238095238,0.6622516556291391,0.7880794701986755,0.8211920529801324,0.9444444444444444,0.3509933774834437,0.423841059602649,0.4370860927152318,0.4370860927152318,0.0
148,2026-06-22 04:00:00+00:00,6,56,151,31,0.25,14,0.25,0.8344370860927153,0.17218543046357615,0.6622516556291391,0.20634920634920634,0.48344370860927155,0.6821192052980133,0.7748344370860927,0.8174603174603174,0.5099337748344371,0.17218543046357615,0.2582781456953642,0.26490066225165565,0.0
148,2026-06-22 04:00:00+00:00,6,56,151,31,0.5,28,0.5,0.8344370860927153,0.06622516556291391,0.7682119205298014,0.07936507936507936,0.16556291390728478,0.44370860927152317,0.6357615894039735,0.5317460317460317,0.37748344370860926,0.039735099337748346,0.06622516556291391,0.0728476821192053,0.0
148,2026-06-22 04:00:00+00:00,24,106,276,35,0.1,11,0.10377358490566038,0.9420289855072463,0.34057971014492755,0.6014492753623188,0.3615384615384616,0.7355072463768116,0.8695652173913043,0.9130434782608695,0.9230769230769231,0.5289855072463767,0.34057971014492755,0.34057971014492755,0.34057971014492755,0.0
148,2026-06-22 04:00:00+00:00,24,106,276,35,0.25,27,0.25471698113207547,0.9420289855072463,0.10144927536231885,0.8405797101449275,0.1076923076923077,0.40942028985507245,0.7137681159420289,0.8190217391304346,0.7576923076923077,0.6123188405797101,0.10507246376811594,0.15942028985507245,0.17391304347826086,0.0
148,2026-06-22 04:00:00+00:00,24,106,276,35,0.5,53,0.5,0.9420289855072463,0.025362318840579712,0.9166666666666666,0.026923076923076925,0.17028985507246377,0.3695652173913043,0.5835144927536231,0.3923076923076923,0.3442028985507246,0.025362318840579712,0.025362318840579712,0.025362318840579712,0.0
149,2026-06-22 05:00:00+00:00,6,55,139,31,0.1,6,0.10909090909090909,0.9064748201438849,0.43884892086330934,0.4676258992805756,0.48412698412698413,0.7122302158273381,0.8489208633093526,0.8920863309352518,0.9365079365079365,0.4100719424460432,0.43884892086330934,0.43884892086330934,0.43884892086330934,0.0
149,2026-06-22 05:00:00+00:00,6,55,139,31,0.25,14,0.2545454545454545,0.9064748201438849,0.14388489208633093,0.762589928057554,0.15873015873015872,0.5179856115107914,0.7338129496402878,0.8348920863309349,0.8095238095238095,0.5899280575539568,0.14388489208633093,0.16546762589928057,0.23741007194244604,0.0
149,2026-06-22 05:00:00+00:00,6,55,139,31,0.5,28,0.509090909090909,0.9064748201438849,0.06474820143884892,0.841726618705036,0.07142857142857142,0.1510791366906475,0.48201438848920863,0.6834532374100719,0.5317460317460317,0.4172661870503597,0.04316546762589928,0.06474820143884892,0.07913669064748201,0.0
149,2026-06-22 05:00:00+00:00,24,106,276,35,0.1,11,0.10377358490566038,0.9420289855072463,0.34057971014492755,0.6014492753623188,0.3615384615384616,0.7240942028985508,0.8659420289855072,0.9130434782608695,0.9192307692307692,0.5253623188405796,0.34057971014492755,0.34057971014492755,0.34057971014492755,0.0
149,2026-06-22 05:00:00+00:00,24,106,276,35,0.25,27,0.25471698113207547,0.9420289855072463,0.10144927536231885,0.8405797101449275,0.1076923076923077,0.40942028985507245,0.717391304347826,0.8297101449275363,0.7615384615384615,0.6159420289855072,0.10507246376811594,0.15579710144927536,0.17391304347826086,0.0
149,2026-06-22 05:00:00+00:00,24,106,276,35,0.5,53,0.5,0.9420289855072463,0.025362318840579712,0.9166666666666666,0.026923076923076925,0.17753623188405798,0.36231884057971014,0.5905797101449275,0.38461538461538464,0.33695652173913043,0.025362318840579712,0.025362318840579712,0.025362318840579712,0.0
150,2026-06-22 06:00:00+00:00,6,50,129,31,0.1,5,0.1,0.9302325581395349,0.4806201550387597,0.44961240310077516,0.5166666666666667,0.7364341085271318,0.875968992248062,0.9147286821705426,0.9416666666666667,0.3953488372093023,0.4573643410852713,0.4806201550387597,0.4806201550387597,0.0
150,2026-06-22 06:00:00+00:00,6,50,129,31,0.25,13,0.26,0.9302325581395349,0.13178294573643412,0.7984496124031008,0.1416666666666667,0.4883720930232558,0.7441860465116279,0.8527131782945736,0.8,0.6124031007751938,0.11627906976744186,0.13178294573643412,0.13178294573643412,0.0
150,2026-06-22 06:00:00+00:00,6,50,129,31,0.5,25,0.5,0.9302325581395349,0.06201550387596899,0.8682170542635659,0.06666666666666667,0.13953488372093023,0.4418604651162791,0.7054263565891473,0.47500000000000003,0.3798449612403101,0.03875968992248062,0.06201550387596899,0.06976744186046512,0.0
150,2026-06-22 06:00:00+00:00,24,105,274,35,0.1,11,0.10476190476190476,0.9343065693430657,0.34306569343065696,0.5912408759124087,0.36718750000000006,0.7478102189781023,0.8613138686131386,0.9051094890510949,0.921875,0.5182481751824817,0.34306569343065696,0.34306569343065696,0.34306569343065696,0.0
150,2026-06-22 06:00:00+00:00,24,105,274,35,0.25,27,0.2571428571428571,0.9343065693430657,0.10218978102189781,0.8321167883211679,0.109375,0.3976277372262774,0.7135036496350364,0.8175182481751825,0.763671875,0.6113138686131386,0.10583941605839416,0.16058394160583941,0.17518248175182483,0.0
150,2026-06-22 06:00:00+00:00,24,105,274,35,0.5,53,0.5047619047619047,0.9343065693430657,0.025547445255474453,0.9087591240875912,0.02734375,0.17135036496350367,0.3667883211678832,0.6131386861313869,0.392578125,0.3412408759124087,0.025547445255474453,0.025547445255474453,0.025547445255474453,0.0
151,2026-06-22 07:00:00+00:00,6,44,128,37,0.1,5,0.11363636363636363,0.9453125,0.1875,0.7578125,0.19834710743801653,0.7265625,0.8828125,0.9296875,0.9338842975206612,0.6953125,0.1875,0.1875,0.1875,0.0
151,2026-06-22 07:00:00+00:00,6,44,128,37,0.25,11,0.25,0.9453125,0.0859375,0.859375,0.09090909090909091,0.476171875,0.78125,0.875,0.8264462809917356,0.6953125,0.0859375,0.0859375,0.1328125,0.0
151,2026-06-22 07:00:00+00:00,6,44,128,37,0.5,22,0.5,0.9453125,0.0625,0.8828125,0.06611570247933884,0.125,0.5,0.7269531249999996,0.5289256198347108,0.4375,0.0390625,0.0625,0.0703125,0.006
151,2026-06-22 07:00:00+00:00,24,102,281,41,0.1,11,0.10784313725490197,0.9430604982206405,0.4697508896797153,0.47330960854092524,0.4981132075471698,0.7615658362989324,0.8754448398576512,0.9110320284697508,0.9283018867924528,0.4056939501779359,0.4697508896797153,0.4697508896797153,0.4697508896797153,0.002
151,2026-06-22 07:00:00+00:00,24,102,281,41,0.25,26,0.2549019607843137,0.9430604982206405,0.1494661921708185,0.7935943060498221,0.15849056603773584,0.44822064056939503,0.7330960854092526,0.8291814946619217,0.7773584905660378,0.5836298932384342,0.09590747330960854,0.14590747330960854,0.15302491103202848,0.0
151,2026-06-22 07:00:00+00:00,24,102,281,41,0.5,51,0.5,0.9430604982206405,0.02491103202846975,0.9181494661921707,0.026415094339622643,0.1708185053380783,0.398576512455516,0.6192170818505338,0.4226415094339623,0.3736654804270463,0.02491103202846975,0.02491103202846975,0.02491103202846975,0.0
152,2026-06-22 08:00:00+00:00,6,44,128,36,0.1,5,0.11363636363636363,0.9453125,0.21875,0.7265625,0.23140495867768596,0.7109375,0.890625,0.9296875,0.9421487603305785,0.671875,0.21875,0.21875,0.21875,0.0
152,2026-06-22 08:00:00+00:00,6,44,128,36,0.25,11,0.25,0.9453125,0.0859375,0.859375,0.09090909090909091,0.483984375,0.7734375,0.875,0.8181818181818182,0.6875,0.0859375,0.0859375,0.1015625,0.0
152,2026-06-22 08:00:00+00:00,6,44,128,36,0.5,22,0.5,0.9453125,0.0625,0.8828125,0.06611570247933884,0.13242187500000002,0.515625,0.71875,0.5454545454545454,0.453125,0.0390625,0.0625,0.0703125,0.002
152,2026-06-22 08:00:00+00:00,24,100,279,41,0.1,10,0.1,0.942652329749104,0.4874551971326165,0.4551971326164875,0.5171102661596958,0.7775985663082438,0.8817204301075269,0.9177419354838708,0.935361216730038,0.3942652329749104,0.4874551971326165,0.4874551971326165,0.4874551971326165,0.002
152,2026-06-22 08:00:00+00:00,24,100,279,41,0.25,25,0.25,0.942652329749104,0.14695340501792115,0.7956989247311828,0.155893536121673,0.45878136200716846,0.7419354838709677,0.8281362007168458,0.7870722433460076,0.5949820788530467,0.0931899641577061,0.15053763440860216,0.15053763440860216,0.0
152,2026-06-22 08:00:00+00:00,24,100,279,41,0.5,50,0.5,0.942652329749104,0.025089605734767026,0.9175627240143369,0.02661596958174905,0.17921146953405018,0.4014336917562724,0.6130824372759855,0.4258555133079848,0.3763440860215054,0.021505376344086023,0.025089605734767026,0.025089605734767026,0.0
153,2026-06-22 09:00:00+00:00,6,35,126,34,0.1,4,0.11428571428571428,0.9444444444444444,0.21428571428571427,0.7301587301587301,0.226890756302521,0.7222222222222222,0.8809523809523809,0.9285714285714286,0.9327731092436975,0.6666666666666666,0.21428571428571427,0.21428571428571427,0.21428571428571427,0.0
153,2026-06-22 09:00:00+00:00,6,35,126,34,0.25,9,0.2571428571428571,0.9444444444444444,0.06349206349206349,0.8809523809523809,0.06722689075630252,0.5079365079365079,0.7380952380952381,0.873015873015873,0.7815126050420169,0.6746031746031746,0.06349206349206349,0.07936507936507936,0.07936507936507936,0.0
153,2026-06-22 09:00:00+00:00,6,35,126,34,0.5,18,0.5142857142857142,0.9444444444444444,0.047619047619047616,0.8968253968253967,0.05042016806722689,0.14285714285714285,0.4801587301587301,0.7226190476190473,0.5084033613445378,0.4325396825396825,0.047619047619047616,0.047619047619047616,0.06349206349206349,0.008
153,2026-06-22 09:00:00+00:00,24,118,340,56,0.1,12,0.1016949152542373,0.9441176470588235,0.4176470588235294,0.526470588235294,0.44236760124610597,0.7289705882352941,0.8794117647058823,0.9205882352941176,0.9314641744548287,0.4617647058823529,0.4176470588235294,0.4176470588235294,0.4176470588235294,0.0
153,2026-06-22 09:00:00+00:00,24,118,340,56,0.25,30,0.2542372881355932,0.9441176470588235,0.07352941176470588,0.8705882352941177,0.07788161993769471,0.5411764705882353,0.7352941176470589,0.8352941176470589,0.7788161993769471,0.661764705882353,0.06470588235294118,0.08823529411764706,0.15294117647058825,0.0
153,2026-06-22 09:00:00+00:00,24,118,340,56,0.5,59,0.5,0.9441176470588235,0.01764705882352941,0.926470588235294,0.018691588785046728,0.1998529411764706,0.4514705882352941,0.6235294117647059,0.4781931464174455,0.4338235294117647,0.01764705882352941,0.01764705882352941,0.023529411764705882,0.0
154,2026-06-22 10:00:00+00:00,6,32,110,27,0.1,4,0.125,0.9272727272727272,0.23636363636363636,0.6909090909090909,0.2549019607843137,0.6454545454545455,0.8545454545454545,0.9090909090909091,0.9215686274509803,0.6181818181818182,0.23636363636363636,0.23636363636363636,0.23636363636363636,0.002
154,2026-06-22 10:00:00+00:00,6,32,110,27,0.25,8,0.25,0.9272727272727272,0.05454545454545454,0.8727272727272727,0.058823529411764705,0.4636363636363636,0.7181818181818181,0.8640909090909087,0.7745098039215687,0.6636363636363636,0.05454545454545454,0.05454545454545454,0.05454545454545454,0.0
154,2026-06-22 10:00:00+00:00,6,32,110,27,0.5,16,0.5,0.9272727272727272,0.05454545454545454,0.8727272727272727,0.058823529411764705,0.12727272727272726,0.4909090909090909,0.7181818181818181,0.5294117647058824,0.43636363636363634,0.05454545454545454,0.05454545454545454,0.05454545454545454,0.004
154,2026-06-22 10:00:00+00:00,24,118,336,56,0.1,12,0.1016949152542373,0.9553571428571429,0.4255952380952381,0.5297619047619049,0.44548286604361365,0.7468750000000001,0.8839285714285714,0.9315476190476191,0.925233644859813,0.4583333333333333,0.4255952380952381,0.4255952380952381,0.4255952380952381,0.0
154,2026-06-22 10:00:00+00:00,24,118,336,56,0.25,30,0.2542372881355932,0.9553571428571429,0.0744047619047619,0.880952380952381,0.0778816199376947,0.5444940476190476,0.7321428571428571,0.8482142857142857,0.7663551401869158,0.6577380952380952,0.0625,0.08035714285714286,0.15178571428571427,0.0
154,2026-06-22 10:00:00+00:00,24,118,336,56,0.5,59,0.5,0.9553571428571429,0.017857142857142856,0.9375,0.018691588785046728,0.21413690476190475,0.45535714285714285,0.6491071428571427,0.47663551401869153,0.4375,0.017857142857142856,0.017857142857142856,0.017857142857142856,0.0
155,2026-06-22 11:00:00+00:00,6,32,110,27,0.1,4,0.125,0.9272727272727272,0.23636363636363636,0.6909090909090909,0.2549019607843137,0.6722727272727274,0.8545454545454545,0.9090909090909091,0.9215686274509803,0.6181818181818182,0.23636363636363636,0.23636363636363636,0.23636363636363636,0.0
155,2026-06-22 11:00:00+00:00,6,32,110,27,0.25,8,0.25,0.9272727272727272,0.05454545454545454,0.8727272727272727,0.058823529411764705,0.4636363636363636,0.7181818181818181,0.8727272727272727,0.7745098039215687,0.6636363636363636,0.05454545454545454,0.05454545454545454,0.05454545454545454,0.0
155,2026-06-22 11:00:00+00:00,6,32,110,27,0.5,16,0.5,0.9272727272727272,0.05454545454545454,0.8727272727272727,0.058823529411764705,0.12727272727272726,0.4590909090909091,0.7,0.4950980392156863,0.40454545454545454,0.05454545454545454,0.05454545454545454,0.05454545454545454,0.004
155,2026-06-22 11:00:00+00:00,24,114,328,56,0.1,12,0.10526315789473684,0.9420731707317073,0.39939024390243905,0.5426829268292682,0.423948220064725,0.725609756097561,0.875,0.9176829268292683,0.9288025889967638,0.47560975609756095,0.39939024390243905,0.39939024390243905,0.39939024390243905,0.0
155,2026-06-22 11:00:00+00:00,24,114,328,56,0.25,29,0.2543859649122807,0.9420731707317073,0.07621951219512195,0.8658536585365854,0.08090614886731391,0.5182926829268293,0.7103658536585366,0.8384146341463414,0.7540453074433657,0.6341463414634146,0.06402439024390244,0.09146341463414634,0.15853658536585366,0.0
155,2026-06-22 11:00:00+00:00,24,114,328,56,0.5,57,0.5,0.9420731707317073,0.018292682926829267,0.923780487804878,0.019417475728155338,0.19192073170731708,0.43140243902439024,0.6067073170731707,0.45792880258899676,0.41310975609756095,0.018292682926829267,0.018292682926829267,0.018292682926829267,0.0
156,2026-06-22 12:00:00+00:00,6,32,110,27,0.1,4,0.125,0.9272727272727272,0.23636363636363636,0.6909090909090909,0.2549019607843137,0.6631818181818182,0.8454545454545455,0.9090909090909091,0.9117647058823529,0.6090909090909091,0.23636363636363636,0.23636363636363636,0.23636363636363636,0.002
156,2026-06-22 12:00:00+00:00,6,32,110,27,0.25,8,0.25,0.9272727272727272,0.05454545454545454,0.8727272727272727,0.058823529411764705,0.4909090909090909,0.7090909090909091,0.8636363636363636,0.7647058823529412,0.6545454545454545,0.05454545454545454,0.05454545454545454,0.05454545454545454,0.0
156,2026-06-22 12:00:00+00:00,6,32,110,27,0.5,16,0.5,0.9272727272727272,0.05454545454545454,0.8727272727272727,0.058823529411764705,0.12727272727272726,0.4727272727272727,0.7090909090909091,0.5098039215686274,0.41818181818181815,0.05454545454545454,0.05454545454545454,0.05454545454545454,0.0
156,2026-06-22 12:00:00+00:00,24,112,322,55,0.1,12,0.10714285714285714,0.9472049689440993,0.39751552795031053,0.5496894409937888,0.419672131147541,0.7298136645962733,0.8757763975155279,0.922360248447205,0.9245901639344263,0.4782608695652174,0.39751552795031053,0.39751552795031053,0.39751552795031053,0.0
156,2026-06-22 12:00:00+00:00,24,112,322,55,0.25,28,0.25,0.9472049689440993,0.07763975155279502,0.8695652173913043,0.08196721311475409,0.5403726708074534,0.7204968944099379,0.84472049689441,0.7606557377049181,0.6428571428571429,0.055900621118012424,0.09006211180124224,0.15838509316770186,0.0
156,2026-06-22 12:00:00+00:00,24,112,322,55,0.5,56,0.5,0.9472049689440993,0.018633540372670808,0.9285714285714285,0.019672131147540985,0.21677018633540376,0.4472049689440994,0.6211180124223602,0.4721311475409836,0.4285714285714286,0.018633540372670808,0.018633540372670808,0.018633540372670808,0.0
157,2026-06-22 13:00:00+00:00,6,32,97,27,0.1,4,0.125,0.8865979381443299,0.10309278350515463,0.7835051546391752,0.11627906976744186,0.5670103092783505,0.8144329896907216,0.865979381443299,0.9186046511627908,0.711340206185567,0.10309278350515463,0.10309278350515463,0.10309278350515463,0.0
157,2026-06-22 13:00:00+00:00,6,32,97,27,0.25,8,0.25,0.8865979381443299,0.061855670103092786,0.8247422680412371,0.06976744186046512,0.3809278350515464,0.6804123711340206,0.8247422680412371,0.7674418604651163,0.6185567010309279,0.061855670103092786,0.061855670103092786,0.061855670103092786,0.0
157,2026-06-22 13:00:00+00:00,6,32,97,27,0.5,16,0.5,0.8865979381443299,0.061855670103092786,0.8247422680412371,0.06976744186046512,0.08247422680412371,0.41237113402061853,0.6804123711340206,0.46511627906976744,0.35051546391752575,0.041237113402061855,0.061855670103092786,0.061855670103092786,0.02
157,2026-06-22 13:00:00+00:00,24,110,318,54,0.1,11,0.1,0.949685534591195,0.41823899371069184,0.5314465408805031,0.4403973509933775,0.7358490566037735,0.8867924528301887,0.9276729559748428,0.9337748344370861,0.46855345911949686,0.41823899371069184,0.41823899371069184,0.41823899371069184,0.0
157,2026-06-22 13:00:00+00:00,24,110,318,54,0.25,28,0.2545454545454545,0.949685534591195,0.07861635220125786,0.8710691823899371,0.08278145695364238,0.5028301886792453,0.7169811320754716,0.8427672955974843,0.7549668874172185,0.6383647798742138,0.05660377358490566,0.08490566037735849,0.1509433962264151,0.0
157,2026-06-22 13:00:00+00:00,24,110,318,54,0.5,55,0.5,0.949685534591195,0.018867924528301886,0.9308176100628931,0.01986754966887417,0.2169811320754717,0.44654088050314467,0.616509433962264,0.47019867549668876,0.4276729559748428,0.018867924528301886,0.018867924528301886,0.018867924528301886,0.0
158,2026-06-22 14:00:00+00:00,6,32,96,27,0.1,4,0.125,0.8854166666666666,0.10416666666666667,0.78125,0.11764705882352942,0.5520833333333334,0.8125,0.875,0.9176470588235295,0.7083333333333334,0.10416666666666667,0.10416666666666667,0.10416666666666667,0.0
158,2026-06-22 14:00:00+00:00,6,32,96,27,0.25,8,0.25,0.8854166666666666,0.0625,0.8229166666666666,0.07058823529411765,0.3328125,0.6770833333333334,0.8229166666666666,0.7647058823529412,0.6145833333333334,0.0625,0.0625,0.0625,0.0
158,2026-06-22 14:00:00+00:00,6,32,96,27,0.5,16,0.5,0.8854166666666666,0.0625,0.8229166666666666,0.07058823529411765,0.07291666666666667,0.40625,0.6875,0.45882352941176474,0.34375,0.041666666666666664,0.0625,0.0625,0.044
158,2026-06-22 14:00:00+00:00,24,106,308,54,0.1,11,0.10377358490566038,0.9383116883116883,0.4025974025974026,0.5357142857142857,0.4290657439446367,0.7043831168831169,0.8733766233766234,0.9155844155844156,0.930795847750865,0.47077922077922074,0.4025974025974026,0.4025974025974026,0.4025974025974026,0.0
158,2026-06-22 14:00:00+00:00,24,106,308,54,0.25,27,0.25471698113207547,0.9383116883116883,0.08116883116883117,0.8571428571428572,0.08650519031141868,0.5,0.7077922077922078,0.8409090909090909,0.7543252595155708,0.6266233766233766,0.05844155844155844,0.09090909090909091,0.1590909090909091,0.0
158,2026-06-22 14:00:00+00:00,24,106,308,54,0.5,53,0.5,0.9383116883116883,0.01948051948051948,0.9188311688311689,0.020761245674740483,0.20454545454545456,0.44155844155844154,0.6233766233766234,0.47058823529411764,0.42207792207792205,0.01948051948051948,0.01948051948051948,0.01948051948051948,0.0
159,2026-06-22 15:00:00+00:00,24,103,301,54,0.1,11,0.10679611650485436,0.9501661129568106,0.40863787375415284,0.5415282392026578,0.4300699300699301,0.7406976744186047,0.8820598006644518,0.9270764119601327,0.9283216783216782,0.47342192691029894,0.40863787375415284,0.40863787375415284,0.40863787375415284,0.0
159,2026-06-22 15:00:00+00:00,24,103,301,54,0.25,26,0.2524271844660194,0.9501661129568106,0.08305647840531562,0.867109634551495,0.08741258741258741,0.5481727574750831,0.7192691029900332,0.8438538205980066,0.756993006993007,0.6362126245847176,0.059800664451827246,0.09302325581395349,0.16279069767441862,0.0
159,2026-06-22 15:00:00+00:00,24,103,301,54,0.5,52,0.5048543689320388,0.9501661129568106,0.019933554817275746,0.9302325581395349,0.020979020979020976,0.19601328903654486,0.45182724252491696,0.6212624584717608,0.4755244755244755,0.4318936877076412,0.019933554817275746,0.019933554817275746,0.019933554817275746,0.0
160,2026-06-22 16:00:00+00:00,24,101,294,54,0.1,11,0.10891089108910891,0.9625850340136054,0.3877551020408163,0.5748299319727891,0.4028268551236749,0.741326530612245,0.891156462585034,0.9387755102040817,0.9257950530035336,0.5034013605442177,0.3877551020408163,0.3877551020408163,0.3877551020408163,0.0
160,2026-06-22 16:00:00+00:00,24,101,294,54,0.25,26,0.25742574257425743,0.9625850340136054,0.08503401360544217,0.8775510204081632,0.08833922261484099,0.5612244897959183,0.7346938775510204,0.8571428571428571,0.7632508833922262,0.6496598639455783,0.061224489795918366,0.09183673469387756,0.1634353741496597,0.0
160,2026-06-22 16:00:00+00:00,24,101,294,54,0.5,51,0.504950495049505,0.9625850340136054,0.02040816326530612,0.9421768707482993,0.021201413427561835,0.23469387755102042,0.47278911564625853,0.6328231292517006,0.49116607773851595,0.4523809523809524,0.02040816326530612,0.02040816326530612,0.02040816326530612,0.0
161,2026-06-22 17:00:00+00:00,24,101,293,54,0.1,11,0.10891089108910891,0.962457337883959,0.3174061433447099,0.6450511945392492,0.3297872340425532,0.6723549488054608,0.8737201365187713,0.9385665529010239,0.9078014184397163,0.5563139931740615,0.3174061433447099,0.3174061433447099,0.3174061433447099,0.0
161,2026-06-22 17:00:00+00:00,24,101,293,54,0.25,26,0.25742574257425743,0.962457337883959,0.08532423208191127,0.8771331058020477,0.08865248226950355,0.49829351535836175,0.6860068259385665,0.8600682593856656,0.7127659574468085,0.6006825938566552,0.07116040955631402,0.09215017064846416,0.16723549488054607,0.0
161,2026-06-22 17:00:00+00:00,24,101,293,54,0.5,51,0.504950495049505,0.962457337883959,0.020477815699658702,0.9419795221843004,0.02127659574468085,0.18771331058020477,0.45733788395904434,0.6179180887372012,0.47517730496453897,0.4368600682593856,0.017064846416382253,0.020477815699658702,0.020477815699658702,0.0
162,2026-06-22 18:00:00+00:00,24,99,285,54,0.1,10,0.10101010101010101,0.7789473684210526,0.3263157894736842,0.4526315789473684,0.41891891891891897,0.6350877192982456,0.7368421052631579,0.7684210526315789,0.9459459459459459,0.41052631578947363,0.3263157894736842,0.3263157894736842,0.3263157894736842,0.0
162,2026-06-22 18:00:00+00:00,24,99,285,54,0.25,25,0.25252525252525254,0.7789473684210526,0.09473684210526316,0.6842105263157895,0.12162162162162163,0.48771929824561405,0.6473684210526316,0.7192982456140351,0.8310810810810811,0.5526315789473685,0.07368421052631578,0.10526315789473684,0.1824561403508772,0.0
162,2026-06-22 18:00:00+00:00,24,99,285,54,0.5,50,0.5050505050505051,0.7789473684210526,0.021052631578947368,0.7578947368421053,0.02702702702702703,0.19245614035087721,0.43859649122807015,0.5964912280701754,0.5630630630630631,0.4175438596491228,0.021052631578947368,0.021052631578947368,0.021052631578947368,0.0
163,2026-06-22 19:00:00+00:00,24,95,276,52,0.1,10,0.10526315789473684,0.7934782608695652,0.33695652173913043,0.45652173913043476,0.4246575342465754,0.6556159420289855,0.75,0.7789855072463768,0.9452054794520548,0.41304347826086957,0.33695652173913043,0.33695652173913043,0.33695652173913043,0.0
163,2026-06-22 19:00:00+00:00,24,95,276,52,0.25,24,0.25263157894736843,0.7934782608695652,0.09057971014492754,0.7028985507246377,0.11415525114155252,0.5106884057971015,0.6521739130434783,0.7355072463768116,0.8219178082191781,0.5615942028985508,0.06521739130434782,0.10869565217391304,0.18478260869565216,0.0
163,2026-06-22 19:00:00+00:00,24,95,276,52,0.5,48,0.5052631578947369,0.7934782608695652,0.021739130434782608,0.7717391304347826,0.027397260273972605,0.18822463768115943,0.4492753623188406,0.6054347826086953,0.5662100456621004,0.427536231884058,0.021739130434782608,0.021739130434782608,0.021739130434782608,0.0
164,2026-06-22 20:00:00+00:00,24,88,257,52,0.1,9,0.10227272727272728,0.8210116731517509,0.36186770428015563,0.4591439688715953,0.44075829383886256,0.6731517509727627,0.7782101167315175,0.8093385214007782,0.9478672985781991,0.4163424124513619,0.36186770428015563,0.36186770428015563,0.36186770428015563,0.0
164,2026-06-22 20:00:00+00:00,24,88,257,52,0.25,22,0.25,0.8210116731517509,0.08560311284046693,0.735408560311284,0.1042654028436019,0.5330739299610895,0.6731517509727627,0.7626459143968871,0.8199052132701423,0.5875486381322957,0.07003891050583658,0.07003891050583658,0.12840466926070038,0.0
164,2026-06-22 20:00:00+00:00,24,88,257,52,0.5,44,0.5,0.8210116731517509,0.023346303501945526,0.7976653696498054,0.028436018957345974,0.245136186770428,0.4785992217898833,0.642023346303502,0.5829383886255924,0.4552529182879378,0.019455252918287938,0.023346303501945526,0.023346303501945526,0.0
165,2026-06-22 21:00:00+00:00,24,83,247,52,0.1,9,0.10843373493975904,0.8502024291497976,0.3765182186234818,0.4736842105263158,0.44285714285714284,0.6880566801619433,0.8016194331983806,0.8340080971659919,0.9428571428571428,0.4251012145748988,0.3765182186234818,0.3765182186234818,0.3765182186234818,0.0
165,2026-06-22 21:00:00+00:00,24,83,247,52,0.25,21,0.25301204819277107,0.8502024291497976,0.08906882591093117,0.7611336032388665,0.10476190476190475,0.5587044534412956,0.7044534412955465,0.7854251012145749,0.8285714285714285,0.6153846153846154,0.0728744939271255,0.08906882591093117,0.14979757085020243,0.0
165,2026-06-22 21:00:00+00:00,24,83,247,52,0.5,42,0.5060240963855421,0.8502024291497976,0.024291497975708502,0.8259109311740891,0.02857142857142857,0.2550607287449393,0.4898785425101215,0.6479757085020241,0.5761904761904761,0.46558704453441296,0.024291497975708502,0.024291497975708502,0.024291497975708502,0.0
166,2026-06-22 22:00:00+00:00,24,81,237,52,0.1,9,0.1111111111111111,0.8818565400843882,0.3333333333333333,0.5485232067510548,0.37799043062200954,0.7046413502109705,0.8354430379746836,0.8649789029535865,0.9473684210526316,0.5021097046413503,0.3333333333333333,0.3333333333333333,0.3333333333333333,0.0
166,2026-06-22 22:00:00+00:00,24,81,237,52,0.25,21,0.25925925925925924,0.8818565400843882,0.09282700421940929,0.7890295358649789,0.10526315789473685,0.5232067510548524,0.7215189873417721,0.810126582278481,0.8181818181818181,0.6286919831223629,0.0759493670886076,0.08860759493670886,0.1350210970464135,0.0
166,2026-06-22 22:00:00+00:00,24,81,237,52,0.5,41,0.5061728395061729,0.8818565400843882,0.04219409282700422,0.8396624472573839,0.04784688995215311,0.2320675105485232,0.4978902953586498,0.6708860759493671,0.5645933014354068,0.4556962025316456,0.02531645569620253,0.04219409282700422,0.046413502109704644,0.0
167,2026-06-22 23:00:00+00:00,24,80,225,52,0.1,8,0.1,0.9288888888888889,0.3511111111111111,0.5777777777777777,0.37799043062200954,0.7644444444444445,0.8844444444444445,0.9155555555555556,0.952153110047847,0.5333333333333334,0.3511111111111111,0.3511111111111111,0.3511111111111111,0.0
167,2026-06-22 23:00:00+00:00,24,80,225,52,0.25,20,0.25,0.9288888888888889,0.08,0.8488888888888889,0.0861244019138756,0.622,0.7688888888888888,0.8622222222222222,0.8277511961722488,0.6888888888888889,0.08,0.08,0.08,0.0
167,2026-06-22 23:00:00+00:00,24,80,225,52,0.5,40,0.5,0.9288888888888889,0.04,0.8888888888888888,0.0430622009569378,0.24,0.5422222222222223,0.72,0.583732057416268,0.5022222222222222,0.02666666666666667,0.044444444444444446,0.04888888888888889,0.0
168,2026-06-23 00:00:00+00:00,24,75,215,52,0.1,8,0.10666666666666667,0.9441860465116279,0.3488372093023256,0.5953488372093023,0.3694581280788178,0.772093023255814,0.8930232558139535,0.9255813953488372,0.9458128078817735,0.5441860465116279,0.3488372093023256,0.3488372093023256,0.3488372093023256,0.0
168,2026-06-23 00:00:00+00:00,24,75,215,52,0.25,19,0.25333333333333335,0.9441860465116279,0.06511627906976744,0.8790697674418604,0.06896551724137931,0.6,0.7744186046511627,0.8790697674418605,0.8201970443349754,0.7093023255813953,0.06511627906976744,0.08372093023255814,0.09302325581395349,0.0
168,2026-06-23 00:00:00+00:00,24,75,215,52,0.5,38,0.5066666666666667,0.9441860465116279,0.03255813953488372,0.9116279069767441,0.034482758620689655,0.1858139534883721,0.5348837209302325,0.7209302325581395,0.5665024630541872,0.5023255813953488,0.023255813953488372,0.037209302325581395,0.04186046511627907,0.0
